order_id,customer_id,order_date,last_updated,category,quantity,unit_price,discount_pct,customer_email,customer_phone,region
ORD-102253,CUST-256,2026-08-29 23:53:29.146027,2026-08-31 02:53:29.146027,Electronics,3,105.0,0.26,,555-923-8230,North
ORD-100172,CUST-548,2026-06-13 23:53:29.146027,2026-06-14 03:53:29.146027,Groceries,1,252.12,0.086,user147@example.com,555-837-8621,North
ORD-101338,CUST-1103,2026-01-27 23:53:29.146027,2026-01-29 00:53:29.146027,Home & Garden,2,10.8,0.203,user103@example.com,555-707-3296,North
ORD-103439,CUST-1132,2026-03-27 23:53:29.146027,2026-03-27 23:53:29.146027,Apparel,8,325.64,0.034,user454@example.com,555-415-9676,North
ORD-100213,CUST-987,2026-06-15 23:53:29.146027,2026-06-17 11:53:29.146027,Electronics,7,158.71,0.052,user164@example.com,555-301-4099,North
ORD-100860,CUST-613,2026-09-15 23:53:29.146027,2026-09-16 16:53:29.146027,Sports,6,215.91,0.251,user497@example.com,555-425-3778,North
ORD-100473,CUST-759,2026-07-01 23:53:29.146027,2026-07-03 18:53:29.146027,Electronics,6,378.02,0.236,user1100@example.com,555-665-5661,North
ORD-102713,CUST-439,2026-02-09 23:53:29.146027,2026-02-10 00:53:29.146027,Apparel,8,7.83,0.006,user1052@example.com,555-142-9090,West
ORD-104458,CUST-712,2026-06-14 23:53:29.146027,2026-06-16 06:53:29.146027,Groceries,9,412.29,0.231,user500@example.com,555-425-1460,West
ORD-101193,CUST-385,2026-01-12 23:53:29.146027,2026-01-13 13:53:29.146027,Electronics,4,109.81,0.226,user223@example.com,555-571-6362,East
ORD-104561,CUST-971,2026-03-18 23:53:29.146027,2026-03-20 12:53:29.146027,Sports,4,187.26,0.105,user977@example.com,555-751-4816,East
ORD-100078,CUST-1151,2026-07-05 23:53:29.146027,2026-07-07 09:53:29.146027,Apparel,9,247.32,0.087,user573@example.com,555-172-8002,West
ORD-102310,CUST-106,2026-05-06 23:53:29.146027,2026-05-08 12:53:29.146027,Groceries,1,169.46,0.092,user178@example.com,555-956-8124,South
ORD-103955,CUST-559,2026-03-24 23:53:29.146027,2026-03-25 08:53:29.146027,Sports,4,422.58,0.097,user207@example.com,555-976-6805,North
ORD-103773,CUST-174,2026-03-24 23:53:29.146027,2026-03-25 13:53:29.146027,Sports,1,353.48,0.195,user84@example.com,555-300-6110,North
ORD-103567,CUST-140,2026-03-31 23:53:29.146027,2026-04-01 10:53:29.146027,Home & Garden,4,176.21,0.046,user1012@example.com,555-266-7799,North
ORD-102978,CUST-270,2026-01-22 23:53:29.146027,2026-01-24 09:53:29.146027,Groceries,5,144.15,0.183,user325@example.com,555-965-7949,South
ORD-103723,CUST-198,2026-09-18 23:53:29.146027,2026-09-19 14:53:29.146027,Home & Garden,9,172.72,0.032,user1025@example.com,555-718-8620,South
ORD-103564,CUST-1068,2026-07-14 23:53:29.146027,2026-07-16 03:53:29.146027,Sports,5,190.92,0.134,user1096@example.com,555-109-2185,West
ORD-102595,CUST-293,2026-08-09 23:53:29.146027,2026-08-11 02:53:29.146027,Sports,6,20922.0,0.018,user495@example.com,555-890-9148,West
ORD-103965,CUST-50,2026-08-07 23:53:29.146027,2026-08-08 20:53:29.146027,Toys,4,137.16,0.284,user493@example.com,555-550-9264,West
ORD-102379,CUST-248,2026-10-01 23:53:29.146027,2026-10-03 21:53:29.146027,Sports,8,143.09,0.133,user831@example.com,555-199-2867,North
ORD-103630,CUST-486,2026-06-15 23:53:29.146027,2026-06-17 16:53:29.146027,Apparel,3,267.17,0.005,user284@example.com,555-556-6003,West
ORD-104832,CUST-1173,2026-02-02 23:53:29.146027,2026-02-03 12:53:29.146027,Apparel,8,176.36,0.239,user971@example.com,555-328-3778,North
ORD-101677,CUST-648,2026-03-28 23:53:29.146027,2026-03-29 07:53:29.146027,Toys,1,478.51,0.065,user471@example.com,555-944-1529,West
ORD-100665,CUST-159,2026-07-28 23:53:29.146027,2026-07-30 04:53:29.146027,Apparel,8,41.03,0.238,user130@example.com,555-839-8985,North
ORD-104485,CUST-300,2026-07-06 23:53:29.146027,2026-07-07 10:53:29.146027,Sports,8,40.14,0.167,user493@example.com,555-372-9790,East
ORD-102536,CUST-720,2026-04-28 23:53:29.146027,2026-04-30 09:53:29.146027,Sports,4,487.53,0.092,user303@example.com,555-314-5022,East
ORD-103413,CUST-779,2026-08-21 23:53:29.146027,2026-08-22 16:53:29.146027,Groceries,8,306.05,0.114,user929@example.com,555-990-4118,West
ORD-103501,CUST-140,2026-09-03 23:53:29.146027,2026-09-05 20:53:29.146027,Toys,3,491.12,0.198,user187@example.com,555-196-4710,South
ORD-104580,CUST-288,2026-05-08 23:53:29.146027,2026-05-10 08:53:29.146027,Electronics,9,137.96,0.04,user1158@example.com,555-657-3402,South
ORD-100275,CUST-996,2026-05-26 23:53:29.146027,2026-05-28 22:53:29.146027,Toys,5,172.14,0.181,user59@example.com,555-425-4818,West
ORD-103933,CUST-667,2026-04-19 23:53:29.146027,2026-04-20 13:53:29.146027,Apparel,5,90.85,0.043,user764@example.com,555-784-3759,East
ORD-100161,CUST-1037,2026-02-27 23:53:29.146027,2026-02-28 21:53:29.146027,Home & Garden,2,126.14,0.232,user860@example.com,555-466-4474,South
ORD-101310,CUST-8,2026-01-21 23:53:29.146027,2026-01-22 06:53:29.146027,Toys,8,136.1,0.142,user1121@example.com,555-751-6817,North
ORD-103810,CUST-657,2026-05-05 23:53:29.146027,2026-05-06 11:53:29.146027,Home & Garden,6,395.34,0.084,user177@example.com,555-303-9462,North
ORD-103441,CUST-859,2026-03-19 23:53:29.146027,2026-03-21 20:53:29.146027,Toys,1,311.6,0.209,user1073@example.com,555-105-5310,East
ORD-104243,CUST-193,2026-05-13 23:53:29.146027,2026-05-14 13:53:29.146027,Toys,6,328.94,0.297,,555-420-7090,East
ORD-104961,CUST-112,2026-07-20 23:53:29.146027,2026-07-22 04:53:29.146027,Toys,-8,382.3,0.145,user679@example.com,555-724-4443,West
ORD-100664,CUST-673,2026-09-14 23:53:29.146027,2026-09-15 17:53:29.146027,Groceries,3,263.28,0.085,user41@example.com,555-457-4733,West
ORD-104274,CUST-734,2026-02-16 23:53:29.146027,2026-02-17 13:53:29.146027,SPORTS,5,463.97,0.123,user144@example.com,555-526-3651,East
ORD-104737,CUST-699,2026-09-28 23:53:29.146027,2026-09-29 12:53:29.146027,Electronics,9,456.75,0.248,user616@example.com,555-771-8551,South
ORD-102806,CUST-1066,2026-06-17 23:53:29.146027,2026-06-19 22:53:29.146027,Apparel,9,87.23,0.191,user279@example.com,555-760-4514,East
ORD-102705,CUST-552,2026-02-04 23:53:29.146027,2026-02-06 00:53:29.146027,Groceries,5,69.43,0.044,user1022@example.com,555-423-5868,South
ORD-102724,CUST-1148,2026-04-12 23:53:29.146027,2026-04-14 09:53:29.146027,Toys,2,403.14,0.011,user1088@example.com,555-933-4530,West
ORD-102318,CUST-905,2026-07-29 23:53:29.146027,2026-07-30 22:53:29.146027,Home & Garden,3,498.49,0.271,user385@example.com,555-914-6716,West
ORD-104740,CUST-927,2026-09-22 23:53:29.146027,2026-09-23 21:53:29.146027,Groceries,5,437.67,0.13,user466@example.com,555-345-9506,North
ORD-102423,CUST-784,2026-01-23 23:53:29.146027,2026-01-24 15:53:29.146027,Home & Garden,5,60.58,0.186,user351@example.com,555-704-3469,North
ORD-100407,CUST-745,2026-02-27 23:53:29.146027,2026-03-01 01:53:29.146027,Toys,4,449.96,0.21,user575@example.com,555-399-8779,East
ORD-101962,CUST-141,2026-06-07 23:53:29.146027,2026-06-09 22:53:29.146027,Toys,3,410.57,0.207,user211@example.com,555-792-7630,South
ORD-102584,CUST-4,2026-07-18 23:53:29.146027,2026-07-19 06:53:29.146027,Apparel,1,31.4,0.139,user1134@example.com,555-195-7448,East
ORD-101178,CUST-373,2026-08-01 23:53:29.146027,2026-08-03 18:53:29.146027,Toys,1,467.88,0.243,user180@example.com,555-837-4065,South
ORD-103782,CUST-567,2026-07-31 23:53:29.146027,2026-08-02 15:53:29.146027,Apparel,7,455.72,0.208,user10@example.com,555-489-6563,North
ORD-102190,CUST-183,2026-07-12 23:53:29.146027,2026-07-13 14:53:29.146027,Electronics,5,335.82,0.09,user837@example.com,555-105-7081,South
ORD-100387,CUST-837,2026-06-15 23:53:29.146027,2026-06-16 13:53:29.146027,Electronics,6,464.09,0.07,user903@example.com,555-664-3562,North
ORD-104882,CUST-206,2026-07-07 23:53:29.146027,2026-07-09 02:53:29.146027,Groceries,5,281.16,0.001,user850@example.com,555-401-4821,West
ORD-102931,CUST-136,2026-04-08 23:53:29.146027,2026-04-10 05:53:29.146027,Electronics,1,15.04,0.082,,555-668-2104,West
ORD-102242,CUST-193,2026-08-04 23:53:29.146027,2026-08-05 00:53:29.146027,Apparel,-6,492.57,0.138,user1001@example.com,555-184-8194,North
ORD-102406,CUST-78,2026-08-18 23:53:29.146027,2026-08-19 06:53:29.146027,Electronics,1,431.37,0.259,user956@example.com,555-957-6104,North
ORD-101791,CUST-768,2026-08-09 23:53:29.146027,2026-08-10 23:53:29.146027,Sports,2,370.91,0.2,user171@example.com,555-432-8865,North
ORD-102338,CUST-271,2026-06-17 23:53:29.146027,2026-06-19 21:53:29.146027,Groceries,8,225.97,0.254,user181@example.com,555-526-4672,North
ORD-103541,CUST-269,2026-04-05 23:53:29.146027,2026-04-06 13:53:29.146027,Toys,7,111.99,0.177,user487@example.com,555-199-9996,North
ORD-103333,CUST-344,2026-03-02 23:53:29.146027,2026-03-03 13:53:29.146027, Groceries ,3,8.57,0.233,user504@example.com,555-336-3289,North
ORD-100680,CUST-106,2026-02-05 23:53:29.146027,2026-02-06 04:53:29.146027,Home & Garden,5,451.68,0.213,user542@example.com,555-723-3973,West
ORD-101128,CUST-956,2026-01-13 23:53:29.146027,2026-01-14 03:53:29.146027,electronics,4,417.08,0.188,user980@example.com,555-514-5062,South
ORD-103201,CUST-767,2026-07-31 23:53:29.146027,2026-07-31 23:53:29.146027,Groceries,4,164.16,0.13,user970@example.com,555-380-3408,West
ORD-100419,CUST-742,2026-01-20 23:53:29.146027,2026-01-22 00:53:29.146027,Toys,9,404.11,0.122,user624@example.com,555-561-8056,East
ORD-102050,CUST-314,2026-09-20 23:53:29.146027,2026-09-21 17:53:29.146027,Electronics,5,92.83,0.016,user171@example.com,555-498-5937,South
ORD-102650,CUST-307,2026-03-09 23:53:29.146027,2026-03-11 08:53:29.146027,Apparel,6,296.09,0.23,user419@example.com,555-960-3609,North
ORD-103868,CUST-922,2026-02-15 23:53:29.146027,2026-02-16 17:53:29.146027,Sports,3,445.8,0.167,user961@example.com,555-194-2918,West
ORD-101032,CUST-110,2026-03-14 23:53:29.146027,2026-03-16 11:53:29.146027,Home & Garden,1,388.3,0.226,user316@example.com,555-805-3425,East
ORD-102708,CUST-205,2026-07-04 23:53:29.146027,2026-07-06 19:53:29.146027,Groceries,2,61.42,0.247,user19@example.com,555-411-3377,North
ORD-103172,CUST-839,2026-05-02 23:53:29.146027,2026-05-03 12:53:29.146027,Groceries,6,228.79,0.159,user632@example.com,555-832-5675,South
ORD-104974,CUST-687,2026-05-26 23:53:29.146027,2026-05-27 09:53:29.146027,Apparel,6,74.16,0.079,user161@example.com,555-170-7583,West
ORD-103647,CUST-14,2026-08-12 23:53:29.146027,2026-08-13 23:53:29.146027,Apparel,7,102.67,0.157,user380@example.com,555-458-4051,North
ORD-100145,CUST-715,2026-08-31 23:53:29.146027,2026-09-02 11:53:29.146027,Sports,3,221.21,0.23,user201@example.com,555-717-2822,North
ORD-103129,CUST-819,2026-08-10 23:53:29.146027,2026-08-11 20:53:29.146027,Electronics,7,428.12,0.234,user523@example.com,555-703-8843,East
ORD-101195,CUST-1088,2026-07-21 23:53:29.146027,2026-07-21 23:53:29.146027,Electronics,4,447.77,0.277,user221@example.com,555-491-6233,West
ORD-101627,CUST-565,2026-04-26 23:53:29.146027,2026-04-27 07:53:29.146027,Home & Garden,4,402.62,0.086,user76@example.com,555-105-7169,South
ORD-101414,CUST-41,2026-08-04 23:53:29.146027,2026-08-05 08:53:29.146027,Groceries,9,204.94,0.275,user238@example.com,555-844-8736,East
ORD-103512,CUST-654,2026-07-30 23:53:29.146027,2026-07-31 01:53:29.146027,Sports,1,124.61,0.202,user1153@example.com,555-244-2837,
ORD-100474,CUST-941,2026-07-04 23:53:29.146027,2026-07-06 12:53:29.146027,Toys,8,419.56,0.095,user892@example.com,555-129-5376,South
ORD-103368,CUST-273,2026-07-14 23:53:29.146027,2026-07-16 04:53:29.146027,Groceries,8,83.51,0.239,user260@example.com,555-768-8823,South
ORD-104236,CUST-94,2026-03-20 23:53:29.146027,2026-03-21 17:53:29.146027,Home & Garden,1,489.92,0.04,user114@example.com,555-423-5834,West
ORD-104481,CUST-989,2026-06-16 23:53:29.146027,2026-06-17 05:53:29.146027,Apparel,7,171.25,0.135,user54@example.com,555-118-7359,North
ORD-104093,CUST-140,2026-02-25 23:53:29.146027,2026-02-26 13:53:29.146027,Apparel,3,478.67,0.237,user213@example.com,555-308-9070,North
ORD-100615,CUST-348,2026-04-30 23:53:29.146027,2026-05-01 02:53:29.146027,Sports,3,375.69,0.293,user835@example.com,555-428-9656,South
ORD-101547,CUST-1022,2026-07-24 23:53:29.146027,2026-07-25 08:53:29.146027,Sports,6,51.36,0.04,user729@example.com,555-932-9587,East
ORD-101523,CUST-902,2026-06-14 23:53:29.146027,2026-06-15 21:53:29.146027,Home & Garden,7,472.54,0.21,user758@example.com,555-472-1074,East
ORD-101057,CUST-561,2026-03-26 23:53:29.146027,2026-03-27 20:53:29.146027,Electronics,6,497.75,0.032,user223@example.com,555-328-2874,North
ORD-100402,CUST-406,2026-05-05 23:53:29.146027,2026-05-07 17:53:29.146027,Electronics,-1,122.09,0.109,user534@example.com,555-576-6479,West
ORD-102035,CUST-1135,2026-05-01 23:53:29.146027,2026-05-02 06:53:29.146027,Home & Garden,7,65.82,0.128,user1166@example.com,555-790-7683,North
ORD-103707,CUST-936,2026-04-06 23:53:29.146027,2026-04-08 12:53:29.146027,Home & Garden,9,127.69,0.234,user990@example.com,555-813-1299,East
ORD-100453,CUST-20,2026-07-04 23:53:29.146027,2026-07-06 15:53:29.146027,Groceries,1,318.97,0.052,user88@example.com,555-294-1892,South
ORD-102785,CUST-976,2026-07-04 23:53:29.146027,2026-07-04 23:53:29.146027,Sports,6,103.79,0.12,user994@example.com,555-876-6727,North
ORD-104466,CUST-164,2026-02-25 23:53:29.146027,2026-02-26 17:53:29.146027,Sports,4,179.22,0.274,user101@example.com,555-898-4834,South
ORD-102420,CUST-703,2026-04-09 23:53:29.146027,2026-04-11 08:53:29.146027,Home & Garden,6,400.04,0.248,user3@example.com,555-951-6343,East
ORD-103666,CUST-1161,2026-07-01 23:53:29.146027,2026-07-02 21:53:29.146027,Toys,5,449.97,0.026,user838@example.com,555-932-6453,South
ORD-103199,CUST-406,2026-08-31 23:53:29.146027,2026-09-02 17:53:29.146027,Apparel,7,320.56,0.224,user231@example.com,555-514-3150,South
ORD-101323,CUST-453,2026-03-21 23:53:29.146027,2026-03-22 08:53:29.146027,Groceries,9,418.24,0.21,user545@example.com,555-802-8437,East
ORD-102864,CUST-1143,2026-08-05 23:53:29.146027,2026-08-06 14:53:29.146027,Toys,5,359.46,0.111,,555-753-1145,West
ORD-100358,CUST-71,2026-08-22 23:53:29.146027,2026-08-23 23:53:29.146027,Home & Garden,1,367.92,0.112,user940@example.com,555-716-4549,West
ORD-104942,CUST-791,2026-05-21 23:53:29.146027,2026-05-23 16:53:29.146027,Sports,3,416.6,0.004,user539@example.com,555-256-9487,North
ORD-103430,CUST-1100,2026-04-14 23:53:29.146027,2026-04-15 07:53:29.146027,Apparel,7,71.09,0.275,user1002@example.com,555-609-6116,East
ORD-103844,CUST-596,2026-07-26 23:53:29.146027,2026-07-27 23:53:29.146027,Groceries,9,355.01,0.05,user1106@example.com,555-621-9898,West
ORD-103062,CUST-1180,2026-03-07 23:53:29.146027,2026-03-08 10:53:29.146027,Toys,2,161.18,0.229,user927@example.com,555-706-8050,West
ORD-101989,CUST-259,2026-09-28 23:53:29.146027,2026-09-29 15:53:29.146027,Home & Garden,9,338.21,0.237,user838@example.com,555-602-7092,South
ORD-101334,CUST-510,2026-09-04 23:53:29.146027,2026-09-04 23:53:29.146027,Toys,7,257.72,0.053,user322@example.com,555-910-6696,East
ORD-104276,CUST-391,2026-08-09 23:53:29.146027,2026-08-11 04:53:29.146027,Sports,2,317.06,0.018,,555-548-7682,North
ORD-104382,CUST-752,2026-02-11 23:53:29.146027,2026-02-12 11:53:29.146027,Electronics,7,368.03,0.171,user835@example.com,555-376-4697,East
ORD-104967,CUST-415,2026-09-01 23:53:29.146027,2026-09-03 05:53:29.146027,Electronics,9,107.21,0.026,user650@example.com,555-172-1213,West
ORD-103989,CUST-98,2026-08-03 23:53:29.146027,2026-08-04 09:53:29.146027,TOYS,5,177.0,0.134,user290@example.com,555-692-9020,East
ORD-100735,CUST-595,2026-08-08 23:53:29.146027,2026-08-09 09:53:29.146027,Sports,4,334.93,0.027,user522@example.com,555-974-3927,East
ORD-103904,CUST-985,2026-02-09 23:53:29.146027,2026-02-10 16:53:29.146027,Sports,7,293.87,0.097,user1141@example.com,555-511-1155,West
ORD-103909,CUST-297,2026-02-15 23:53:29.146027,2026-02-16 18:53:29.146027,Home & Garden,2,28.5,0.08,user720@example.com,555-962-3387,East
ORD-101806,CUST-217,2026-07-26 23:53:29.146027,2026-07-28 02:53:29.146027,Home & Garden,9,395.44,0.084,user1027@example.com,555-430-4270,South
ORD-101871,CUST-427,2026-01-19 23:53:29.146027,2026-01-21 08:53:29.146027,Toys,2,282.52,0.207,user307@example.com,555-674-8686,East
ORD-101527,CUST-340,2026-01-16 23:53:29.146027,2026-01-18 17:53:29.146027,Electronics,8,441.31,0.294,user964@example.com,555-153-6575,West
ORD-103734,CUST-495,2026-01-09 23:53:29.146027,2026-01-10 03:53:29.146027,Home & Garden,1,481.13,0.02,user874@example.com,555-466-5295,East
ORD-103112,CUST-129,2026-09-16 23:53:29.146027,2026-09-17 10:53:29.146027,Electronics,6,198.78,0.25,user1129@example.com,555-166-8662,South
ORD-103550,CUST-732,2026-04-26 23:53:29.146027,2026-04-28 06:53:29.146027,Toys,4,342.79,0.134,,555-758-3763,
ORD-101436,CUST-145,2026-04-27 23:53:29.146027,2026-04-28 16:53:29.146027,Groceries,6,190.67,0.081,user268@example.com,555-689-9076,West
ORD-102234,CUST-297,2026-09-22 23:53:29.146027,2026-09-23 02:53:29.146027,Electronics,6,15.68,0.167,user1146@example.com,555-528-4353,East
ORD-102513,CUST-303,2026-04-27 23:53:29.146027,2026-04-29 12:53:29.146027,Electronics,3,417.97,0.142,user572@example.com,555-810-8080,North
ORD-103813,CUST-677,2026-05-29 23:53:29.146027,2026-05-31 01:53:29.146027,Electronics,4,428.47,0.204,user831@example.com,555-576-9788,North
ORD-103785,CUST-1060,2026-06-06 23:53:29.146027,2026-06-07 01:53:29.146027,Electronics,4,421.16,0.229,user1005@example.com,555-464-3361,South
ORD-104993,CUST-1194,2026-04-23 23:53:29.146027,2026-04-25 21:53:29.146027,Electronics,8,413.34,0.039,user504@example.com,555-527-9178,East
ORD-100562,CUST-467,2026-04-07 23:53:29.146027,2026-04-08 12:53:29.146027,Electronics,1,125.72,0.087,user851@example.com,555-823-3723,South
ORD-103123,CUST-634,2026-03-28 23:53:29.146027,2026-03-29 06:53:29.146027,Apparel,4,22.11,0.299,user257@example.com,555-777-7076,West
ORD-102888,CUST-755,2026-04-23 23:53:29.146027,2026-04-25 13:53:29.146027,Groceries,9,333.67,0.276,user1096@example.com,555-973-3178,West
ORD-104070,CUST-268,2026-06-25 23:53:29.146027,2026-06-25 23:53:29.146027,Sports,9,369.93,0.115,user656@example.com,555-986-3065,South
ORD-104117,CUST-935,2026-03-04 23:53:29.146027,2026-03-05 22:53:29.146027,Groceries,7,94.81,0.249,user718@example.com,555-800-5244,South
ORD-100561,CUST-874,2026-07-08 23:53:29.146027,2026-07-10 15:53:29.146027,Electronics,1,424.71,0.142,user362@example.com,555-376-1565,East
ORD-102019,CUST-386,2026-08-11 23:53:29.146027,2026-08-12 03:53:29.146027,Toys,5,369.8,0.195,user456@example.com,555-428-1333,East
ORD-104479,CUST-421,2026-04-26 23:53:29.146027,2026-04-27 05:53:29.146027,Toys,8,184.29,0.233,user288@example.com,555-221-2191,East
ORD-101592,CUST-1040,2026-09-13 23:53:29.146027,2026-09-14 11:53:29.146027,Home & Garden,1,197.11,0.106,user398@example.com,555-598-7441,North
ORD-100840,CUST-477,2026-01-18 23:53:29.146027,2026-01-19 05:53:29.146027,Groceries,7,254.28,0.018,user349@example.com,555-485-7358,South
ORD-103464,CUST-732,2026-05-09 23:53:29.146027,2026-05-10 04:53:29.146027,Toys,7,365.5,0.086,user398@example.com,555-839-9514,West
ORD-102764,CUST-1020,2026-07-03 23:53:29.146027,2026-07-04 09:53:29.146027,Sports,4,220.63,0.255,user32@example.com,555-461-2427,South
ORD-103412,CUST-876,2026-01-25 23:53:29.146027,2026-01-27 19:53:29.146027,Apparel,1,300.98,0.248,user593@example.com,555-185-5413,South
ORD-100742,CUST-1047,2026-04-08 23:53:29.146027,2026-04-10 17:53:29.146027,Electronics,4,436.04,0.049,user1014@example.com,555-176-5609,North
ORD-101916,CUST-54,2026-04-24 23:53:29.146027,2026-04-25 15:53:29.146027,Home & Garden,3,160.11,0.026,user175@example.com,555-540-2100,West
ORD-102773,CUST-50,2026-04-23 23:53:29.146027,2026-04-25 08:53:29.146027,Apparel,8,202.69,0.02,,555-390-4102,North
ORD-100940,CUST-498,2026-09-06 23:53:29.146027,2026-09-07 07:53:29.146027,Groceries,1,296.45,0.263,user298@example.com,555-965-1953,East
ORD-101682,CUST-909,2026-07-26 23:53:29.146027,2026-07-27 13:53:29.146027,Electronics,1,458.05,0.079,user1008@example.com,555-791-8775,West
ORD-102120,CUST-679,2026-05-31 23:53:29.146027,2026-06-01 18:53:29.146027,Sports,6,172.36,0.111,user935@example.com,555-749-2890,West
ORD-104947,CUST-1175,2026-04-08 23:53:29.146027,2026-04-10 22:53:29.146027,Home & Garden,8,403.55,0.268,user817@example.com,555-783-3789,East
ORD-103623,CUST-1167,2026-07-13 23:53:29.146027,2026-07-15 15:53:29.146027,Home & Garden,5,449.94,0.117,user138@example.com,555-604-2994,East
ORD-102316,CUST-655,2026-02-21 23:53:29.146027,2026-02-21 23:53:29.146027,Electronics,3,134.47,0.038,user953@example.com,555-455-5512,West
ORD-100596,CUST-1053,2026-01-30 23:53:29.146027,2026-01-31 14:53:29.146027,Electronics,4,118.75,0.125,user154@example.com,555-841-2597,West
ORD-100960,CUST-295,2026-04-09 23:53:29.146027,2026-04-11 11:53:29.146027,Electronics,2,80.09,0.253,user1068@example.com,555-607-9022,North
ORD-102614,CUST-6,2026-09-14 23:53:29.146027,2026-09-15 08:53:29.146027,Groceries,8,402.21,0.059,user53@example.com,555-546-9500,South
ORD-100318,CUST-171,2026-02-21 23:53:29.146027,2026-02-23 06:53:29.146027,Groceries,2,150.68,0.266,user231@example.com,555-754-1424,North
ORD-103722,CUST-185,2026-03-05 23:53:29.146027,2026-03-07 18:53:29.146027,Toys,4,173.9,0.199,user121@example.com,555-158-3563,East
ORD-100770,CUST-532,2026-09-10 23:53:29.146027,2026-09-11 00:53:29.146027,Toys,1,79.94,0.079,user321@example.com,555-399-4021,East
ORD-101731,CUST-418,2026-01-08 23:53:29.146027,2026-01-09 07:53:29.146027,Home & Garden,8,352.99,0.022,user1035@example.com,555-194-1051,North
ORD-104475,CUST-320,2026-07-22 23:53:29.146027,2026-07-23 00:53:29.146027,Sports,8,251.28,0.272,user1145@example.com,555-290-9160,
ORD-104456,CUST-1186,2026-05-08 23:53:29.146027,2026-05-10 01:53:29.146027,Apparel,8,66.39,0.292,user515@example.com,555-300-3952,North
ORD-102911,CUST-957,2026-04-26 23:53:29.146027,2026-04-27 15:53:29.146027,Apparel,5,25.24,0.099,user301@example.com,555-711-5665,West
ORD-100195,CUST-948,2026-04-17 23:53:29.146027,2026-04-18 08:53:29.146027,Apparel,5,42.93,0.019,user193@example.com,555-285-8568,West
ORD-101555,CUST-371,2026-06-18 23:53:29.146027,2026-06-19 22:53:29.146027,Electronics,9,449.49,0.026,user1004@example.com,555-733-5424,East
ORD-101077,CUST-290,2026-08-02 23:53:29.146027,2026-08-04 12:53:29.146027,Apparel,8,289.19,0.069,user846@example.com,555-364-6609,East
ORD-101440,CUST-226,2026-02-15 23:53:29.146027,2026-02-16 22:53:29.146027,Electronics,1,400.88,0.008,user260@example.com,555-841-2451,North
ORD-101170,CUST-1109,2026-08-25 23:53:29.146027,2026-08-26 05:53:29.146027,Sports,4,335.74,0.266,user663@example.com,555-958-6770,East
ORD-100004,CUST-496,2026-06-12 23:53:29.146027,2026-06-13 03:53:29.146027,Home & Garden,1,73.49,0.169,user678@example.com,555-883-5350,South
ORD-104707,CUST-818,2026-03-20 23:53:29.146027,2026-03-22 08:53:29.146027,Sports,7,145.0,0.025,user538@example.com,555-220-5001,South
ORD-104589,CUST-320,2026-07-10 23:53:29.146027,2026-07-11 15:53:29.146027,Toys,9,467.56,0.183,user396@example.com,555-701-2039,North
ORD-103384,CUST-364,2026-08-16 23:53:29.146027,2026-08-17 01:53:29.146027,Toys,8,395.99,0.296,,555-208-4035,South
ORD-104902,CUST-1130,2026-09-11 23:53:29.146027,2026-09-12 19:53:29.146027,Toys,1,449.24,0.111,user71@example.com,555-387-9682,East
ORD-100786,CUST-1149,2026-09-26 23:53:29.146027,2026-09-28 03:53:29.146027,Groceries,4,139.05,0.21,user157@example.com,555-710-3921,North
ORD-104673,CUST-587,2026-03-29 23:53:29.146027,2026-03-31 15:53:29.146027,Sports,1,443.85,0.161,user318@example.com,555-877-9502,West
ORD-100739,CUST-881,2026-02-24 23:53:29.146027,2026-02-25 08:53:29.146027,Groceries,9,257.06,0.293,user553@example.com,555-100-7553,South
ORD-104895,CUST-1170,2026-07-14 23:53:29.146027,2026-07-16 11:53:29.146027,Sports,1,97.41,0.04,user578@example.com,555-264-8192,East
ORD-100718,CUST-658,2026-02-20 23:53:29.146027,2026-02-22 18:53:29.146027,Apparel,7,257.55,0.258,user987@example.com,555-245-8775,East
ORD-102395,CUST-461,2026-09-14 23:53:29.146027,2026-09-15 10:53:29.146027,Sports,6,193.04,0.09,user23@example.com,555-769-9648,South
ORD-103323,CUST-488,2026-04-15 23:53:29.146027,2026-04-16 12:53:29.146027,Sports,3,232.03,0.074,user865@example.com,555-994-7013,South
ORD-101884,CUST-951,2026-09-12 23:53:29.146027,2026-09-14 13:53:29.146027,Apparel,9,314.86,0.172,user334@example.com,555-739-5061,West
ORD-100083,CUST-19,2026-09-01 23:53:29.146027,2026-09-03 08:53:29.146027,Apparel,9,480.57,0.191,user900@example.com,555-121-8508,East
ORD-100956,CUST-395,2026-04-19 23:53:29.146027,2026-04-21 18:53:29.146027,Electronics,3,175.28,0.088,user311@example.com,555-682-8844,North
ORD-101542,CUST-794,2026-05-31 23:53:29.146027,2026-06-02 12:53:29.146027,Sports,3,260.26,0.275,user574@example.com,555-647-7715,East
ORD-103002,CUST-548,2026-03-31 23:53:29.146027,2026-04-01 20:53:29.146027,Groceries,5,468.29,0.063,user159@example.com,555-126-2454,North
ORD-100325,CUST-52,2026-08-21 23:53:29.146027,2026-08-22 00:53:29.146027,Toys,1,369.25,0.049,user742@example.com,555-554-8554,South
ORD-101122,CUST-426,2026-08-23 23:53:29.146027,2026-08-24 22:53:29.146027,Groceries,2,324.74,0.123,user330@example.com,555-415-1123,North
ORD-100194,CUST-184,2026-07-20 23:53:29.146027,2026-07-21 23:53:29.146027,Toys,N/A,152.21,0.053,user738@example.com,555-639-9901,West
ORD-104953,CUST-959,2026-06-19 23:53:29.146027,2026-06-21 21:53:29.146027,Toys,3,431.09,0.094,user443@example.com,555-250-1720,South
ORD-102134,CUST-827,2026-06-01 23:53:29.146027,2026-06-02 12:53:29.146027,Sports,7,383.75,0.104,,555-339-7240,East
ORD-101272,CUST-288,2026-09-09 23:53:29.146027,2026-09-10 11:53:29.146027,Toys,1,440.38,0.166,user419@example.com,555-711-9081,East
ORD-103997,CUST-380,2026-02-08 23:53:29.146027,2026-02-09 00:53:29.146027,Groceries,2,281.07,0.037,user782@example.com,555-418-3938,East
ORD-102805,CUST-987,2026-08-11 23:53:29.146027,2026-08-13 04:53:29.146027,Home & Garden,8,49.45,0.1,user656@example.com,555-726-2359,West
ORD-102962,CUST-1142,2026-05-04 23:53:29.146027,2026-05-05 10:53:29.146027,Home & Garden,5,30.97,0.096,user1136@example.com,555-557-4951,East
ORD-103263,CUST-447,2026-01-12 23:53:29.146027,2026-01-14 01:53:29.146027,Sports,3,261.59,0.016,user1058@example.com,555-850-5078,South
ORD-102269,CUST-425,2026-09-15 23:53:29.146027,2026-09-16 22:53:29.146027, Home & Garden ,4,71.13,0.166,user848@example.com,555-750-7574,West
ORD-102158,CUST-995,2026-06-23 23:53:29.146027,2026-06-25 17:53:29.146027,Sports,9,38.34,0.279,user889@example.com,555-247-3568,East
ORD-102201,CUST-1184,2026-08-29 23:53:29.146027,2026-08-30 17:53:29.146027,Apparel,8,443.17,0.06,user416@example.com,555-857-3711,South
ORD-101483,CUST-1100,2026-09-29 23:53:29.146027,2026-10-01 06:53:29.146027,Toys,4,433.62,0.007,user704@example.com,555-479-9453,West
ORD-104560,CUST-1169,2026-09-20 23:53:29.146027,2026-09-22 22:53:29.146027,Home & Garden,3,22.66,0.01,user1132@example.com,555-844-2888,West
ORD-103023,CUST-1023,2026-08-11 23:53:29.146027,2026-08-12 06:53:29.146027,Electronics,4,315.22,0.069,user943@example.com,555-696-5005,North
ORD-103682,CUST-379,2026-07-19 23:53:29.146027,2026-07-21 15:53:29.146027,Sports,8,48.65,0.146,user876@example.com,555-592-1650,North
ORD-104583,CUST-929,2026-06-07 23:53:29.146027,2026-06-09 09:53:29.146027,Home & Garden,3,73.96,0.048,user596@example.com,555-360-6145,
ORD-101244,CUST-910,2026-07-30 23:53:29.146027,2026-07-31 22:53:29.146027,Apparel,1,215.05,0.102,user39@example.com,555-614-2056,East
ORD-102855,CUST-53,2026-05-24 23:53:29.146027,2026-05-25 18:53:29.146027,Groceries,1,196.34,0.118,user588@example.com,555-949-1049,West
ORD-104674,CUST-744,2026-06-09 23:53:29.146027,2026-06-11 00:53:29.146027,Toys,4,173.54,0.009,user701@example.com,555-618-4139,North
ORD-103207,CUST-763,2026-03-06 23:53:29.146027,2026-03-07 19:53:29.146027,Groceries,N/A,168.66,0.007,user291@example.com,555-207-9325,North
ORD-104663,CUST-67,2026-09-29 23:53:29.146027,2026-10-01 10:53:29.146027,Groceries,4,263.91,0.014,user347@example.com,555-257-1376,East
ORD-103345,CUST-657,2026-01-21 23:53:29.146027,2026-01-22 14:53:29.146027,Electronics,2,489.18,0.003,user129@example.com,555-809-7211,North
ORD-104605,CUST-831,2026-07-24 23:53:29.146027,2026-07-26 17:53:29.146027,Apparel,6,211.98,0.223,user392@example.com,555-527-3493,North
ORD-101844,CUST-516,2026-04-13 23:53:29.146027,2026-04-14 11:53:29.146027,Electronics,1,36.38,0.016,user1024@example.com,555-451-6210,North
ORD-100449,CUST-74,2026-06-20 23:53:29.146027,2026-06-22 01:53:29.146027,Groceries,3,246.76,0.264,user714@example.com,555-837-2655,West
ORD-103025,CUST-264,2026-09-13 23:53:29.146027,2026-09-14 06:53:29.146027,Home & Garden,6,381.45,0.234,user878@example.com,555-721-7753,North
ORD-104660,CUST-1023,2026-06-23 23:53:29.146027,2026-06-25 11:53:29.146027,Apparel,2,308.87,0.209,user646@example.com,555-988-3449,West
ORD-102496,CUST-655,2026-07-13 23:53:29.146027,2026-07-15 13:53:29.146027,Groceries,4,92.45,0.06,user987@example.com,555-382-5239,South
ORD-102605,CUST-750,2026-03-19 23:53:29.146027,2026-03-21 11:53:29.146027,Sports,7,201.74,0.076,user374@example.com,555-121-5855,South
ORD-100915,CUST-1180,2026-04-23 23:53:29.146027,2026-04-24 04:53:29.146027,Apparel,7,381.34,0.153,user542@example.com,555-777-6572,North
ORD-102646,CUST-173,2026-02-12 23:53:29.146027,2026-02-13 07:53:29.146027,Electronics,6,28.77,0.103,user588@example.com,555-332-1327,West
ORD-103780,CUST-488,2026-07-18 23:53:29.146027,2026-07-20 19:53:29.146027,Home & Garden,9,212.86,0.274,user629@example.com,555-148-1659,South
ORD-103131,CUST-1021,2026-08-27 23:53:29.146027,2026-08-29 08:53:29.146027,Home & Garden,9,148.05,0.014,user568@example.com,555-945-1783,East
ORD-100767,CUST-8,2026-01-24 23:53:29.146027,2026-01-26 08:53:29.146027,Electronics,7,388.63,0.175,user181@example.com,555-556-9768,West
ORD-102789,CUST-38,2026-05-12 23:53:29.146027,2026-05-13 02:53:29.146027,Groceries,1,442.82,0.226,user800@example.com,555-208-8241,West
ORD-102893,CUST-1181,2026-02-13 23:53:29.146027,2026-02-15 17:53:29.146027,Electronics,9,279.83,0.052,user1170@example.com,555-461-1500,West
ORD-103523,CUST-555,2026-03-02 23:53:29.146027,2026-03-03 01:53:29.146027,Toys,3,457.72,0.3,user1146@example.com,555-626-9370,North
ORD-100676,CUST-732,2026-03-17 23:53:29.146027,2026-03-19 14:53:29.146027,Toys,5,29.58,0.018,user28@example.com,555-506-4260,South
ORD-102904,CUST-639,2026-05-07 23:53:29.146027,2026-05-09 07:53:29.146027,Toys,9,268.3,0.045,user1083@example.com,555-617-6508,North
ORD-103451,CUST-586,2026-05-29 23:53:29.146027,2026-05-31 16:53:29.146027,Toys,8,23.59,0.253,user307@example.com,555-301-8107,East
ORD-100427,CUST-842,2026-06-25 23:53:29.146027,2026-06-27 06:53:29.146027,Electronics,7,468.61,0.039,user823@example.com,555-820-3316,South
ORD-104120,CUST-757,2026-06-09 23:53:29.146027,2026-06-10 03:53:29.146027,Apparel,1,420.75,0.045,user828@example.com,555-357-9167,West
ORD-101683,CUST-903,2026-04-26 23:53:29.146027,2026-04-27 08:53:29.146027,Sports,5,161.8,0.239,user926@example.com,555-845-8243,West
ORD-104613,CUST-1107,2026-01-19 23:53:29.146027,2026-01-20 16:53:29.146027,Apparel,5,113.81,0.074,user960@example.com,555-318-7340,South
ORD-103020,CUST-585,2026-02-20 23:53:29.146027,2026-02-21 18:53:29.146027,Apparel,9,110.91,0.104,user651@example.com,555-434-2765,West
ORD-102029,CUST-1034,2026-02-12 23:53:29.146027,2026-02-14 20:53:29.146027,Sports,2,420.27,0.262,user238@example.com,555-802-5095,North
ORD-102906,CUST-784,2026-08-04 23:53:29.146027,2026-08-05 10:53:29.146027,Toys,7,333.64,0.019,user737@example.com,555-622-5371,East
ORD-103718,CUST-461,2026-03-16 23:53:29.146027,2026-03-17 02:53:29.146027,Sports,1,370.4,0.132,user900@example.com,555-794-3500,West
ORD-102284,CUST-200,2026-01-21 23:53:29.146027,2026-01-22 19:53:29.146027,Sports,6,149.51,0.134,user1078@example.com,555-771-7802,East
ORD-104746,CUST-1041,2026-09-04 23:53:29.146027,2026-09-05 21:53:29.146027,Electronics,5,433.13,0.077,user441@example.com,555-117-6301,West
ORD-103236,CUST-648,2026-05-18 23:53:29.146027,2026-05-20 16:53:29.146027,Home & Garden,8,14.36,0.25,user711@example.com,555-570-7104,South
ORD-104981,CUST-726,2026-04-13 23:53:29.146027,2026-04-14 05:53:29.146027,Home & Garden,9,405.52,0.079,user924@example.com,555-464-7373,North
ORD-102752,CUST-212,2026-03-03 23:53:29.146027,2026-03-05 21:53:29.146027,Toys,2,258.19,0.059,user227@example.com,555-263-6004,East
ORD-101384,CUST-359,2026-07-28 23:53:29.146027,2026-07-29 12:53:29.146027,Apparel,1,453.55,0.169,user729@example.com,555-454-1283,South
ORD-104020,CUST-787,2026-06-17 23:53:29.146027,2026-06-19 00:53:29.146027,Apparel,8,219.89,0.163,user787@example.com,555-347-9338,East
ORD-103790,CUST-1174,2026-03-10 23:53:29.146027,2026-03-12 03:53:29.146027,Groceries,5,450.15,0.25,user670@example.com,555-799-3786,North
ORD-101767,CUST-493,2026-04-02 23:53:29.146027,2026-04-03 23:53:29.146027,Home & Garden,3,287.42,0.239,user512@example.com,555-852-4364,South
ORD-102561,CUST-253,2026-03-13 23:53:29.146027,2026-03-15 17:53:29.146027,Toys,9,157.0,0.232,user164@example.com,555-896-5741,West
ORD-102128,CUST-409,2026-08-03 23:53:29.146027,2026-08-05 00:53:29.146027,Groceries,3,120.52,0.112,user614@example.com,555-349-2874,North
ORD-102792,CUST-1099,2026-03-03 23:53:29.146027,2026-03-05 07:53:29.146027,Groceries,4,310.86,0.133,user235@example.com,555-382-9231,East
ORD-102086,CUST-674,2026-06-02 23:53:29.146027,2026-06-04 21:53:29.146027,Groceries,5,116.81,0.006,user390@example.com,555-746-3311,North
ORD-100788,CUST-1041,2026-04-08 23:53:29.146027,2026-04-10 09:53:29.146027,Electronics,5,112.49,0.269,user265@example.com,555-586-6932,East
ORD-102167,CUST-926,2026-06-19 23:53:29.146027,2026-06-21 22:53:29.146027,Sports,8,65.9,0.203,user33@example.com,555-918-2750,North
ORD-104300,CUST-579,2026-04-01 23:53:29.146027,2026-04-02 11:53:29.146027,Toys,3,126.33,0.242,user307@example.com,555-275-3803,East
ORD-104488,CUST-903,2026-02-10 23:53:29.146027,2026-02-12 20:53:29.146027,Electronics,1,46.13,0.18,user519@example.com,555-847-3877,South
ORD-104198,CUST-1131,2026-09-07 23:53:29.146027,2026-09-08 20:53:29.146027,Sports,4,300.4,0.058,user680@example.com,555-504-7808,West
ORD-102928,CUST-330,2026-09-29 23:53:29.146027,2026-09-30 00:53:29.146027,Electronics,3,463.44,0.159,user107@example.com,555-980-9776,West
ORD-100452,CUST-935,2026-05-09 23:53:29.146027,2026-05-10 05:53:29.146027,Apparel,3,392.99,0.174,user27@example.com,555-205-8164,West
ORD-101283,CUST-306,2026-07-30 23:53:29.146027,2026-07-31 03:53:29.146027,Apparel,9,365.48,0.07,user276@example.com,555-605-9469,North
ORD-100741,CUST-992,2026-02-12 23:53:29.146027,2026-02-13 10:53:29.146027,SPORTS,4,59.13,0.278,user1037@example.com,555-571-8886,West
ORD-102831,CUST-820,2026-05-26 23:53:29.146027,2026-05-27 00:53:29.146027,Sports,2,210.38,0.289,user192@example.com,555-820-3668,West
ORD-102643,CUST-244,2026-04-15 23:53:29.146027,2026-04-17 08:53:29.146027,Groceries,9,480.51,0.071,user194@example.com,555-572-9357,South
ORD-100699,CUST-2,2026-04-23 23:53:29.146027,2026-04-25 16:53:29.146027,Electronics,8,305.95,0.299,user418@example.com,555-387-7461,East
ORD-100766,CUST-1010,2026-09-29 23:53:29.146027,2026-09-30 11:53:29.146027,Electronics,4,216.0,0.1,user341@example.com,555-690-8803,East
ORD-103611,CUST-471,2026-03-13 23:53:29.146027,2026-03-15 05:53:29.146027,Electronics,7,70.72,0.169,user191@example.com,555-766-6745,East
ORD-104530,CUST-1111,2026-03-10 23:53:29.146027,2026-03-12 10:53:29.146027,Groceries,4,16.24,0.225,user377@example.com,555-590-9191,East
ORD-102063,CUST-304,2026-08-31 23:53:29.146027,2026-09-02 07:53:29.146027,Groceries,3,126.75,0.091,user264@example.com,555-928-4858,East
ORD-102153,CUST-682,2026-04-02 23:53:29.146027,2026-04-04 08:53:29.146027,Toys,9,163.49,0.145,user934@example.com,555-684-9483,North
ORD-102830,CUST-940,2026-03-26 23:53:29.146027,2026-03-28 00:53:29.146027,Sports,1,482.1,0.164,user574@example.com,555-594-7046,West
ORD-104354,CUST-52,2026-03-01 23:53:29.146027,2026-03-03 14:53:29.146027,Electronics,7,129.21,0.145,user705@example.com,555-780-3052,South
ORD-101406,CUST-608,2026-01-26 23:53:29.146027,2026-01-27 22:53:29.146027,Sports,9,128.38,0.28,user1037@example.com,555-832-4765,East
ORD-103841,CUST-260,2026-05-12 23:53:29.146027,2026-05-13 01:53:29.146027,Toys,2,484.69,0.1,user987@example.com,555-721-6855,East
ORD-103644,CUST-501,2026-01-23 23:53:29.146027,2026-01-25 12:53:29.146027,Groceries,4,150.2,0.271,user37@example.com,555-719-6860,North
ORD-103750,CUST-47,2026-04-07 23:53:29.146027,2026-04-08 09:53:29.146027,Sports,6,220.7,0.048,user83@example.com,555-703-5691,South
ORD-101982,CUST-666,2026-01-25 23:53:29.146027,2026-01-26 20:53:29.146027,Apparel,7,159.92,0.13,user227@example.com,555-995-1939,North
ORD-100138,CUST-129,2026-09-20 23:53:29.146027,2026-09-21 11:53:29.146027,Apparel,6,44.03,0.11,user51@example.com,555-748-3444,South
ORD-101365,CUST-597,31/02/2025,2026-04-17 01:53:29.146027,Sports,2,125.46,0.265,user131@example.com,555-760-8871,West
ORD-103221,CUST-711,2026-04-20 23:53:29.146027,2026-04-21 05:53:29.146027,Sports,5,454.04,0.231,user276@example.com,555-830-9171,West
ORD-101949,CUST-878,2026-05-12 23:53:29.146027,2026-05-13 10:53:29.146027,Home & Garden,7,181.1,0.158,user1141@example.com,555-937-9407,North
ORD-101857,CUST-804,2026-08-29 23:53:29.146027,2026-08-31 11:53:29.146027,Sports,5,34.52,0.107,user536@example.com,555-552-3377,South
ORD-103255,CUST-60,2026-03-16 23:53:29.146027,2026-03-17 01:53:29.146027,Toys,2,156.7,0.127,user864@example.com,555-910-6662,East
ORD-104910,CUST-28,2026-06-16 23:53:29.146027,2026-06-18 19:53:29.146027,Sports,4,426.88,0.054,user82@example.com,555-605-2074,East
ORD-103275,CUST-857,2026-08-21 23:53:29.146027,2026-08-23 18:53:29.146027,Electronics,2,451.27,0.01,user998@example.com,555-434-5946,South
ORD-100470,CUST-717,2026-04-10 23:53:29.146027,2026-04-12 15:53:29.146027,ELECTRONICS,3,335.73,0.124,,555-177-5765,West
ORD-102730,CUST-715,2026-08-03 23:53:29.146027,2026-08-04 02:53:29.146027,Groceries,3,440.33,0.259,user947@example.com,555-552-9284,East
ORD-101060,CUST-757,2026-03-10 23:53:29.146027,2026-03-12 03:53:29.146027,Home & Garden,7,311.14,0.275,user741@example.com,555-244-1565,North
ORD-100732,CUST-678,2026-10-02 23:53:29.146027,2026-10-04 19:53:29.146027,Electronics,4,239.76,0.141,user122@example.com,555-662-2354,South
ORD-104973,CUST-332,2026-09-12 23:53:29.146027,2026-09-14 09:53:29.146027,Sports,-9,3.94,0.015,user665@example.com,555-258-5805,North
ORD-100889,CUST-229,2026-03-01 23:53:29.146027,2026-03-02 23:53:29.146027,Apparel,2,18.06,0.145,user810@example.com,555-517-2772,West
ORD-101537,CUST-198,2026-07-29 23:53:29.146027,2026-07-31 12:53:29.146027,Apparel,6,254.98,0.009,user938@example.com,555-549-5476,South
ORD-104912,CUST-1186,2026-09-10 23:53:29.146027,2026-09-12 08:53:29.146027,Apparel,8,48.33,0.15,user877@example.com,555-814-2762,West
ORD-104186,CUST-131,2026-08-28 23:53:29.146027,2026-08-29 01:53:29.146027,Electronics,5,338.37,0.287,user971@example.com,555-889-6205,East
ORD-104600,CUST-993,2030-01-01 00:00:00,2026-03-29 01:53:29.146027,Apparel,1,415.85,0.2,user330@example.com,555-578-3926,West
ORD-102740,CUST-1014,2026-05-17 23:53:29.146027,2026-05-19 01:53:29.146027,Apparel,N/A,362.25,0.068,user640@example.com,555-880-9916,South
ORD-100640,CUST-750,31/02/2025,2026-09-15 15:53:29.146027,Home & Garden,1,104.19,0.164,user655@example.com,555-911-7323,South
ORD-104019,CUST-800,2026-02-01 23:53:29.146027,2026-02-02 14:53:29.146027,Toys,2,351.66,0.273,user477@example.com,555-878-8854,North
ORD-100207,CUST-1195,2026-05-28 23:53:29.146027,2026-05-30 19:53:29.146027,Apparel,3,354.57,0.287,user1024@example.com,555-921-1868,East
ORD-103064,CUST-433,2026-03-30 23:53:29.146027,2026-04-01 09:53:29.146027,Home & Garden,9,306.15,0.083,user64@example.com,555-487-9017,East
ORD-102953,CUST-263,2026-05-10 23:53:29.146027,2026-05-12 20:53:29.146027,Apparel,1,357.93,0.091,,555-865-4710,East
ORD-104470,CUST-576,2026-10-02 23:53:29.146027,2026-10-03 14:53:29.146027,Home & Garden,2,98.83,0.072,user169@example.com,555-910-7276,South
ORD-104379,CUST-253,2026-08-21 23:53:29.146027,2026-08-23 17:53:29.146027,Groceries,8,340.68,0.028,user155@example.com,555-763-5078,West
ORD-104795,CUST-401,2026-08-01 23:53:29.146027,2026-08-02 10:53:29.146027,Electronics,6,222.73,0.01,user674@example.com,555-662-1436,North
ORD-103417,CUST-872,2026-02-01 23:53:29.146027,2026-02-03 03:53:29.146027,Toys,7,128.7,0.052,user781@example.com,555-898-2182,North
ORD-101144,CUST-824,2026-06-20 23:53:29.146027,2026-06-21 04:53:29.146027,Toys,5,291.32,0.169,user1048@example.com,555-647-3569,West
ORD-102132,CUST-629,2026-09-02 23:53:29.146027,2026-09-03 12:53:29.146027,Toys,3,213.64,0.226,user410@example.com,555-700-3774,East
ORD-102916,CUST-300,2026-06-27 23:53:29.146027,2026-06-29 19:53:29.146027,Home & Garden,2,235.1,0.297,user1120@example.com,555-584-6751,South
ORD-103381,CUST-797,2026-01-13 23:53:29.146027,2026-01-15 16:53:29.146027,Toys,7,161.55,0.071,user56@example.com,555-938-9965,West
ORD-104595,CUST-924,2026-04-19 23:53:29.146027,2026-04-20 09:53:29.146027,Electronics,7,434.65,0.043,user723@example.com,555-837-6813,North
ORD-102972,CUST-252,2026-05-04 23:53:29.146027,2026-05-05 14:53:29.146027,Electronics,8,215.21,0.254,user504@example.com,555-607-9477,South
ORD-101179,CUST-261,2026-07-05 23:53:29.146027,2026-07-07 11:53:29.146027,Sports,9,488.32,0.066,user1100@example.com,555-602-3904,West
ORD-102768,CUST-1077,2026-01-17 23:53:29.146027,2026-01-18 08:53:29.146027,apparel,8,159.46,0.297,user848@example.com,555-892-3272,South
ORD-101539,CUST-865,2026-04-26 23:53:29.146027,2026-04-28 02:53:29.146027,Home & Garden,2,293.63,0.169,user101@example.com,555-199-4586,
ORD-104009,CUST-834,2026-06-08 23:53:29.146027,2026-06-10 17:53:29.146027,Sports,7,477.15,0.29,user622@example.com,555-536-3030,West
ORD-102727,CUST-763,2026-09-30 23:53:29.146027,2026-10-01 02:53:29.146027,Toys,6,174.17,0.244,user633@example.com,555-660-3509,East
ORD-100188,CUST-1029,2026-05-15 23:53:29.146027,2026-05-16 07:53:29.146027,Home & Garden,8,402.49,0.069,user59@example.com,555-989-4097,South
ORD-100433,CUST-763,2026-08-27 23:53:29.146027,2026-08-29 13:53:29.146027,Electronics,7,66.1,0.209,user192@example.com,555-419-4700,North
ORD-104996,CUST-608,2026-04-09 23:53:29.146027,2026-04-11 16:53:29.146027,Sports,9,490.66,0.091,user459@example.com,555-282-2187,East
ORD-103047,CUST-878,2026-06-24 23:53:29.146027,2026-06-25 11:53:29.146027,Electronics,6,417.28,0.287,user886@example.com,555-777-4130,North
ORD-104775,CUST-250,2026-08-04 23:53:29.146027,2026-08-05 06:53:29.146027,TOYS,3,33.18,0.295,user646@example.com,555-490-1590,East
ORD-104201,CUST-38,2026-07-27 23:53:29.146027,2026-07-28 15:53:29.146027,Electronics,4,413.51,0.027,,555-865-4739,East
ORD-100504,CUST-664,2026-03-27 23:53:29.146027,2026-03-28 14:53:29.146027,Sports,6,269.31,0.079,user885@example.com,555-703-5332,West
ORD-101675,CUST-280,2026-07-30 23:53:29.146027,2026-07-31 14:53:29.146027,Sports,8,94.37,0.09,user189@example.com,555-286-8855,East
ORD-104931,CUST-821,2026-07-27 23:53:29.146027,2026-07-28 18:53:29.146027,Apparel,2,492.62,0.288,user655@example.com,555-923-1519,East
ORD-103628,CUST-320,2026-04-01 23:53:29.146027,2026-04-02 13:53:29.146027,Toys,8,203.6,0.038,user796@example.com,555-666-3085,East
ORD-101661,CUST-401,2026-07-31 23:53:29.146027,2026-08-02 09:53:29.146027,Sports,2,427.48,0.245,user733@example.com,555-800-4814,West
ORD-102456,CUST-118,2026-04-18 23:53:29.146027,2026-04-20 18:53:29.146027,Toys,2,309.75,0.174,user666@example.com,555-341-1256,South
ORD-100737,CUST-630,2026-08-30 23:53:29.146027,2026-09-01 04:53:29.146027,Groceries,7,293.54,0.036,user99@example.com,555-329-5743,South
ORD-101457,CUST-1119,2026-01-18 23:53:29.146027,2026-01-20 01:53:29.146027,Sports,-9,27.95,0.086,user410@example.com,555-954-1062,North
ORD-101790,CUST-685,2026-07-01 23:53:29.146027,2026-07-03 20:53:29.146027,Groceries,5,80.51,0.272,user1075@example.com,555-261-6249,South
ORD-100800,CUST-630,2026-09-26 23:53:29.146027,2026-09-27 21:53:29.146027,Home & Garden,8,175.56,0.218,user948@example.com,555-825-3700,East
ORD-101644,CUST-916,2026-08-19 23:53:29.146027,2026-08-20 19:53:29.146027,Sports,6,104.2,0.041,user957@example.com,555-275-1705,West
ORD-102537,CUST-424,2026-05-11 23:53:29.146027,2026-05-13 20:53:29.146027,Groceries,6,206.68,0.101,user1042@example.com,555-665-4434,West
ORD-101444,CUST-507,2026-07-08 23:53:29.146027,2026-07-10 03:53:29.146027,Appparel,9,137.24,0.156,user468@example.com,555-441-8951,South
ORD-103852,CUST-435,2026-07-02 23:53:29.146027,2026-07-04 00:53:29.146027,Groceries,6,260.14,0.157,user1015@example.com,555-987-9229,North
ORD-101674,CUST-25,2026-02-18 23:53:29.146027,2026-02-19 07:53:29.146027,Home & Garden,4,445.11,0.162,user1198@example.com,555-530-9424,East
ORD-103626,CUST-99,2026-01-17 23:53:29.146027,2026-01-18 17:53:29.146027,Toys,7,284.81,0.183,user1077@example.com,555-817-6009,South
ORD-101289,CUST-862,2026-04-19 23:53:29.146027,2026-04-20 03:53:29.146027,Electronics,6,182.56,0.078,user1059@example.com,555-748-1866,North
ORD-102731,CUST-594,2026-08-08 23:53:29.146027,2026-08-09 12:53:29.146027,Toys,9,267.1,0.108,,555-310-2702,South
ORD-104833,CUST-898,2026-03-25 23:53:29.146027,2026-03-26 05:53:29.146027,Sports,7,301.94,0.234,user508@example.com,555-571-8999,West
ORD-100054,CUST-1153,2026-08-13 23:53:29.146027,2026-08-15 04:53:29.146027,Home & Garden,2,144.57,0.006,user100@example.com,555-598-4628,West
ORD-103731,CUST-422,2026-05-03 23:53:29.146027,2026-05-05 18:53:29.146027,Groceries,9,329.19,0.063,user108@example.com,555-455-4584,South
ORD-104288,CUST-745,2026-03-31 23:53:29.146027,2026-04-02 05:53:29.146027,Groceries,8,283.96,0.161,user164@example.com,555-223-4581,West
ORD-104422,CUST-435,2026-06-10 23:53:29.146027,2026-06-11 01:53:29.146027,Electronics,6,106.06,0.204,user389@example.com,555-575-8769,West
ORD-101146,CUST-1059,2026-03-05 23:53:29.146027,2026-03-06 21:53:29.146027,Electronics,9,251.84,0.214,user691@example.com,555-775-9401,East
ORD-104731,CUST-59,2026-05-08 23:53:29.146027,2026-05-10 20:53:29.146027,Groceries,4,394.39,0.027,user261@example.com,555-529-3693,East
ORD-100459,CUST-356,2026-08-11 23:53:29.146027,2026-08-13 04:53:29.146027,Sports,4,249.21,0.035,user625@example.com,555-126-2814,South
ORD-103924,CUST-427,2026-08-26 23:53:29.146027,2026-08-27 05:53:29.146027,Apparel,4,220.18,0.028,user323@example.com,555-718-2743,South
ORD-104079,CUST-673,2026-08-08 23:53:29.146027,2026-08-09 15:53:29.146027,Toys,2,138.01,0.098,user250@example.com,555-600-3485,South
ORD-104873,CUST-609,2026-04-27 23:53:29.146027,2026-04-28 06:53:29.146027,Groceries,3,476.87,0.218,user119@example.com,555-327-9557,North
ORD-100681,CUST-1014,2026-04-01 23:53:29.146027,2026-04-03 11:53:29.146027,Home & Garden,8,217.8,0.077,user425@example.com,555-479-4592,North
ORD-103839,CUST-265,2026-08-02 23:53:29.146027,2026-08-04 20:53:29.146027,Toys,6,17.73,0.054,user1016@example.com,555-422-6906,East
ORD-103576,CUST-1063,2026-03-07 23:53:29.146027,2026-03-08 07:53:29.146027,Electronics,2,50.21,0.281,user466@example.com,555-975-2331,South
ORD-101837,CUST-15,2026-03-13 23:53:29.146027,2026-03-14 02:53:29.146027,Apparel,1,110.48,0.002,user689@example.com,555-131-1012,South
ORD-102522,CUST-624,2026-08-29 23:53:29.146027,2026-08-31 16:53:29.146027,Home & Garden,2,297.5,0.1,user815@example.com,555-932-1073,South
ORD-100328,CUST-864,2026-07-27 23:53:29.146027,2026-07-29 19:53:29.146027,Home & Garden,4,284.31,0.172,user560@example.com,555-681-9743,East
ORD-102878,CUST-141,2026-07-28 23:53:29.146027,2026-07-30 04:53:29.146027,Groceries,9,150.03,0.131,user1136@example.com,555-399-7330,North
ORD-100210,CUST-17,2026-07-10 23:53:29.146027,2026-07-12 10:53:29.146027,Home & Garden,5,418.93,0.144,user19@example.com,555-551-5526,West
ORD-104282,CUST-922,2026-08-12 23:53:29.146027,2026-08-14 20:53:29.146027,Home & Garden,7,52.54,0.18,user524@example.com,555-368-9299,East
ORD-102419,CUST-648,2026-09-23 23:53:29.146027,2026-09-24 15:53:29.146027,Home & Garden,2,323.26,0.153,user63@example.com,555-696-2867,South
ORD-104063,CUST-657,2026-02-09 23:53:29.146027,2026-02-11 00:53:29.146027,Groceries,6,128.59,0.215,user681@example.com,555-106-9020,North
ORD-102460,CUST-1071,2026-03-14 23:53:29.146027,2026-03-15 16:53:29.146027,Home & Garden,5,23.97,0.177,user986@example.com,555-935-4408,North
ORD-101521,CUST-409,2026-04-13 23:53:29.146027,2026-04-14 07:53:29.146027,Groceries,4,369.18,0.285,user76@example.com,555-116-4771,North
ORD-103562,CUST-139,2026-09-04 23:53:29.146027,2026-09-05 01:53:29.146027,Apparel,5,39.32,0.25,user1110@example.com,555-921-3381,
ORD-100372,CUST-1006,2026-02-21 23:53:29.146027,2026-02-22 13:53:29.146027,Sports,8,221.34,0.163,user651@example.com,555-408-7724,North
ORD-104062,CUST-1015,2026-05-11 23:53:29.146027,2026-05-12 16:53:29.146027,Electronics,7,147.63,0.255,user1112@example.com,555-699-1160,West
ORD-104239,CUST-734,2026-04-06 23:53:29.146027,2026-04-08 10:53:29.146027,Electronics,1,194.26,0.058,user58@example.com,555-647-4798,North
ORD-100594,CUST-209,2026-08-09 23:53:29.146027,2026-08-11 07:53:29.146027,Toys,2,211.55,0.031,user131@example.com,555-269-6258,West
ORD-103894,CUST-1041,2026-09-30 23:53:29.146027,2026-10-01 05:53:29.146027,Sports,9,444.66,0.013,user1101@example.com,555-360-3566,North
ORD-104936,CUST-117,2026-07-16 23:53:29.146027,2026-07-18 08:53:29.146027,Sports,7,249.66,0.195,user1182@example.com,555-322-9549,West
ORD-104994,CUST-274,2026-01-25 23:53:29.146027,2026-01-27 15:53:29.146027,Toys,6,181.98,0.297,user55@example.com,555-355-8972,South
ORD-100651,CUST-408,2026-02-09 23:53:29.146027,2026-02-10 18:53:29.146027,Apparel,3,289.58,0.02,,555-115-8809,North
ORD-101506,CUST-899,2026-05-19 23:53:29.146027,2026-05-21 07:53:29.146027,Home & Garden,9,385.94,0.181,user283@example.com,555-568-9664,North
ORD-103425,CUST-780,2026-08-05 23:53:29.146027,2026-08-07 10:53:29.146027,Home & Garden,6,129.69,0.004,user761@example.com,555-728-8294,West
ORD-102026,CUST-454,2026-03-20 23:53:29.146027,2026-03-22 00:53:29.146027,Electronics,9,270.3,0.222,user729@example.com,555-495-3988,East
ORD-103343,CUST-1103,2026-04-13 23:53:29.146027,2026-04-15 13:53:29.146027,Groceries,2,87.35,0.14,user321@example.com,555-954-1376,North
ORD-104878,CUST-148,2026-04-02 23:53:29.146027,2026-04-03 00:53:29.146027,Toys,1,478.82,0.293,user532@example.com,555-584-7272,North
ORD-101905,CUST-13,2026-08-15 23:53:29.146027,2026-08-16 17:53:29.146027,Electronics,6,129.66,0.096,user296@example.com,555-844-2561,South
ORD-100961,CUST-1131,2026-03-27 23:53:29.146027,2026-03-29 06:53:29.146027,Sports,2,454.84,0.204,user244@example.com,555-109-9766,East
ORD-104403,CUST-294,2026-03-23 23:53:29.146027,2026-03-24 02:53:29.146027,Groceries,6,342.08,0.028,user97@example.com,555-742-3320,West
ORD-103931,CUST-420,2026-02-19 23:53:29.146027,2026-02-20 11:53:29.146027,Apparel,2,22.42,0.224,user79@example.com,555-367-1462,East
ORD-102837,CUST-666,2026-02-17 23:53:29.146027,2026-02-18 05:53:29.146027,Toys,6,86.34,0.115,user1032@example.com,555-635-9438,South
ORD-104432,CUST-542,2026-04-30 23:53:29.146027,2026-05-02 02:53:29.146027,Groceries,5,100.57,0.197,user372@example.com,555-351-3872,North
ORD-104787,CUST-64,2026-05-12 23:53:29.146027,2026-05-14 17:53:29.146027,Home & Garden,8,51.78,0.154,user693@example.com,555-254-1273,East
ORD-102711,CUST-1076,2026-09-04 23:53:29.146027,2026-09-06 05:53:29.146027,Groceries,9,178.69,0.033,user633@example.com,555-694-9845,East
ORD-104081,CUST-942,2026-01-17 23:53:29.146027,2026-01-19 19:53:29.146027,Sports,9,227.69,0.221,,555-994-9149,East
ORD-104662,CUST-237,2026-05-24 23:53:29.146027,2026-05-25 09:53:29.146027,Toys,3,98.39,0.125,user44@example.com,555-269-7852,West
ORD-102061,CUST-770,2026-05-23 23:53:29.146027,2026-05-24 00:53:29.146027,Home & Garden,1,308.91,0.197,user396@example.com,555-522-9506,East
ORD-102347,CUST-113,2026-09-24 23:53:29.146027,2026-09-25 17:53:29.146027,Toys,3,266.11,0.092,user205@example.com,555-253-4081,East
ORD-102586,CUST-30,2026-08-07 23:53:29.146027,2026-08-08 16:53:29.146027,Toys,3,2511.0,0.241,user1047@example.com,555-636-2211,East
ORD-103560,CUST-1103,2026-01-21 23:53:29.146027,2026-01-23 18:53:29.146027,Home & Garden,1,140.72,0.127,user708@example.com,555-318-4335,South
ORD-100674,CUST-965,2026-02-15 23:53:29.146027,2026-02-17 04:53:29.146027,Sports,5,30.32,0.076,user784@example.com,555-171-6491,North
ORD-103668,CUST-802,2026-02-12 23:53:29.146027,2026-02-14 12:53:29.146027,Toys,4,408.05,0.25,user354@example.com,555-463-1721,North
ORD-100876,CUST-21,2026-01-25 23:53:29.146027,2026-01-26 20:53:29.146027,Toys,4,60.5,0.165,user1010@example.com,555-186-7058,South
ORD-100187,CUST-342,2026-06-03 23:53:29.146027,2026-06-05 06:53:29.146027,Groceries,5,50.71,0.119,user73@example.com,555-960-3959,East
ORD-104669,CUST-896,2026-08-18 23:53:29.146027,2026-08-19 02:53:29.146027,Apparel,1,259.51,0.076,user374@example.com,555-943-7850,East
ORD-102145,CUST-790,2026-05-13 23:53:29.146027,2026-05-14 20:53:29.146027,Electronics,2,330.81,0.264,user249@example.com,555-898-6427,South
ORD-102173,CUST-271,2026-01-20 23:53:29.146027,2026-01-21 04:53:29.146027,Apparel,2,415.72,0.202,user185@example.com,555-469-5543,South
ORD-100221,CUST-134,2026-08-01 23:53:29.146027,2026-08-03 20:53:29.146027,Home & Garden,8,16.54,0.248,user230@example.com,555-386-6214,South
ORD-102810,CUST-564,2026-08-13 23:53:29.146027,2026-08-14 02:53:29.146027,Home & Garden,8,123.79,0.075,user165@example.com,555-163-1744,South
ORD-103159,CUST-113,2026-09-18 23:53:29.146027,2026-09-19 20:53:29.146027,Apparel,5,417.3,0.202,user897@example.com,555-797-5022,North
ORD-100305,CUST-709,2026-07-08 23:53:29.146027,2026-07-09 00:53:29.146027,Electronics,2,469.12,0.218,user771@example.com,555-241-3292,North
ORD-100370,CUST-544,2026-03-28 23:53:29.146027,2026-03-30 21:53:29.146027,Toys,7,65.07,0.102,user11@example.com,555-603-7830,North
ORD-101012,CUST-1070,2026-08-17 23:53:29.146027,2026-08-18 20:53:29.146027,Sports,1,388.23,0.218,user160@example.com,555-998-3754,East
ORD-101430,CUST-304,2026-04-28 23:53:29.146027,2026-04-29 20:53:29.146027,Electronics,7,355.97,0.275,user922@example.com,555-195-2258,East
ORD-102226,CUST-412,2026-07-09 23:53:29.146027,2026-07-10 23:53:29.146027,Sports,8,107.77,0.004,user591@example.com,555-224-9571,West
ORD-104493,CUST-407,2026-09-26 23:53:29.146027,2026-09-28 14:53:29.146027,Sports,8,459.7,0.087,user124@example.com,555-198-2374,North
ORD-104788,CUST-24,2026-03-06 23:53:29.146027,2026-03-07 04:53:29.146027,Sports,8,292.86,0.083,user361@example.com,555-961-7982,West
ORD-101263,CUST-307,2026-08-23 23:53:29.146027,2026-08-25 18:53:29.146027,Home & Garden,1,303.52,0.061,user1192@example.com,555-291-6599,South
ORD-104431,CUST-350,2026-08-01 23:53:29.146027,2026-08-03 00:53:29.146027,Toys,3,474.03,0.291,user1136@example.com,555-295-2445,West
ORD-103305,CUST-593,2026-01-25 23:53:29.146027,2026-01-27 19:53:29.146027,Groceries,9,76.59,0.085,user755@example.com,555-863-7280,South
ORD-104769,CUST-969,2026-09-06 23:53:29.146027,2026-09-08 09:53:29.146027,Toys,N/A,284.64,0.237,user1044@example.com,555-666-4400,South
ORD-104392,CUST-1004,2026-07-08 23:53:29.146027,2026-07-10 00:53:29.146027,Home & Garden,5,422.12,0.123,user334@example.com,555-478-4460,West
ORD-102616,CUST-740,2026-01-31 23:53:29.146027,2026-02-02 08:53:29.146027,Home & Garden,6,131.5,0.019,user1139@example.com,555-279-2918,
ORD-104780,CUST-408,2026-02-27 23:53:29.146027,2026-03-01 08:53:29.146027,Toys,7,17.6,0.105,user3@example.com,555-630-3683,East
ORD-103738,CUST-528,2026-04-14 23:53:29.146027,2026-04-16 14:53:29.146027,Groceries,9,186.54,0.113,,555-889-9195,North
ORD-101533,CUST-283,2026-03-17 23:53:29.146027,2026-03-19 16:53:29.146027,Sports,5,62.84,0.277,user252@example.com,555-405-8279,West
ORD-100974,CUST-1074,2026-03-14 23:53:29.146027,2026-03-15 10:53:29.146027,Electronics,6,32.85,0.19,user167@example.com,555-193-5462,East
ORD-102765,CUST-1096,2026-04-17 23:53:29.146027,2026-04-18 06:53:29.146027,Groceries,4,285.46,0.245,user427@example.com,555-479-7995,South
ORD-100531,CUST-429,2026-01-28 23:53:29.146027,2026-01-29 15:53:29.146027,Electronics,4,414.06,0.201,user995@example.com,555-447-9561,East
ORD-100760,CUST-883,2026-08-08 23:53:29.146027,2026-08-10 11:53:29.146027,Home & Garden,1,301.24,0.122,user277@example.com,555-783-1889,West
ORD-102508,CUST-94,2026-09-02 23:53:29.146027,2026-09-04 10:53:29.146027,Home & Garden,9,362.95,0.001,user268@example.com,555-219-1471,East
ORD-102720,CUST-757,2026-03-03 23:53:29.146027,2026-03-05 08:53:29.146027,Groceries,7,53.27,0.152,user346@example.com,555-175-8021,East
ORD-100183,CUST-13,2026-08-31 23:53:29.146027,2026-09-01 04:53:29.146027,Electronics,9,403.57,0.282,user682@example.com,555-388-7571,West
ORD-104818,CUST-339,2026-07-26 23:53:29.146027,2026-07-27 22:53:29.146027,Home & Garden,7,83.09,0.078,user978@example.com,555-663-1205,West
ORD-102389,CUST-173,2026-03-18 23:53:29.146027,2026-03-19 02:53:29.146027,Toys,5,306.32,0.06,user110@example.com,555-210-8158,North
ORD-104667,CUST-887,2026-09-14 23:53:29.146027,2026-09-16 18:53:29.146027,Groceries,7,350.14,0.188,user1050@example.com,555-417-3605,South
ORD-101951,CUST-668,2026-08-27 23:53:29.146027,2026-08-29 12:53:29.146027,Groceries,7,12.41,0.182,,555-127-5453,East
ORD-101730,CUST-514,2026-09-16 23:53:29.146027,2026-09-18 22:53:29.146027,Toys,5,61.08,0.177,user509@example.com,555-837-8989,South
ORD-102942,CUST-1115,2026-01-21 23:53:29.146027,2026-01-22 05:53:29.146027,Groceries,5,276.36,0.111,user745@example.com,555-780-4913,South
ORD-103594,CUST-903,2026-09-05 23:53:29.146027,2026-09-06 03:53:29.146027,Apparel,1,128.87,0.264,user463@example.com,555-546-6036,East
ORD-104593,CUST-1051,2026-08-25 23:53:29.146027,2026-08-27 21:53:29.146027,Electronics,4,492.09,0.144,user772@example.com,555-224-6727,West
ORD-102079,CUST-291,2026-01-11 23:53:29.146027,2026-01-12 17:53:29.146027,Electronics,2,463.26,0.164,user367@example.com,555-873-2605,West
ORD-103019,CUST-872,2026-01-15 23:53:29.146027,2026-01-16 22:53:29.146027,Sports,6,216.44,0.243,,555-230-5404,South
ORD-104880,CUST-904,2026-09-06 23:53:29.146027,2026-09-07 08:53:29.146027,Groceries,8,430.12,0.17,user1080@example.com,555-372-7220,West
ORD-104147,CUST-980,2026-05-07 23:53:29.146027,2026-05-09 20:53:29.146027,Apparel,2,90.78,0.147,user849@example.com,555-987-8550,South
ORD-103757,CUST-302,2026-04-07 23:53:29.146027,2026-04-09 17:53:29.146027,Sports,1,175.25,0.058,user228@example.com,555-851-4511,East
ORD-103227,CUST-1053,2026-06-23 23:53:29.146027,2026-06-24 23:53:29.146027,Electronics,8,27.69,0.047,user113@example.com,555-878-8777,West
ORD-103335,CUST-816,2026-01-10 23:53:29.146027,2026-01-12 15:53:29.146027,Toys,3,176.16,0.143,user1174@example.com,555-438-4293,East
ORD-104046,CUST-737,2026-02-01 23:53:29.146027,2026-02-03 02:53:29.146027,Apparel,8,475.52,0.204,user818@example.com,555-843-2101,South
ORD-103161,CUST-322,2026-09-25 23:53:29.146027,2026-09-26 01:53:29.146027,Apparel,4,245.13,0.061,user117@example.com,555-785-9548,West
ORD-104317,CUST-532,2026-08-19 23:53:29.146027,2026-08-20 18:53:29.146027,Groceries,1,35.38,0.155,user152@example.com,555-888-6424,East
ORD-101662,CUST-751,2026-07-11 23:53:29.146027,2026-07-12 19:53:29.146027,Toys,3,49.52,0.056,user37@example.com,555-342-2907,South
ORD-104763,CUST-623,2026-07-27 23:53:29.146027,2026-07-28 11:53:29.146027,Home & Garden,4,408.72,0.141,user652@example.com,555-127-1262,West
ORD-102732,CUST-1113,2026-07-04 23:53:29.146027,2026-07-05 23:53:29.146027,Apparel,6,135.21,0.283,user1011@example.com,555-123-3129,East
ORD-102261,CUST-21,2026-03-19 23:53:29.146027,2026-03-21 02:53:29.146027, Toys ,3,149.2,0.265,user1029@example.com,555-998-1459,West
ORD-104179,CUST-1136,2026-08-17 23:53:29.146027,2026-08-18 14:53:29.146027,Home & Garden,7,389.69,0.08,user792@example.com,555-443-4123,East
ORD-104755,CUST-1040,2026-03-27 23:53:29.146027,2026-03-28 16:53:29.146027,Toys,5,469.0,0.18,user707@example.com,555-665-4897,North
ORD-104253,CUST-700,2026-02-24 23:53:29.146027,2026-02-25 10:53:29.146027,Sports,1,344.21,0.16,user977@example.com,555-998-9805,North
ORD-100582,CUST-459,2026-09-03 23:53:29.146027,2026-09-04 04:53:29.146027,Sports,5,111.0,0.23,user573@example.com,555-607-7365,South
ORD-100951,CUST-566,2026-07-05 23:53:29.146027,2026-07-07 00:53:29.146027,Sports,1,396.16,0.208,user399@example.com,555-244-9705,East
ORD-103138,CUST-684,2026-09-16 23:53:29.146027,2026-09-18 00:53:29.146027,TOYS,1,455.23,0.054,user255@example.com,555-283-5928,South
ORD-101591,CUST-423,2026-06-09 23:53:29.146027,2026-06-11 00:53:29.146027,Sports,9,146.5,0.194,user648@example.com,555-720-5424,East
ORD-100446,CUST-960,2026-04-21 23:53:29.146027,2026-04-23 21:53:29.146027,Groceries,7,406.18,0.121,user31@example.com,555-229-3739,East
ORD-100229,CUST-723,2026-01-08 23:53:29.146027,2026-01-09 01:53:29.146027,toys,6,321.5,0.034,user518@example.com,555-560-5045,East
ORD-101218,CUST-171,2026-01-10 23:53:29.146027,2026-01-12 16:53:29.146027,Electronics,8,463.28,0.097,user965@example.com,555-648-8220,East
ORD-100723,CUST-6,2026-05-29 23:53:29.146027,2026-05-31 16:53:29.146027,Sports,6,333.04,0.082,user454@example.com,555-261-1798,West
ORD-104022,CUST-78,2026-04-13 23:53:29.146027,2026-04-14 18:53:29.146027,Toys,9,402.6,0.183,user334@example.com,555-980-6374,East
ORD-102016,CUST-236,2026-04-09 23:53:29.146027,2026-04-11 05:53:29.146027,Electronics,9,365.66,0.198,user1085@example.com,555-712-7182,West
ORD-102807,CUST-1181,2026-08-15 23:53:29.146027,2026-08-16 23:53:29.146027,Apparel,3,178.37,0.173,user252@example.com,555-299-1264,East
ORD-104691,CUST-1176,2026-08-05 23:53:29.146027,2026-08-07 19:53:29.146027,Apparel,2,44.68,0.231,user500@example.com,555-945-5929,West
ORD-101984,CUST-1115,2026-06-12 23:53:29.146027,2026-06-14 16:53:29.146027,Sports,9,320.95,0.167,user1149@example.com,555-272-8945,West
ORD-103453,CUST-80,2026-04-01 23:53:29.146027,2026-04-03 15:53:29.146027,Apparel,5,141.75,0.125,user1025@example.com,555-692-6408,South
ORD-104854,CUST-759,2026-01-29 23:53:29.146027,2026-01-31 06:53:29.146027,Sports,9,207.69,0.27,user1167@example.com,555-963-5617,West
ORD-101901,CUST-479,2026-06-11 23:53:29.146027,2026-06-13 05:53:29.146027,Electronics,9,167.33,0.237,user134@example.com,555-926-7281,East
ORD-104057,CUST-928,2026-05-16 23:53:29.146027,2026-05-18 16:53:29.146027,Electronics,3,52.98,0.235,user759@example.com,555-933-4293,South
ORD-103234,CUST-369,2026-08-08 23:53:29.146027,2026-08-09 07:53:29.146027,Electronics,6,230.89,0.177,user310@example.com,555-325-9646,East
ORD-101841,CUST-958,2026-04-25 23:53:29.146027,2026-04-27 05:53:29.146027,Apparel,3,311.11,0.194,user81@example.com,555-681-6126,East
ORD-101782,CUST-112,2026-07-19 23:53:29.146027,2026-07-21 13:53:29.146027,Apparel,6,222.01,0.283,user1144@example.com,555-578-5873,South
ORD-101059,CUST-225,2026-03-30 23:53:29.146027,2026-03-31 21:53:29.146027,Sports,3,375.18,0.183,user930@example.com,555-912-2854,North
ORD-100567,CUST-204,2026-05-27 23:53:29.146027,2026-05-28 03:53:29.146027,Electronics,-7,81.22,0.273,user32@example.com,555-410-2809,East
ORD-104772,CUST-212,2026-03-25 23:53:29.146027,2026-03-26 09:53:29.146027,Home & Garden,-1,38.92,0.035,user903@example.com,555-463-7927,East
ORD-103355,CUST-703,2026-04-17 23:53:29.146027,2026-04-18 04:53:29.146027,Toys,3,68.73,0.075,user94@example.com,555-123-7625,North
ORD-102501,CUST-248,2026-09-06 23:53:29.146027,2026-09-07 21:53:29.146027,Groceries,5,61.16,0.28,user337@example.com,555-551-2271,West
ORD-104297,CUST-572,2026-05-16 23:53:29.146027,2026-05-17 12:53:29.146027,Home & Garden,5,224.84,0.227,user294@example.com,555-786-7620,North
ORD-100631,CUST-591,2026-08-19 23:53:29.146027,2026-08-21 01:53:29.146027,Electronics,8,54.26,0.081,user698@example.com,555-172-2925,East
ORD-103679,CUST-147,2026-08-19 23:53:29.146027,2026-08-20 14:53:29.146027,Apparel,2,361.38,0.066,user345@example.com,555-595-4450,East
ORD-101583,CUST-618,2026-01-15 23:53:29.146027,2026-01-17 12:53:29.146027,Apparel,9,62.65,0.107,user342@example.com,555-182-6992,East
ORD-102209,CUST-78,2026-03-26 23:53:29.146027,2026-03-28 17:53:29.146027, Electronics ,9,364.98,0.093,user397@example.com,555-829-5484,South
ORD-104491,CUST-434,2026-05-19 23:53:29.146027,2026-05-20 08:53:29.146027,Home & Garden,9,188.85,0.229,user81@example.com,555-555-7307,West
ORD-102905,CUST-4,2026-02-04 23:53:29.146027,2026-02-06 20:53:29.146027,Electronics,9,387.06,0.035,user1098@example.com,555-837-6534,West
ORD-104778,CUST-278,2026-02-18 23:53:29.146027,2026-02-20 15:53:29.146027,Sports,6,43.72,0.174,user835@example.com,555-284-5259,West
ORD-104559,CUST-39,2026-06-21 23:53:29.146027,2026-06-22 06:53:29.146027,Sports,5,215.8,0.195,user480@example.com,555-358-4068,South
ORD-100638,CUST-449,2026-01-14 23:53:29.146027,2026-01-16 01:53:29.146027,Sports,1,142.48,0.032,user1153@example.com,555-514-3220,West
ORD-104766,CUST-143,2026-08-22 23:53:29.146027,2026-08-24 04:53:29.146027,Groceries,3,245.56,0.148,user387@example.com,555-287-3250,West
ORD-102410,CUST-209,2026-09-03 23:53:29.146027,2026-09-03 23:53:29.146027,Sports,2,344.57,0.146,user447@example.com,555-822-7119,West
ORD-104380,CUST-246,2026-06-20 23:53:29.146027,2026-06-21 16:53:29.146027,Groceries,-5,98.48,0.112,user1137@example.com,555-690-6263,South
ORD-103092,CUST-662,2026-04-08 23:53:29.146027,2026-04-10 14:53:29.146027,Toys,7,125.28,0.108,user342@example.com,555-309-9072,North
ORD-103613,CUST-896,2026-03-26 23:53:29.146027,2026-03-28 16:53:29.146027,Toys,3,244.73,0.13,user1070@example.com,555-951-5181,West
ORD-100746,CUST-598,2026-09-24 23:53:29.146027,2026-09-25 07:53:29.146027,Sports,6,27.73,0.281,user754@example.com,555-901-1275,North
ORD-103115,CUST-922,2026-08-17 23:53:29.146027,2026-08-18 22:53:29.146027,Groceries,5,185.31,0.297,user1087@example.com,555-826-4384,East
ORD-104893,CUST-1084,2026-05-14 23:53:29.146027,2026-05-16 20:53:29.146027,Electronics,3,6.91,0.288,user495@example.com,555-367-4142,North
ORD-100921,CUST-950,2026-05-12 23:53:29.146027,2026-05-13 08:53:29.146027,Apparel,4,451.04,0.228,user114@example.com,555-946-2047,North
ORD-101748,CUST-1061,2026-09-27 23:53:29.146027,2026-09-29 13:53:29.146027,Electronics,9,146.17,0.147,user86@example.com,555-846-1841,West
ORD-103016,CUST-1190,2026-01-26 23:53:29.146027,2026-01-28 20:53:29.146027,Apparel,8,15.28,0.135,user607@example.com,555-656-4676,North
ORD-101235,CUST-288,2026-02-14 23:53:29.146027,2026-02-15 16:53:29.146027,Groceries,9,77.14,0.027,user338@example.com,555-434-7480,North
ORD-103509,CUST-245,2026-03-10 23:53:29.146027,2026-03-11 21:53:29.146027,Home & Garden,9,270.95,0.049,user1041@example.com,555-547-9470,East
ORD-101915,CUST-540,2026-09-27 23:53:29.146027,2026-09-28 05:53:29.146027,Sports,7,233.69,0.044,user94@example.com,555-527-6997,East
ORD-100500,CUST-649,2026-03-30 23:53:29.146027,2026-03-31 16:53:29.146027,Electronics,1,182.95,0.083,,555-872-6280,North
ORD-103033,CUST-334,2026-06-27 23:53:29.146027,2026-06-28 10:53:29.146027,Groceries,6,397.92,0.26,user87@example.com,555-886-5115,West
ORD-104381,CUST-82,2026-05-31 23:53:29.146027,2026-06-01 11:53:29.146027,Groceries,9,67.37,0.089,user276@example.com,555-661-6183,South
ORD-102780,CUST-868,2026-09-17 23:53:29.146027,2026-09-18 04:53:29.146027,Home & Garden,-3,53.08,0.149,,555-216-3291,East
ORD-101684,CUST-1103,2026-09-11 23:53:29.146027,2026-09-12 08:53:29.146027,Home & Garden,9,470.29,0.228,user404@example.com,555-922-9969,West
ORD-103753,CUST-762,2026-04-12 23:53:29.146027,2026-04-13 19:53:29.146027,Home & Garden,6,289.6,0.024,user1193@example.com,555-804-1443,West
ORD-103190,CUST-1178,2026-01-30 23:53:29.146027,2026-01-31 16:53:29.146027,Sports,2,385.39,0.203,user791@example.com,555-290-2082,North
ORD-100171,CUST-749,2026-06-29 23:53:29.146027,2026-07-01 14:53:29.146027,Toys,9,200.52,0.104,user481@example.com,555-198-9853,East
ORD-102481,CUST-545,2026-01-18 23:53:29.146027,2026-01-19 20:53:29.146027,Home & Garden,7,483.96,0.27,user1133@example.com,555-285-3299,South
ORD-101166,CUST-1047,2026-03-22 23:53:29.146027,2026-03-23 16:53:29.146027,Home & Garden,8,9.61,0.183,user1167@example.com,555-426-7690,South
ORD-102600,CUST-1032,2026-07-10 23:53:29.146027,2026-07-12 12:53:29.146027,Groceries,2,28.94,0.003,user652@example.com,555-289-4538,West
ORD-102113,CUST-1048,2026-05-24 23:53:29.146027,2026-05-25 19:53:29.146027,Apparel,5,298.03,0.092,user277@example.com,555-966-5369,North
ORD-103818,CUST-455,2026-07-15 23:53:29.146027,2026-07-16 15:53:29.146027,Groceries,3,119.94,0.016,user1113@example.com,555-229-1002,South
ORD-104442,CUST-934,2026-07-17 23:53:29.146027,2026-07-19 10:53:29.146027,Groceries,8,285.96,0.132,user1013@example.com,555-814-2103,South
ORD-100588,CUST-492,2026-02-11 23:53:29.146027,2026-02-12 02:53:29.146027,Apparel,6,312.96,0.047,user346@example.com,555-583-6222,East
ORD-102565,CUST-1003,2026-05-05 23:53:29.146027,2026-05-06 07:53:29.146027,Electronics,4,330.18,0.047,user349@example.com,555-344-9383,South
ORD-101718,CUST-705,2026-08-08 23:53:29.146027,2026-08-10 04:53:29.146027,Groceries,1,140.91,0.004,user439@example.com,555-413-7136,West
ORD-103714,CUST-84,2026-08-23 23:53:29.146027,2026-08-25 14:53:29.146027,Apparel,5,3.6,0.001,user290@example.com,555-237-9614,West
ORD-102553,CUST-51,2026-04-28 23:53:29.146027,2026-04-30 18:53:29.146027,Electronics,8,494.91,0.251,user860@example.com,555-214-3097,West
ORD-101003,CUST-1051,2026-08-18 23:53:29.146027,2026-08-20 14:53:29.146027,Groceries,6,453.8,0.17,user67@example.com,555-197-8054,West
ORD-104886,CUST-296,2026-07-01 23:53:29.146027,2026-07-02 07:53:29.146027,Home & Garden,2,358.39,0.131,user359@example.com,555-949-5736,East
ORD-101836,CUST-280,2026-08-21 23:53:29.146027,2026-08-23 17:53:29.146027,Toys,8,161.97,0.11,user694@example.com,555-615-3598,West
ORD-102469,CUST-77,2026-02-26 23:53:29.146027,2026-02-27 18:53:29.146027,Home & Garden,6,18.95,0.287,user171@example.com,555-557-8563,East
ORD-103360,CUST-186,2026-03-15 23:53:29.146027,2026-03-16 09:53:29.146027,Home & Garden,N/A,81.5,0.283,user904@example.com,555-721-8955,North
ORD-100934,CUST-555,2026-01-30 23:53:29.146027,2026-01-31 15:53:29.146027,Home & Garden,4,116.33,0.129,user1022@example.com,555-885-7879,West
ORD-104368,CUST-188,2026-05-25 23:53:29.146027,2026-05-26 14:53:29.146027,Sports,7,62.1,0.275,user551@example.com,555-697-6608,
ORD-100431,CUST-74,2026-04-01 23:53:29.146027,2026-04-02 12:53:29.146027,Groceries,9,128.19,0.299,user57@example.com,555-733-4612,West
ORD-101078,CUST-50,2026-04-19 23:53:29.146027,2026-04-21 08:53:29.146027,Toys,3,164.82,0.09,user859@example.com,555-473-6367,North
ORD-102754,CUST-161,2026-03-15 23:53:29.146027,2026-03-17 17:53:29.146027,Home & Garden,8,174.6,0.135,user216@example.com,555-475-5556,West
ORD-100799,CUST-84,2026-06-17 23:53:29.146027,2026-06-18 19:53:29.146027,Electronics,8,147.61,0.09,user503@example.com,555-744-7995,West
ORD-103557,CUST-984,2026-01-30 23:53:29.146027,2026-01-31 04:53:29.146027,Sports,9,210.39,0.113,user733@example.com,555-792-7396,West
ORD-101868,CUST-569,2026-02-07 23:53:29.146027,2026-02-09 19:53:29.146027,Sports,3,395.13,0.093,user618@example.com,555-619-4731,West
ORD-101921,CUST-836,2026-05-02 23:53:29.146027,2026-05-03 07:53:29.146027,Electronics,2,232.51,0.27,user406@example.com,555-549-6292,South
ORD-101189,CUST-188,2026-04-07 23:53:29.146027,2026-04-09 05:53:29.146027,Home & Garden,1,487.2,0.094,user767@example.com,555-516-6344,East
ORD-101402,CUST-354,2026-07-11 23:53:29.146027,2026-07-12 06:53:29.146027,Toys,4,11083.0,0.166,user895@example.com,555-798-1034,South
ORD-102681,CUST-926,2026-04-10 23:53:29.146027,2026-04-11 10:53:29.146027,Sports,6,77.71,0.027,user18@example.com,555-654-1778,East
ORD-101979,CUST-902,2026-03-17 23:53:29.146027,2026-03-19 00:53:29.146027,Sports,8,173.86,0.21,user280@example.com,555-310-8859,West
ORD-103549,CUST-814,2026-04-11 23:53:29.146027,2026-04-12 06:53:29.146027,Home & Garden,6,124.24,0.018,user124@example.com,555-918-9235,East
ORD-100905,CUST-1037,2026-08-16 23:53:29.146027,2026-08-18 10:53:29.146027,Toys,7,254.24,0.144,user660@example.com,555-924-7612,East
ORD-103496,CUST-721,2026-07-27 23:53:29.146027,2026-07-29 11:53:29.146027,apparel,3,245.48,0.204,user700@example.com,555-154-5125,East
ORD-101208,CUST-221,2026-04-29 23:53:29.146027,2026-05-01 10:53:29.146027,toys,6,259.61,0.21,user556@example.com,555-661-1269,West
ORD-104134,CUST-227,2026-04-30 23:53:29.146027,2026-05-02 01:53:29.146027,Toys,8,275.48,0.116,user659@example.com,555-356-5728,West
ORD-100132,CUST-1112,2026-01-21 23:53:29.146027,2026-01-22 08:53:29.146027,Home & Garden,9,37.46,0.153,user533@example.com,555-184-8222,North
ORD-102687,CUST-922,2026-06-07 23:53:29.146027,2026-06-08 17:53:29.146027,Toys,-9,281.77,0.165,user295@example.com,555-984-2340,North
ORD-104823,CUST-332,2026-03-18 23:53:29.146027,2026-03-20 17:53:29.146027,Electronics,3,16.14,0.085,user6@example.com,555-667-5795,South
ORD-103126,CUST-595,2026-03-13 23:53:29.146027,2026-03-15 21:53:29.146027,Toys,6,99.78,0.07,user707@example.com,555-254-8683,North
ORD-103832,CUST-88,2026-03-11 23:53:29.146027,2026-03-13 11:53:29.146027,Toys,7,487.88,0.273,user246@example.com,555-648-8056,South
ORD-104097,CUST-636,2026-08-24 23:53:29.146027,2026-08-25 03:53:29.146027,Groceries,8,202.55,0.232,user650@example.com,555-224-9224,North
ORD-102391,CUST-519,2026-06-06 23:53:29.146027,2026-06-08 01:53:29.146027,Electronics,4,197.34,0.277,user402@example.com,555-748-2264,North
ORD-102040,CUST-592,2026-09-23 23:53:29.146027,2026-09-25 00:53:29.146027,Home & Garden,7,464.3,0.101,user973@example.com,555-178-1542,South
ORD-100831,CUST-407,2026-07-12 23:53:29.146027,2026-07-13 03:53:29.146027,Home & Garden,2,80.32,0.27,user942@example.com,555-422-7619,South
ORD-102747,CUST-582,2026-03-26 23:53:29.146027,2026-03-28 09:53:29.146027,Apparel,3,463.77,0.229,user701@example.com,555-102-8911,South
ORD-103038,CUST-1048,2026-09-03 23:53:29.146027,2026-09-05 14:53:29.146027,groceries,1,433.55,0.291,user694@example.com,555-411-5487,South
ORD-102857,CUST-282,2026-01-31 23:53:29.146027,2026-01-31 23:53:29.146027,Home & Garden,3,19.21,0.033,user936@example.com,555-196-2070,South
ORD-100426,CUST-915,2026-03-29 23:53:29.146027,2026-03-30 14:53:29.146027,Home & Garden,9,353.47,0.256,user382@example.com,555-374-8017,South
ORD-101900,CUST-286,2026-08-30 23:53:29.146027,2026-09-01 16:53:29.146027,Home & Garden,6,494.03,0.259,user66@example.com,555-459-6280,North
ORD-101530,CUST-562,2026-08-12 23:53:29.146027,2026-08-14 02:53:29.146027,Toys,4,473.64,0.177,,555-530-2364,East
ORD-104061,CUST-404,2026-08-01 23:53:29.146027,2026-08-02 12:53:29.146027,Groceries,7,204.86,0.024,user449@example.com,555-875-5938,West
ORD-100444,CUST-535,2026-06-13 23:53:29.146027,2026-06-15 13:53:29.146027,Groceries,2,238.96,0.116,user1094@example.com,555-809-6064,South
ORD-104126,CUST-426,2026-03-01 23:53:29.146027,2026-03-03 18:53:29.146027,Apparel,5,379.61,0.284,user881@example.com,555-362-5529,North
ORD-102825,CUST-376,2026-08-19 23:53:29.146027,2026-08-21 12:53:29.146027,home & garden,4,378.89,0.243,user1109@example.com,555-306-7968,South
ORD-104436,CUST-544,2026-08-21 23:53:29.146027,2026-08-23 12:53:29.146027,Toys,2,51.56,0.146,user648@example.com,555-197-3093,West
ORD-104523,CUST-629,2026-01-24 23:53:29.146027,2026-01-26 12:53:29.146027,Home & Garden,9,436.52,0.197,,555-754-2320,North
ORD-103060,CUST-225,2026-08-29 23:53:29.146027,2026-08-31 17:53:29.146027,Groceries,1,200.46,0.119,user499@example.com,555-846-5882,South
ORD-104124,CUST-1108,2026-02-18 23:53:29.146027,2026-02-20 06:53:29.146027,Apparel,2,227.26,0.244,user956@example.com,555-584-1612,East
ORD-100909,CUST-682,2026-06-29 23:53:29.146027,2026-07-01 07:53:29.146027,Toys,9,18.9,0.145,user110@example.com,555-895-4657,North
ORD-100415,CUST-56,2026-09-23 23:53:29.146027,2026-09-25 10:53:29.146027,Electronics,6,207.51,0.253,user251@example.com,555-771-4674,North
ORD-100131,CUST-1163,2026-03-12 23:53:29.146027,2026-03-13 09:53:29.146027,Groceries,5,348.99,0.024,user547@example.com,555-616-3505,South
ORD-101895,CUST-404,2026-08-20 23:53:29.146027,2026-08-22 19:53:29.146027,Groceries,3,173.04,0.232,user167@example.com,555-964-2978,West
ORD-100917,CUST-55,2026-07-26 23:53:29.146027,2026-07-28 22:53:29.146027,Apparel,4,139.75,0.08,user1170@example.com,555-241-4609,North
ORD-104199,CUST-863,2026-01-19 23:53:29.146027,2026-01-21 00:53:29.146027,Apparel,9,221.09,0.257,user872@example.com,555-373-7852,North
ORD-100245,CUST-111,2026-08-09 23:53:29.146027,2026-08-10 10:53:29.146027,Home & Garden,2,184.89,0.212,user947@example.com,555-706-1613,
ORD-102721,CUST-297,2026-04-03 23:53:29.146027,2026-04-04 16:53:29.146027,Toys,3,366.2,0.101,,555-711-3496,North
ORD-101772,CUST-1132,2026-10-01 23:53:29.146027,2026-10-02 22:53:29.146027,Toys,2,88.36,0.101,user931@example.com,555-919-8898,East
ORD-102152,CUST-915,2026-08-23 23:53:29.146027,2026-08-24 15:53:29.146027,Home & Garden,7,486.41,0.036,user438@example.com,555-419-4987,West
ORD-100095,CUST-988,2026-06-02 23:53:29.146027,2026-06-03 09:53:29.146027, Toys ,8,234.1,0.131,user197@example.com,555-470-1359,West
ORD-100622,CUST-190,2026-02-03 23:53:29.146027,2026-02-04 16:53:29.146027,Apparel,7,130.44,0.008,user1097@example.com,555-309-5561,East
ORD-103503,CUST-713,2026-09-19 23:53:29.146027,2026-09-20 22:53:29.146027,Groceries,1,15.75,0.154,user663@example.com,555-351-4500,North
ORD-101058,CUST-767,2026-08-26 23:53:29.146027,2026-08-27 09:53:29.146027,electronics,6,152.21,0.206,user740@example.com,555-390-9283,West
ORD-101153,CUST-443,2026-07-05 23:53:29.146027,2026-07-06 14:53:29.146027,Home & Garden,7,284.07,0.007,user190@example.com,555-737-5706,East
ORD-100640,CUST-750,2026-09-13 23:53:29.146027,2026-09-15 15:53:29.146027,Home & Garden,1,104.19,0.164,user655@example.com,555-911-7323,South
ORD-102341,CUST-56,2026-01-30 23:53:29.146027,2026-01-31 20:53:29.146027,Sports,3,125.69,0.228,user795@example.com,555-148-8574,East
ORD-103650,CUST-531,2026-01-08 23:53:29.146027,2026-01-09 00:53:29.146027,Groceries,1,219.88,0.269,user948@example.com,555-828-2349,North
ORD-100625,CUST-343,2026-06-03 23:53:29.146027,2026-06-04 11:53:29.146027,Groceries,1,456.34,0.176,user460@example.com,555-699-2497,East
ORD-101262,CUST-673,2026-02-16 23:53:29.146027,2026-02-18 18:53:29.146027,Toys,2,284.4,0.054,user664@example.com,555-942-4853,South
ORD-102610,CUST-42,2026-05-28 23:53:29.146027,2026-05-30 16:53:29.146027,Electronics,6,53.72,0.23,user862@example.com,555-826-1901,West
ORD-100678,CUST-943,2026-02-17 23:53:29.146027,2026-02-18 10:53:29.146027,Home & Garden,2,174.89,0.131,user597@example.com,555-352-4334,West
ORD-101965,CUST-913,2026-09-13 23:53:29.146027,2026-09-14 06:53:29.146027,Apparel,7,63.15,0.266,user170@example.com,555-201-9369,North
ORD-102091,CUST-1077,2026-04-02 23:53:29.146027,2026-04-03 12:53:29.146027,Electronics,4,66.8,0.084,user408@example.com,555-777-6513,North
ORD-101209,CUST-705,2026-02-11 23:53:29.146027,2026-02-12 17:53:29.146027,Home & Garden,7,454.08,0.099,user886@example.com,555-338-7677,North
ORD-104275,CUST-137,2026-02-16 23:53:29.146027,2026-02-18 02:53:29.146027,Apparel,6,345.98,0.169,user1187@example.com,555-245-1750,South
ORD-100089,CUST-604,2026-06-28 23:53:29.146027,2026-06-28 23:53:29.146027,Electronics,3,128.22,0.253,user297@example.com,555-319-4241,West
ORD-102885,CUST-1117,2026-09-30 23:53:29.146027,2026-10-01 10:53:29.146027,Electronics,1,89.2,0.116,user834@example.com,555-997-5666,South
ORD-100616,CUST-27,2026-05-15 23:53:29.146027,2026-05-17 01:53:29.146027,Toys,5,124.91,0.28,user798@example.com,555-250-5293,East
ORD-104003,CUST-368,2026-05-19 23:53:29.146027,2026-05-21 02:53:29.146027,Apparel,2,298.15,0.258,user871@example.com,555-706-5084,East
ORD-101632,CUST-380,2026-01-29 23:53:29.146027,2026-01-30 13:53:29.146027,Toys,6,269.97,0.004,user245@example.com,555-477-4644,West
ORD-102345,CUST-728,2026-01-24 23:53:29.146027,2026-01-25 18:53:29.146027,Apparel,9,171.78,0.295,user1113@example.com,555-722-8896,West
ORD-102123,CUST-1061,2026-03-17 23:53:29.146027,2026-03-19 20:53:29.146027,Apparel,6,19.38,0.077,user452@example.com,555-613-3902,North
ORD-101096,CUST-683,2026-01-26 23:53:29.146027,2026-01-28 02:53:29.146027,Electronics,4,219.57,0.169,user767@example.com,555-847-8016,East
ORD-104670,CUST-885,2026-05-05 23:53:29.146027,2026-05-07 12:53:29.146027,Sports,2,180.11,0.211,user850@example.com,555-461-4395,North
ORD-103378,CUST-56,2026-06-06 23:53:29.146027,2026-06-07 04:53:29.146027,Home & Garden,7,168.77,0.029,user1005@example.com,555-657-9741,East
ORD-103685,CUST-710,2026-04-06 23:53:29.146027,2026-04-08 16:53:29.146027,Sports,6,393.38,0.141,user294@example.com,555-112-3351,South
ORD-104630,CUST-285,2026-06-14 23:53:29.146027,2026-06-16 07:53:29.146027,Toys,8,326.3,0.246,user383@example.com,555-392-1113,West
ORD-100412,CUST-865,2026-03-11 23:53:29.146027,2026-03-12 10:53:29.146027,Home & Garden,4,172.47,0.241,user418@example.com,555-830-4886,East
ORD-100979,CUST-47,2026-09-04 23:53:29.146027,2026-09-05 04:53:29.146027,Groceries,7,144.53,0.0,user495@example.com,555-842-9793,
ORD-100757,CUST-275,2026-05-21 23:53:29.146027,2026-05-22 13:53:29.146027,Toys,4,52.57,0.117,user596@example.com,555-741-7365,West
ORD-103390,CUST-1141,2026-05-26 23:53:29.146027,2026-05-27 03:53:29.146027,Sports,8,299.51,0.1,user491@example.com,555-899-2610,North
ORD-101696,CUST-155,2026-03-09 23:53:29.146027,2026-03-11 18:53:29.146027,Sports,9,455.51,0.165,user661@example.com,555-654-6973,South
ORD-103372,CUST-1158,2026-09-16 23:53:29.146027,2026-09-17 16:53:29.146027,Home & Garden,1,472.06,0.2,user1001@example.com,555-620-6343,South
ORD-103459,CUST-1020,2026-05-22 23:53:29.146027,2026-05-22 23:53:29.146027,Sports,2,160.35,0.133,user614@example.com,555-789-4695,West
ORD-103324,CUST-913,2026-05-01 23:53:29.146027,2026-05-02 20:53:29.146027,Groceries,3,401.74,0.125,user323@example.com,555-957-9273,North
ORD-104385,CUST-130,2026-04-16 23:53:29.146027,2026-04-18 02:53:29.146027,Apparel,8,28.99,0.135,user28@example.com,555-884-8210,South
ORD-103153,CUST-526,2026-04-20 23:53:29.146027,2026-04-21 20:53:29.146027,Toys,4,360.84,0.228,user1152@example.com,555-819-6164,East
ORD-100929,CUST-197,2026-08-18 23:53:29.146027,2026-08-20 00:53:29.146027,Home & Garden,4,104.14,0.065,user48@example.com,555-926-9399,North
ORD-104374,CUST-693,2026-02-04 23:53:29.146027,2026-02-06 10:53:29.146027,Home & Garden,7,116.62,0.285,user261@example.com,555-947-9477,North
ORD-102228,CUST-400,2026-07-22 23:53:29.146027,2026-07-23 01:53:29.146027,Groceries,-5,464.77,0.232,user130@example.com,555-909-3532,South
ORD-101175,CUST-255,2026-10-01 23:53:29.146027,2026-10-03 09:53:29.146027,Sports,2,28.12,0.165,user273@example.com,555-279-9217,East
ORD-104733,CUST-732,2026-02-12 23:53:29.146027,2026-02-13 06:53:29.146027,Electronics,4,239.1,0.278,user357@example.com,555-732-1801,North
ORD-103015,CUST-937,2026-10-02 23:53:29.146027,2026-10-03 14:53:29.146027,Home & Garden,8,439.13,0.23,user574@example.com,555-562-1015,South
ORD-103854,CUST-645,2026-03-18 23:53:29.146027,2026-03-19 13:53:29.146027,Apparel,6,264.08,0.012,user749@example.com,555-758-4101,West
ORD-100569,CUST-1102,2026-07-30 23:53:29.146027,2026-08-01 11:53:29.146027,Sports,9,447.11,0.263,user641@example.com,555-508-5178,North
ORD-104223,CUST-467,2026-02-08 23:53:29.146027,2026-02-09 03:53:29.146027,Electronics,9,163.21,0.262,user346@example.com,555-754-7136,South
ORD-101699,CUST-803,2026-01-28 23:53:29.146027,2026-01-30 03:53:29.146027,Home & Garden,6,77.9,0.211,user1188@example.com,555-795-8227,East
ORD-103925,CUST-1132,2026-02-23 23:53:29.146027,2026-02-24 13:53:29.146027,Sports,7,496.99,0.225,user1150@example.com,555-618-2703,West
ORD-100356,CUST-803,2026-09-05 23:53:29.146027,2026-09-06 07:53:29.146027,Apparel,-4,90.11,0.291,user530@example.com,555-799-1370,South
ORD-103770,CUST-450,2026-08-23 23:53:29.146027,2026-08-25 04:53:29.146027,Toys,6,266.7,0.212,user229@example.com,555-388-9317,North
ORD-100672,CUST-23,2026-08-23 23:53:29.146027,2026-08-25 08:53:29.146027,Toys,4,93.72,0.007,user548@example.com,555-639-8388,South
ORD-101435,CUST-47,2026-06-02 23:53:29.146027,2026-06-04 17:53:29.146027,Electronics,6,440.23,0.047,user782@example.com,555-834-9075,North
ORD-103975,CUST-1031,2026-02-23 23:53:29.146027,2026-02-24 00:53:29.146027,Groceries,6,441.83,0.263,user69@example.com,555-602-2169,East
ORD-102938,CUST-453,2026-03-27 23:53:29.146027,2026-03-28 16:53:29.146027,Toys,5,436.04,0.28,user279@example.com,555-805-7870,North
ORD-102865,CUST-810,2026-07-30 23:53:29.146027,2026-07-31 06:53:29.146027,Apparel,4,263.97,0.015,user795@example.com,555-959-2321,North
ORD-100722,CUST-1166,2026-03-18 23:53:29.146027,2026-03-20 15:53:29.146027,Apparel,3,97.15,0.081,user706@example.com,555-539-9892,South
ORD-104903,CUST-1082,2026-08-19 23:53:29.146027,2026-08-21 18:53:29.146027,Toys,1,328.61,0.05,user374@example.com,555-446-1561,South
ORD-102103,CUST-1115,2026-06-02 23:53:29.146027,2026-06-03 14:53:29.146027,Toys,5,273.15,0.159,user680@example.com,555-408-6389,East
ORD-103253,CUST-1196,2026-07-14 23:53:29.146027,2026-07-16 12:53:29.146027, Home & Garden ,7,216.69,0.026,user482@example.com,555-567-8020,South
ORD-100950,CUST-91,2026-08-19 23:53:29.146027,2026-08-20 02:53:29.146027,Groceries,4,140.07,0.18,user933@example.com,555-675-2397,South
ORD-104874,CUST-21,2026-08-20 23:53:29.146027,2026-08-21 19:53:29.146027,Toys,7,466.13,0.15,user957@example.com,555-221-6149,East
ORD-100868,CUST-1136,2026-01-16 23:53:29.146027,2026-01-18 13:53:29.146027,Toys,8,165.89,0.113,user899@example.com,555-832-7142,North
ORD-101721,CUST-850,2026-05-27 23:53:29.146027,2026-05-29 07:53:29.146027,Electronics,1,174.31,0.247,user1173@example.com,555-333-2146,South
ORD-100773,CUST-695,2026-09-01 23:53:29.146027,2026-09-03 16:53:29.146027,Electronics,8,318.47,0.083,user794@example.com,555-322-8865,North
ORD-101832,CUST-382,2026-03-08 23:53:29.146027,2026-03-09 14:53:29.146027,Groceries,4,271.37,0.091,user421@example.com,555-931-6579,North
ORD-104521,CUST-804,2026-08-01 23:53:29.146027,2026-08-03 10:53:29.146027,Toys,1,3816.5,0.042,user1105@example.com,555-104-6304,East
ORD-101276,CUST-769,2026-04-16 23:53:29.146027,2026-04-17 18:53:29.146027,Groceries,N/A,432.23,0.244,user519@example.com,555-642-6757,East
ORD-104508,CUST-283,2026-04-27 23:53:29.146027,2026-04-29 21:53:29.146027,Sports,3,3.35,0.112,user268@example.com,555-301-7063,East
ORD-101795,CUST-746,2026-06-03 23:53:29.146027,2026-06-03 23:53:29.146027,Electronics,5,439.64,0.229,user1016@example.com,555-641-4672,East
ORD-101344,CUST-469,2026-04-23 23:53:29.146027,2026-04-23 23:53:29.146027, Home & Garden ,1,404.72,0.094,user363@example.com,555-299-9130,South
ORD-104449,CUST-536,2026-09-30 23:53:29.146027,2026-10-02 05:53:29.146027,toys,3,221.73,0.087,user1155@example.com,555-604-9649,West
ORD-103480,CUST-161,2026-07-13 23:53:29.146027,2026-07-15 06:53:29.146027,Electronics,9,47.96,0.168,user928@example.com,555-561-3405,
ORD-103804,CUST-299,2026-05-01 23:53:29.146027,2026-05-03 13:53:29.146027,Groceries,-6,414.36,0.251,user283@example.com,555-312-5792,West
ORD-102409,CUST-734,2026-09-05 23:53:29.146027,2026-09-06 23:53:29.146027, Toys ,5,277.63,0.246,user29@example.com,555-420-3217,East
ORD-103328,CUST-221,2026-06-11 23:53:29.146027,2026-06-12 22:53:29.146027,Groceries,3,89.62,0.142,user1147@example.com,555-833-1269,East
ORD-100006,CUST-308,2026-08-20 23:53:29.146027,2026-08-21 08:53:29.146027,Electronics,6,394.47,0.292,user910@example.com,555-127-8867,South
ORD-102759,CUST-1035,2026-07-25 23:53:29.146027,2026-07-27 04:53:29.146027,Sports,7,289.48,0.104,,555-277-7607,West
ORD-100700,CUST-684,2026-07-27 23:53:29.146027,2026-07-28 00:53:29.146027,Electronics,6,183.36,0.187,user431@example.com,555-118-7005,North
ORD-101557,CUST-1071,2026-09-16 23:53:29.146027,2026-09-17 13:53:29.146027,Groceries,3,267.33,0.153,user222@example.com,555-863-4889,West
ORD-104347,CUST-1060,2026-05-18 23:53:29.146027,2026-05-19 01:53:29.146027,Groceries,8,312.08,0.031,user934@example.com,555-217-2821,South
ORD-101390,CUST-96,2026-01-25 23:53:29.146027,2026-01-26 08:53:29.146027,Electronics,7,42.06,0.055,user267@example.com,555-146-7227,West
ORD-101268,CUST-32,2026-07-28 23:53:29.146027,2026-07-30 06:53:29.146027,Toys,5,172.44,0.278,user759@example.com,555-551-2802,East
ORD-102655,CUST-976,2026-01-22 23:53:29.146027,2026-01-23 19:53:29.146027,Groceries,5,363.49,0.265,user1081@example.com,555-821-9557,South
ORD-102923,CUST-552,2026-06-05 23:53:29.146027,2026-06-07 18:53:29.146027,Toys,7,286.92,0.164,user509@example.com,555-434-6111,East
ORD-102021,CUST-259,2026-09-13 23:53:29.146027,2026-09-15 06:53:29.146027,toys,3,143.53,0.136,user1169@example.com,555-515-7575,West
ORD-103331,CUST-776,2026-05-09 23:53:29.146027,2026-05-11 02:53:29.146027,Electronics,6,125.22,0.159,user763@example.com,555-454-7601,West
ORD-101104,CUST-1093,2026-05-21 23:53:29.146027,2026-05-22 23:53:29.146027,ELECTRONICS,2,131.87,0.061,user1091@example.com,555-767-8841,West
ORD-104495,CUST-550,2026-08-28 23:53:29.146027,2026-08-29 13:53:29.146027,Sports,6,400.87,0.23,user549@example.com,555-982-9637,West
ORD-102873,CUST-491,2026-05-06 23:53:29.146027,2026-05-07 08:53:29.146027,Home & Garden,7,95.67,0.034,user637@example.com,555-775-6528,East
ORD-101648,CUST-48,2026-05-13 23:53:29.146027,2026-05-14 23:53:29.146027,Electronics,5,413.26,0.111,user1013@example.com,555-812-7717,North
ORD-104988,CUST-705,2026-08-26 23:53:29.146027,2026-08-27 11:53:29.146027,Apparel,2,293.97,0.131,user220@example.com,555-971-1786,East
ORD-103681,CUST-18,2026-09-05 23:53:29.146027,2026-09-07 16:53:29.146027,Toys,9,242.84,0.225,user1065@example.com,555-309-3850,North
ORD-100517,CUST-1151,2026-06-12 23:53:29.146027,2026-06-14 16:53:29.146027,Toys,2,391.67,0.208,,555-148-2635,East
ORD-104474,CUST-165,2026-07-27 23:53:29.146027,2026-07-29 07:53:29.146027,Home & Garden,8,83.57,0.12,user936@example.com,555-826-5942,North
ORD-102945,CUST-621,2026-03-17 23:53:29.146027,2026-03-19 00:53:29.146027,Home & Garden,5,82.35,0.204,user972@example.com,555-787-7822,West
ORD-103821,CUST-359,2026-06-18 23:53:29.146027,2026-06-19 02:53:29.146027,Home & Garden,2,75.5,0.076,,555-264-8047,East
ORD-102320,CUST-756,2026-07-11 23:53:29.146027,2026-07-12 08:53:29.146027,Apparel,5,448.05,0.063,,555-551-3037,East
ORD-100708,CUST-805,2026-08-22 23:53:29.146027,2026-08-23 12:53:29.146027,Electronics,6,296.16,0.243,user221@example.com,555-523-9265,North
ORD-104434,CUST-612,2026-03-31 23:53:29.146027,2026-04-02 09:53:29.146027,Apparel,1,115.29,0.222,user1140@example.com,555-132-5008,North
ORD-100051,CUST-1045,2026-05-26 23:53:29.146027,2026-05-28 05:53:29.146027,Apparel,8,297.55,0.162,user840@example.com,555-448-2718,West
ORD-102798,CUST-91,2026-06-12 23:53:29.146027,2026-06-14 03:53:29.146027,Home & Garden,5,416.47,0.225,user923@example.com,555-730-3550,North
ORD-104154,CUST-761,2026-09-01 23:53:29.146027,2026-09-03 09:53:29.146027,Sports,4,283.51,0.025,user618@example.com,555-123-2901,
ORD-104819,CUST-815,2026-09-06 23:53:29.146027,2026-09-07 04:53:29.146027,Apparel,2,435.51,0.046,user779@example.com,555-833-7418,East
ORD-100511,CUST-369,2026-05-10 23:53:29.146027,2026-05-11 10:53:29.146027,Electronics,6,26.73,0.047,user177@example.com,555-181-4592,West
ORD-104298,CUST-507,2026-09-03 23:53:29.146027,2026-09-05 14:53:29.146027,Home & Garden,-4,163.38,0.051,user151@example.com,555-567-1537,West
ORD-100807,CUST-804,2026-05-25 23:53:29.146027,2026-05-26 18:53:29.146027,Sports,7,10.28,0.069,user622@example.com,555-690-3286,North
ORD-104194,CUST-1130,2026-03-03 23:53:29.146027,2026-03-05 04:53:29.146027,Apparel,-1,280.93,0.159,user902@example.com,555-110-1955,South
ORD-102676,CUST-646,2026-09-23 23:53:29.146027,2026-09-24 17:53:29.146027,Sports,7,417.1,0.267,user1143@example.com,555-484-8605,West
ORD-100650,CUST-1148,2026-03-17 23:53:29.146027,2026-03-19 04:53:29.146027,Sports,1,129.71,0.206,user967@example.com,555-642-2727,East
ORD-104570,CUST-1091,2026-02-10 23:53:29.146027,2026-02-11 06:53:29.146027,Apparel,9,72.33,0.237,user782@example.com,555-602-1772,South
ORD-100212,CUST-123,2026-01-22 23:53:29.146027,2026-01-24 16:53:29.146027,Toys,6,265.65,0.298,user492@example.com,555-742-1093,North
ORD-104843,CUST-210,2026-08-31 23:53:29.146027,2026-09-01 04:53:29.146027,Apparel,5,432.31,0.173,user872@example.com,555-792-9295,North
ORD-103335,CUST-816,2026-01-10 23:53:29.146027,2026-01-12 15:53:29.146027,Toys,3,176.16,0.143,user1174@example.com,555-438-4293,East
ORD-100115,CUST-247,2026-04-19 23:53:29.146027,2026-04-20 05:53:29.146027,Groceries,8,140.16,0.166,,555-352-6715,South
ORD-101420,CUST-993,2026-09-02 23:53:29.146027,2026-09-04 18:53:29.146027,Home & Garden,8,105.14,0.18,user481@example.com,555-690-7061,East
ORD-101061,CUST-58,2026-03-17 23:53:29.146027,2026-03-18 19:53:29.146027,Electronics,8,179.53,0.243,user718@example.com,555-651-6130,South
ORD-101564,CUST-631,2026-08-24 23:53:29.146027,2026-08-26 15:53:29.146027,Apparel,5,394.96,0.051,user378@example.com,555-536-2869,East
ORD-102990,CUST-506,2026-01-07 23:53:29.146027,2026-01-09 15:53:29.146027,Electronics,9,359.68,0.037,user867@example.com,555-829-4168,East
ORD-104142,CUST-374,2026-09-23 23:53:29.146027,2026-09-24 16:53:29.146027,Home & Garden,6,170.44,0.128,user1110@example.com,555-954-1238,West
ORD-104461,CUST-847,2026-04-12 23:53:29.146027,2026-04-13 03:53:29.146027,Home & Garden,9,382.58,0.009,user774@example.com,555-520-5268,East
ORD-102971,CUST-829,2026-03-14 23:53:29.146027,2026-03-15 10:53:29.146027,Home & Garden,9,347.1,0.114,user872@example.com,555-423-4365,South
ORD-100491,CUST-333,2026-04-19 23:53:29.146027,2026-04-21 14:53:29.146027,Toys,2,341.64,0.143,user1008@example.com,555-785-7937,South
ORD-103597,CUST-1162,2026-08-20 23:53:29.146027,2026-08-22 15:53:29.146027,Sports,9,102.18,0.022,user70@example.com,555-192-2354,East
ORD-100377,CUST-1154,2026-03-16 23:53:29.146027,2026-03-17 04:53:29.146027,Apparel,2,302.35,0.276,user586@example.com,555-669-8955,East
ORD-103727,CUST-346,2026-02-09 23:53:29.146027,2026-02-10 01:53:29.146027,Home & Garden,7,141.51,0.021,user364@example.com,555-125-8347,East
ORD-100231,CUST-541,2026-07-29 23:53:29.146027,2026-07-31 17:53:29.146027,Electronics,2,217.66,0.261,user1072@example.com,555-668-5809,North
ORD-102318,CUST-905,2026-07-29 23:53:29.146027,2026-07-30 22:53:29.146027,Home & Garden,3,498.49,0.271,user385@example.com,555-914-6716,West
ORD-103851,CUST-20,2026-01-16 23:53:29.146027,2026-01-17 02:53:29.146027,Home & Garden,4,102.68,0.079,user324@example.com,555-330-4100,North
ORD-102138,CUST-7,2026-06-10 23:53:29.146027,2026-06-11 10:53:29.146027,Electronics,3,489.14,0.014,user183@example.com,555-945-2822,East
ORD-103873,CUST-829,2026-09-01 23:53:29.146027,2026-09-03 01:53:29.146027,Home & Garden,1,141.31,0.131,user491@example.com,555-840-3444,North
ORD-100422,CUST-1179,2026-08-22 23:53:29.146027,2026-08-24 08:53:29.146027,Home & Garden,4,256.72,0.296,user1023@example.com,555-421-5927,North
ORD-104414,CUST-646,2026-09-05 23:53:29.146027,2026-09-06 07:53:29.146027,Apparel,5,173.73,0.258,user291@example.com,555-770-3566,South
ORD-102593,CUST-1154,2026-07-05 23:53:29.146027,2026-07-06 08:53:29.146027,Apparel,8,203.12,0.034,user1172@example.com,555-458-9905,East
ORD-100661,CUST-531,2026-06-11 23:53:29.146027,2026-06-12 03:53:29.146027,Sports,4,348.09,0.1,user1120@example.com,555-807-6512,South
ORD-102703,CUST-359,2026-04-12 23:53:29.146027,2026-04-13 02:53:29.146027,Sports,2,15.56,0.061,user159@example.com,555-765-2978,South
ORD-103037,CUST-669,2026-04-09 23:53:29.146027,2026-04-11 16:53:29.146027,Groceries,2,238.8,0.227,user963@example.com,555-451-6196,West
ORD-102299,CUST-560,2026-05-05 23:53:29.146027,2026-05-07 12:53:29.146027,Apparel,7,173.74,0.282,user981@example.com,555-158-1758,North
ORD-101802,CUST-687,2026-03-10 23:53:29.146027,2026-03-12 22:53:29.146027,Home & Garden,7,242.11,0.038,user1157@example.com,555-310-3712,West
ORD-102224,CUST-577,2026-01-12 23:53:29.146027,2026-01-13 20:53:29.146027,Sports,1,334.27,0.207,user1185@example.com,555-703-5033,South
ORD-104465,CUST-305,2026-03-28 23:53:29.146027,2026-03-29 14:53:29.146027,Toys,5,166.95,0.082,user251@example.com,555-826-9779,South
ORD-104871,CUST-841,2026-02-13 23:53:29.146027,2026-02-14 13:53:29.146027,Groceries,7,138.28,0.286,user417@example.com,555-568-5740,North
ORD-102949,CUST-584,2026-05-18 23:53:29.146027,2026-05-20 11:53:29.146027,Electronics,7,30.72,0.24,user1141@example.com,555-828-4435,West
ORD-104359,CUST-77,2026-09-09 23:53:29.146027,2026-09-10 16:53:29.146027,Electronics,6,439.62,0.076,user810@example.com,555-546-8013,
ORD-103932,CUST-297,2026-08-06 23:53:29.146027,2026-08-07 14:53:29.146027,Toys,1,172.41,0.294,user9@example.com,555-714-4993,North
ORD-101774,CUST-805,2026-02-05 23:53:29.146027,2026-02-07 21:53:29.146027,Toys,1,324.88,0.02,user478@example.com,555-683-5108,East
ORD-104701,CUST-1052,2026-09-14 23:53:29.146027,2026-09-16 05:53:29.146027,Sports,4,319.45,0.283,user105@example.com,555-867-9722,East
ORD-100695,CUST-999,2026-09-11 23:53:29.146027,2026-09-13 20:53:29.146027,Apparel,-2,14.52,0.084,user279@example.com,555-804-2168,East
ORD-101136,CUST-91,2026-02-15 23:53:29.146027,2026-02-16 20:53:29.146027,Electronics,4,59.62,0.193,user324@example.com,555-983-3469,East
ORD-102244,CUST-850,2026-03-26 23:53:29.146027,2026-03-28 05:53:29.146027,Apparel,4,272.41,0.134,user656@example.com,555-751-1094,East
ORD-104970,CUST-590,2026-01-14 23:53:29.146027,2026-01-16 18:53:29.146027,Sports,9,195.54,0.219,user698@example.com,555-247-1675,West
ORD-100186,CUST-675,2026-07-31 23:53:29.146027,2026-08-02 22:53:29.146027,Electronics,7,13.59,0.177,user1055@example.com,555-325-2646,North
ORD-103419,CUST-121,2026-06-14 23:53:29.146027,2026-06-15 05:53:29.146027,Electronics,7,40.5,0.212,user969@example.com,555-351-6557,North
ORD-101090,CUST-240,2026-01-21 23:53:29.146027,2026-01-23 15:53:29.146027,Apparel,1,407.46,0.205,user905@example.com,555-285-3223,East
ORD-101374,CUST-1006,2026-05-02 23:53:29.146027,2026-05-03 05:53:29.146027,Home & Garden,7,416.89,0.047,user40@example.com,555-110-7632,South
ORD-101771,CUST-934,2026-03-07 23:53:29.146027,2026-03-09 10:53:29.146027,Home & Garden,8,87.29,0.3,user321@example.com,555-626-6189,West
ORD-100635,CUST-808,2026-04-21 23:53:29.146027,2026-04-23 09:53:29.146027,Sports,9,267.59,0.172,user1121@example.com,555-911-4695,North
ORD-101042,CUST-640,2026-03-20 23:53:29.146027,2026-03-21 05:53:29.146027,Home & Garden,1,254.55,0.278,user1123@example.com,555-589-9316,West
ORD-104418,CUST-569,2026-08-09 23:53:29.146027,2026-08-10 11:53:29.146027,Home & Garden,7,61.43,0.13,user533@example.com,555-719-9426,West
ORD-101118,CUST-917,2026-04-25 23:53:29.146027,2026-04-27 08:53:29.146027,Home & Garden,1,219.19,0.183,user300@example.com,555-425-2641,
ORD-100687,CUST-1133,2026-05-09 23:53:29.146027,2026-05-11 04:53:29.146027,Home & Garden,2,152.73,0.037,user443@example.com,555-793-8996,East
ORD-104616,CUST-434,2026-09-24 23:53:29.146027,2026-09-25 12:53:29.146027,Toys,5,42.1,0.12,user774@example.com,555-962-9049,East
ORD-100798,CUST-672,2026-08-21 23:53:29.146027,2026-08-22 02:53:29.146027,Home & Garden,4,413.57,0.208,user431@example.com,555-203-6121,South
ORD-102204,CUST-355,2026-03-28 23:53:29.146027,2026-03-29 22:53:29.146027,Electronics,9,459.93,0.107,user278@example.com,555-520-1300,West
ORD-104114,CUST-273,2026-07-11 23:53:29.146027,2026-07-12 01:53:29.146027,Sports,4,254.65,0.073,user608@example.com,555-796-4982,South
ORD-100255,CUST-203,2026-04-15 23:53:29.146027,2026-04-16 01:53:29.146027,Sports,1,228.28,0.063,,555-737-8013,East
ORD-100315,CUST-50,2026-04-24 23:53:29.146027,2026-04-25 16:53:29.146027,Groceries,3,384.36,0.208,user952@example.com,555-352-4601,West
ORD-101023,CUST-155,2026-08-03 23:53:29.146027,2026-08-05 02:53:29.146027,Apparel,8,452.59,0.124,user561@example.com,555-330-5081,South
ORD-104900,CUST-955,2026-03-08 23:53:29.146027,2026-03-10 04:53:29.146027,Home & Garden,4,431.3,0.12,user1097@example.com,555-843-3249,North
ORD-104500,CUST-786,2026-05-05 23:53:29.146027,2026-05-07 21:53:29.146027,Home & Garden,3,470.14,0.154,user222@example.com,555-952-8445,West
ORD-102675,CUST-250,2026-07-09 23:53:29.146027,2026-07-10 16:53:29.146027,Toys,6,40.95,0.098,user322@example.com,555-765-1065,East
ORD-103432,CUST-1167,2026-02-09 23:53:29.146027,2026-02-11 05:53:29.146027,Groceries,4,42.84,0.197,user1118@example.com,555-726-2692,South
ORD-101422,CUST-678,2026-06-12 23:53:29.146027,2026-06-13 18:53:29.146027,Sports,6,109.25,0.295,user61@example.com,555-648-6357,North
ORD-101095,CUST-200,2026-05-05 23:53:29.146027,2026-05-07 11:53:29.146027,Toys,7,230.86,0.02,user573@example.com,555-476-1250,East
ORD-101524,CUST-539,2026-07-24 23:53:29.146027,2026-07-25 12:53:29.146027,Apparel,8,486.9,0.289,user582@example.com,555-330-6303,South
ORD-104623,CUST-242,2026-05-21 23:53:29.146027,2026-05-23 13:53:29.146027,Toys,7,103.21,0.147,user446@example.com,555-331-3076,West
ORD-101145,CUST-275,2026-09-13 23:53:29.146027,2026-09-15 13:53:29.146027,Electronics,9,146.96,0.24,user441@example.com,555-291-1240,West
ORD-101328,CUST-382,2026-08-10 23:53:29.146027,2026-08-12 19:53:29.146027,Apparel,6,427.02,0.073,user669@example.com,555-973-8962,West
ORD-103527,CUST-852,2026-05-21 23:53:29.146027,2026-05-22 22:53:29.146027,Apparel,5,172.2,0.264,user545@example.com,555-716-3256,East
ORD-100360,CUST-950,2026-09-11 23:53:29.146027,2026-09-13 11:53:29.146027,Sports,3,426.23,0.219,user675@example.com,555-559-2891,South
ORD-100892,CUST-1156,2026-08-20 23:53:29.146027,2026-08-21 05:53:29.146027,Electronics,5,378.29,0.023,user321@example.com,555-135-9803,West
ORD-102943,CUST-609,2026-07-19 23:53:29.146027,2026-07-20 03:53:29.146027,Sports,1,411.24,0.233,user212@example.com,555-264-8523,West
ORD-100584,CUST-800,2026-01-21 23:53:29.146027,2026-01-22 16:53:29.146027,Groceries,9,381.77,0.098,,555-740-9356,South
ORD-101820,CUST-446,2026-04-18 23:53:29.146027,2026-04-20 00:53:29.146027,Apparel,7,241.88,0.041,user647@example.com,555-283-3037,West
ORD-104150,CUST-290,2026-05-23 23:53:29.146027,2026-05-24 10:53:29.146027,Home & Garden,5,28.37,0.162,user168@example.com,555-133-6154,North
ORD-104463,CUST-271,2026-03-14 23:53:29.146027,2026-03-15 01:53:29.146027,Electronics,2,177.27,0.075,,555-594-4489,South
ORD-100179,CUST-1031,2026-03-12 23:53:29.146027,2026-03-14 18:53:29.146027,Toys,2,193.09,0.096,user240@example.com,555-955-1971,West
ORD-102688,CUST-409,2026-06-25 23:53:29.146027,2026-06-27 04:53:29.146027,Toys,2,429.28,0.151,user517@example.com,555-432-9667,West
ORD-100378,CUST-142,2026-07-16 23:53:29.146027,2026-07-18 03:53:29.146027,Groceries,2,374.82,0.042,user664@example.com,555-251-6038,South
ORD-100667,CUST-1170,2026-02-27 23:53:29.146027,2026-03-01 21:53:29.146027,Home & Garden,7,432.95,0.185,user660@example.com,555-797-6833,North
ORD-101046,CUST-1110,2026-03-26 23:53:29.146027,2026-03-28 20:53:29.146027,Apparel,9,104.1,0.113,user528@example.com,555-562-6809,South
ORD-102820,CUST-20,2026-02-23 23:53:29.146027,2026-02-25 14:53:29.146027,Apparel,1,496.96,0.267,user232@example.com,555-910-2680,West
ORD-102449,CUST-293,2026-06-07 23:53:29.146027,2026-06-08 22:53:29.146027,Toys,3,457.9,0.084,user1163@example.com,555-199-8435,South
ORD-104659,CUST-901,2026-05-30 23:53:29.146027,2026-05-31 02:53:29.146027,Toys,6,389.47,0.202,user821@example.com,555-278-5029,South
ORD-101434,CUST-610,2026-07-14 23:53:29.146027,2026-07-15 15:53:29.146027,Electronics,7,111.2,0.105,user563@example.com,555-917-5369,West
ORD-102492,CUST-82,2026-08-27 23:53:29.146027,2026-08-29 03:53:29.146027,Groceries,1,220.26,0.224,user1155@example.com,555-945-8719,North
ORD-102575,CUST-928,2026-06-23 23:53:29.146027,2026-06-25 18:53:29.146027,Home & Garden,2,359.54,0.157,user446@example.com,555-640-6858,West
ORD-104889,CUST-213,2026-07-09 23:53:29.146027,2026-07-10 08:53:29.146027,Groceries,3,178.23,0.079,user130@example.com,555-989-5137,West
ORD-102027,CUST-197,2026-03-19 23:53:29.146027,2026-03-20 05:53:29.146027,Toys,1,333.5,0.153,user473@example.com,555-699-7630,West
ORD-101637,CUST-279,2026-04-21 23:53:29.146027,2026-04-22 19:53:29.146027,Sports,5,383.89,0.097,user403@example.com,555-897-5247,North
ORD-101107,CUST-378,2026-02-13 23:53:29.146027,2026-02-15 15:53:29.146027,Sports,9,201.36,0.052,user486@example.com,555-803-4087,North
ORD-102842,CUST-562,2026-10-02 23:53:29.146027,2026-10-04 00:53:29.146027,Home & Garden,5,39.55,0.016,user577@example.com,555-449-6278,East
ORD-100423,CUST-984,2026-04-02 23:53:29.146027,2026-04-03 19:53:29.146027,Electronics,1,159.81,0.083,user612@example.com,555-803-9581,East
ORD-100139,CUST-794,2026-03-06 23:53:29.146027,2026-03-07 14:53:29.146027,Home & Garden,1,428.34,0.06,user786@example.com,555-536-3265,North
ORD-104515,CUST-771,2026-05-30 23:53:29.146027,2026-05-31 02:53:29.146027,Sports,9,65.76,0.291,user681@example.com,555-867-6530,West
ORD-100414,CUST-693,2026-05-13 23:53:29.146027,2026-05-15 11:53:29.146027,Electronics,7,358.58,0.029,user724@example.com,555-144-1585,East
ORD-103557,CUST-984,2026-01-30 23:53:29.146027,2026-01-31 04:53:29.146027,Sports,9,210.39,0.113,user733@example.com,555-792-7396,West
ORD-103052,CUST-528,2026-06-07 23:53:29.146027,2026-06-09 14:53:29.146027,SPORTS,2,354.39,0.277,user507@example.com,555-687-6847,North
ORD-102043,CUST-533,2026-03-26 23:53:29.146027,2026-03-27 03:53:29.146027,Groceries,1,339.82,0.266,user707@example.com,555-995-5486,North
ORD-100981,CUST-901,2026-04-18 23:53:29.146027,2026-04-20 02:53:29.146027,Appparel,6,77.36,0.039,user801@example.com,555-173-8279,West
ORD-103675,CUST-498,2026-03-14 23:53:29.146027,2026-03-16 22:53:29.146027,Toys,5,250.32,0.125,user19@example.com,555-700-2583,South
ORD-102993,CUST-851,2026-01-27 23:53:29.146027,2026-01-29 00:53:29.146027,Sports,3,485.37,0.277,user746@example.com,555-191-3987,North
ORD-103001,CUST-566,2026-06-30 23:53:29.146027,2026-07-02 14:53:29.146027,Apparel,4,446.26,0.298,,555-135-4131,West
ORD-103879,CUST-739,2026-06-27 23:53:29.146027,2026-06-28 12:53:29.146027,Home & Garden,8,288.91,0.12,user556@example.com,555-422-3461,North
ORD-101182,CUST-919,2026-04-21 23:53:29.146027,2026-04-22 15:53:29.146027,Electronics,5,67.62,0.17,user800@example.com,555-324-2450,South
ORD-102635,CUST-1052,2026-03-08 23:53:29.146027,2026-03-09 06:53:29.146027,Sports,9,68.07,0.28,user344@example.com,555-540-6591,East
ORD-102143,CUST-638,2026-08-30 23:53:29.146027,2026-09-01 03:53:29.146027,Apparel,1,327.48,0.158,user1186@example.com,555-938-1358,West
ORD-104671,CUST-759,2026-05-30 23:53:29.146027,2026-05-31 07:53:29.146027,Apparel,8,140.21,0.255,user208@example.com,555-645-7974,South
ORD-103073,CUST-974,2026-05-12 23:53:29.146027,2026-05-14 12:53:29.146027,Electronics,4,56.74,0.06,user186@example.com,555-210-3609,East
ORD-104202,CUST-22,2026-07-24 23:53:29.146027,2026-07-26 04:53:29.146027,Home & Garden,4,367.99,0.218,user139@example.com,555-485-4132,North
ORD-100048,CUST-1150,2026-05-07 23:53:29.146027,2026-05-08 14:53:29.146027,Home & Garden,9,213.76,0.044,user1171@example.com,555-727-9096,South
ORD-101584,CUST-512,2026-04-22 23:53:29.146027,2026-04-24 21:53:29.146027,Electronics,5,249.17,0.19,user531@example.com,555-968-2464,West
ORD-100156,CUST-821,2026-09-23 23:53:29.146027,2026-09-24 03:53:29.146027, Groceries ,2,412.46,0.028,user728@example.com,555-489-6918,West
ORD-103446,CUST-936,2026-02-08 23:53:29.146027,2026-02-08 23:53:29.146027,Home & Garden,7,495.76,0.228,user416@example.com,555-626-6161,North
ORD-102788,CUST-216,2026-03-08 23:53:29.146027,2026-03-09 10:53:29.146027,Sports,5,95.6,0.158,user841@example.com,555-704-9327,West
ORD-102631,CUST-695,2026-06-22 23:53:29.146027,2026-06-23 14:53:29.146027,Toys,5,460.43,0.211,user139@example.com,555-610-3394,East
ORD-103087,CUST-813,2026-03-02 23:53:29.146027,2026-03-03 21:53:29.146027,Groceries,4,330.32,0.04,user136@example.com,555-826-7928,East
ORD-103076,CUST-229,2026-06-30 23:53:29.146027,2026-07-01 12:53:29.146027,Home & Garden,6,37.76,0.167,user390@example.com,555-996-3867,
ORD-100492,CUST-43,2026-08-22 23:53:29.146027,2026-08-23 12:53:29.146027,Electronics,2,412.26,0.155,user44@example.com,555-479-7837,West
ORD-101297,CUST-522,2026-01-14 23:53:29.146027,2026-01-16 04:53:29.146027,Sports,3,37.21,0.052,user1116@example.com,555-426-9249,West
ORD-102519,CUST-213,2026-09-17 23:53:29.146027,2026-09-19 22:53:29.146027,Apparel,2,206.39,0.077,user897@example.com,555-356-5235,North
ORD-100721,CUST-927,2026-03-19 23:53:29.146027,2026-03-20 10:53:29.146027,Sports,3,151.26,0.197,user636@example.com,555-533-5810,North
ORD-103697,CUST-55,2026-05-13 23:53:29.146027,2026-05-14 11:53:29.146027,Groceries,2,488.92,0.04,user1122@example.com,555-670-8486,East
ORD-100100,CUST-595,2026-07-11 23:53:29.146027,2026-07-13 13:53:29.146027,Apparel,1,395.98,0.108,user32@example.com,555-299-7940,South
ORD-102599,CUST-1079,2026-08-29 23:53:29.146027,2026-08-31 11:53:29.146027,Toys,6,465.67,0.272,user636@example.com,555-732-6377,North
ORD-102755,CUST-868,2026-08-30 23:53:29.146027,2026-08-31 21:53:29.146027,Apparel,9,123.71,0.088,user902@example.com,555-911-5352,West
ORD-100985,CUST-688,2026-09-02 23:53:29.146027,2026-09-04 08:53:29.146027,Home & Garden,9,248.12,0.198,user905@example.com,555-777-6717,South
ORD-103499,CUST-978,2026-04-23 23:53:29.146027,2026-04-24 01:53:29.146027,Toys,7,176.91,0.085,user764@example.com,555-366-6234,
ORD-101739,CUST-733,2026-03-02 23:53:29.146027,2026-03-04 10:53:29.146027,Electronics,5,242.02,0.201,user411@example.com,555-472-4569,West
ORD-104067,CUST-881,2026-10-03 23:53:29.146027,2026-10-05 07:53:29.146027,Sports,7,86.79,0.237,user669@example.com,555-887-7100,East
ORD-101337,CUST-543,2026-03-21 23:53:29.146027,2026-03-23 22:53:29.146027,Electronics,2,290.57,0.196,user100@example.com,555-957-5138,West
ORD-100513,CUST-1017,2026-01-29 23:53:29.146027,2026-01-31 08:53:29.146027,Toys,7,14224.0,0.037,user105@example.com,555-230-8263,North
ORD-103469,CUST-517,2026-05-08 23:53:29.146027,2026-05-08 23:53:29.146027,sports,7,344.83,0.109,user431@example.com,555-636-5575,North
ORD-101015,CUST-870,2026-06-03 23:53:29.146027,2026-06-04 18:53:29.146027,Apparel,1,259.63,0.177,user37@example.com,555-678-7031,South
ORD-103887,CUST-739,2026-05-16 23:53:29.146027,2026-05-17 19:53:29.146027,Toys,2,74.68,0.049,user153@example.com,555-377-2380,South
ORD-100644,CUST-344,2026-04-08 23:53:29.146027,2026-04-08 23:53:29.146027,Apparel,7,446.99,0.21,user890@example.com,555-799-9681,North
ORD-102014,CUST-807,2026-06-07 23:53:29.146027,2026-06-08 12:53:29.146027,Groceries,5,248.05,0.218,user1114@example.com,555-743-5440,East
ORD-101966,CUST-114,2026-06-16 23:53:29.146027,2026-06-18 11:53:29.146027,Electronics,-1,404.3,0.081,user277@example.com,555-142-7208,North
ORD-100087,CUST-152,2026-08-23 23:53:29.146027,2026-08-24 11:53:29.146027,Groceries,2,324.0,0.257,user565@example.com,555-671-8486,East
ORD-101845,CUST-848,2026-05-23 23:53:29.146027,2026-05-25 10:53:29.146027,Sports,6,12.63,0.071,user634@example.com,555-751-4626,West
ORD-104683,CUST-933,2026-01-10 23:53:29.146027,2026-01-12 21:53:29.146027,Electronics,2,372.34,0.007,user1073@example.com,555-685-9543,North
ORD-103130,CUST-1186,2026-06-24 23:53:29.146027,2026-06-25 14:53:29.146027,Toys,6,194.48,0.022,user551@example.com,555-122-6433,North
ORD-101167,CUST-996,2026-04-02 23:53:29.146027,2026-04-04 01:53:29.146027,Sports,2,184.51,0.229,user1067@example.com,555-210-3968,West
ORD-102751,CUST-327,2026-10-01 23:53:29.146027,2026-10-03 03:53:29.146027,Electronics,1,361.27,0.139,user554@example.com,555-484-9484,East
ORD-101002,CUST-827,2026-03-23 23:53:29.146027,2026-03-24 13:53:29.146027,Groceries,2,409.49,0.212,user1080@example.com,555-663-1314,West
ORD-101227,CUST-776,2026-04-25 23:53:29.146027,2026-04-27 03:53:29.146027,Toys,4,128.22,0.181,user13@example.com,555-412-4569,South
ORD-103366,CUST-86,2026-02-08 23:53:29.146027,2026-02-09 12:53:29.146027,apparel,3,31.84,0.173,user214@example.com,555-421-2798,North
ORD-100075,CUST-123,2026-01-08 23:53:29.146027,2026-01-09 19:53:29.146027,Home & Garden,5,465.22,0.259,user615@example.com,555-598-5037,South
ORD-104196,CUST-237,2026-07-10 23:53:29.146027,2026-07-11 12:53:29.146027,Sports,6,298.29,0.271,user556@example.com,555-869-9166,East
ORD-101741,CUST-50,2026-04-06 23:53:29.146027,2026-04-07 23:53:29.146027,Groceries,-1,330.55,0.267,user583@example.com,555-944-7651,West
ORD-102602,CUST-554,2026-08-08 23:53:29.146027,2026-08-10 10:53:29.146027,Sports,8,134.21,0.233,user203@example.com,555-120-6758,West
ORD-104310,CUST-910,2026-06-01 23:53:29.146027,2026-06-02 02:53:29.146027,Toys,7,73.22,0.071,user549@example.com,555-189-3815,West
ORD-104451,CUST-971,2026-05-25 23:53:29.146027,2026-05-27 22:53:29.146027,Toys,5,202.01,0.178,user349@example.com,555-461-6543,South
ORD-100968,CUST-353,2026-05-24 23:53:29.146027,2026-05-26 05:53:29.146027,Apparel,1,238.44,0.221,user373@example.com,555-462-1356,West
ORD-101489,CUST-709,2026-08-13 23:53:29.146027,2026-08-14 06:53:29.146027,Apparel,5,74.37,0.2,user586@example.com,555-318-5808,East
ORD-104622,CUST-954,2026-02-02 23:53:29.146027,2026-02-04 16:53:29.146027,Toys,2,16.87,0.161,user761@example.com,555-517-3549,North
ORD-102827,CUST-835,2026-03-28 23:53:29.146027,2026-03-30 20:53:29.146027,Electronics,9,203.94,0.192,user745@example.com,555-257-9621,East
ORD-101286,CUST-332,2026-03-02 23:53:29.146027,2026-03-03 14:53:29.146027,Toys,2,438.84,0.008,user897@example.com,555-113-6078,East
ORD-100712,CUST-1018,2026-06-09 23:53:29.146027,2026-06-10 23:53:29.146027,Groceries,2,378.01,0.162,user413@example.com,555-749-3715,South
ORD-102745,CUST-1142,2026-02-12 23:53:29.146027,2026-02-14 00:53:29.146027,Apparel,9,390.95,0.082,user503@example.com,555-721-4626,North
ORD-102305,CUST-1099,2026-06-14 23:53:29.146027,2026-06-15 05:53:29.146027,Electronics,7,442.65,0.24,user84@example.com,555-208-1242,East
ORD-104015,CUST-805,2026-06-25 23:53:29.146027,2026-06-26 12:53:29.146027,Home & Garden,1,158.91,0.238,user573@example.com,555-754-6349,
ORD-101514,CUST-369,2026-08-26 23:53:29.146027,2026-08-28 01:53:29.146027,Toys,1,372.51,0.237,user266@example.com,555-227-8243,South
ORD-100243,CUST-491,2026-06-25 23:53:29.146027,2026-06-26 18:53:29.146027,Electronics,7,57.92,0.175,user954@example.com,555-311-4830,East
ORD-102101,CUST-921,2026-02-13 23:53:29.146027,2026-02-14 03:53:29.146027,Toys,3,88.58,0.246,user254@example.com,555-983-1234,South
ORD-101913,CUST-328,2026-05-14 23:53:29.146027,2026-05-16 18:53:29.146027,Apparel,9,85.26,0.276,user527@example.com,555-821-6771,South
ORD-101260,CUST-1187,2026-06-10 23:53:29.146027,2026-06-11 01:53:29.146027,Apparel,1,470.46,0.153,user857@example.com,555-696-9044,West
ORD-101874,CUST-1051,2026-07-16 23:53:29.146027,2026-07-17 17:53:29.146027,Electronics,9,188.01,0.238,user1103@example.com,555-905-7026,
ORD-104227,CUST-120,2026-07-26 23:53:29.146027,2026-07-28 22:53:29.146027,Toys,3,323.3,0.078,user784@example.com,555-721-6118,South
ORD-102208,CUST-745,2026-08-12 23:53:29.146027,2026-08-14 05:53:29.146027,Electronics,8,375.16,0.107,user979@example.com,555-155-3497,
ORD-102766,CUST-1158,2026-07-30 23:53:29.146027,2026-08-01 06:53:29.146027,Toys,7,83.08,0.085,user512@example.com,555-434-2289,North
ORD-101715,CUST-150,2026-10-01 23:53:29.146027,2026-10-03 10:53:29.146027,Home & Garden,4,412.2,0.067,,555-688-6683,South
ORD-101598,CUST-514,2026-08-23 23:53:29.146027,2026-08-25 10:53:29.146027,Home & Garden,2,475.97,0.224,user249@example.com,555-945-2096,East
ORD-100162,CUST-443,2026-07-28 23:53:29.146027,2026-07-30 14:53:29.146027,Home & Garden,1,254.33,0.151,user6@example.com,555-370-7459,South
ORD-103040,CUST-25,2026-09-02 23:53:29.146027,2026-09-03 02:53:29.146027,Sports,7,26.48,0.058,user948@example.com,555-911-2807,West
ORD-101442,CUST-1026,2026-08-19 23:53:29.146027,2026-08-21 07:53:29.146027,Groceries,8,184.45,0.079,user1035@example.com,555-617-6112,South
ORD-104397,CUST-377,2026-02-25 23:53:29.146027,2026-02-27 22:53:29.146027,Toys,1,18.59,0.262,user349@example.com,555-239-8268,South
ORD-102211,CUST-675,2026-09-05 23:53:29.146027,2026-09-06 07:53:29.146027,Sports,5,134.96,0.174,user153@example.com,555-374-9628,North
ORD-104151,CUST-834,2026-02-04 23:53:29.146027,2026-02-05 17:53:29.146027,Groceries,7,31.43,0.3,user856@example.com,555-498-8078,West
ORD-104076,CUST-698,2026-09-20 23:53:29.146027,2026-09-21 16:53:29.146027,Groceries,5,493.78,0.205,user1012@example.com,555-298-2691,South
ORD-104333,CUST-183,2026-06-11 23:53:29.146027,2026-06-13 16:53:29.146027,Toys,2,263.84,0.02,user130@example.com,555-189-8820,West
ORD-104460,CUST-460,2026-09-07 23:53:29.146027,2026-09-08 22:53:29.146027,Groceries,3,144.38,0.004,user832@example.com,555-320-4760,North
ORD-101747,CUST-781,2026-09-14 23:53:29.146027,2026-09-16 02:53:29.146027,Home & Garden,6,210.47,0.258,user700@example.com,555-555-3013,West
ORD-100964,CUST-471,2026-03-14 23:53:29.146027,2026-03-16 19:53:29.146027,Home & Garden,9,366.03,0.29,user252@example.com,555-841-3798,South
ORD-103256,CUST-185,2026-06-08 23:53:29.146027,2026-06-09 12:53:29.146027,Groceries,7,293.37,0.113,user820@example.com,555-725-4998,West
ORD-103498,CUST-186,2026-06-06 23:53:29.146027,2026-06-07 04:53:29.146027,Home & Garden,1,198.91,0.157,user907@example.com,555-215-7561,West
ORD-103476,CUST-802,2026-04-12 23:53:29.146027,2026-04-13 23:53:29.146027,Groceries,6,254.68,0.099,user362@example.com,555-723-6992,South
ORD-101257,CUST-138,2026-05-26 23:53:29.146027,2026-05-28 18:53:29.146027,Apparel,2,208.04,0.218,user20@example.com,555-815-4837,South
ORD-103096,CUST-521,2026-04-15 23:53:29.146027,2026-04-16 23:53:29.146027,Apparel,4,319.62,0.209,user726@example.com,555-164-5793,North
ORD-103212,CUST-1149,2026-06-17 23:53:29.146027,2026-06-18 03:53:29.146027,Home & Garden,7,97.42,0.101,user637@example.com,555-676-4706,West
ORD-101229,CUST-896,2026-01-07 23:53:29.146027,2026-01-08 11:53:29.146027,Sports,2,270.19,0.03,user349@example.com,555-817-2217,West
ORD-100756,CUST-986,2026-05-06 23:53:29.146027,2026-05-07 04:53:29.146027,Home & Garden,3,286.78,0.071,user555@example.com,555-580-2050,South
ORD-104574,CUST-26,2026-08-16 23:53:29.146027,2026-08-17 23:53:29.146027,Home & Garden,4,381.39,0.171,user757@example.com,555-211-9068,West
ORD-102069,CUST-898,2026-02-12 23:53:29.146027,2026-02-12 23:53:29.146027,Groceries,7,64.19,0.262,,555-649-5650,East
ORD-101726,CUST-884,2026-03-25 23:53:29.146027,2026-03-27 09:53:29.146027,Sports,4,108.9,0.257,user1196@example.com,555-793-6886,South
ORD-101141,CUST-492,2026-08-15 23:53:29.146027,2026-08-16 05:53:29.146027,Toys,7,333.59,0.22,user722@example.com,555-427-2790,South
ORD-103452,CUST-661,2026-07-18 23:53:29.146027,2026-07-20 20:53:29.146027,Electronics,8,9.15,0.291,user861@example.com,555-917-5565,South
ORD-104545,CUST-829,2026-07-05 23:53:29.146027,2026-07-07 03:53:29.146027,Apparel,3,195.89,0.243,user275@example.com,555-350-4296,North
ORD-101935,CUST-156,2026-05-22 23:53:29.146027,2026-05-24 22:53:29.146027,Groceries,9,410.76,0.147,user346@example.com,555-723-8680,West
ORD-104705,CUST-525,2026-01-18 23:53:29.146027,2026-01-20 07:53:29.146027,Groceries,7,40.48,0.114,user1005@example.com,555-339-2924,North
ORD-100002,CUST-31,2026-07-10 23:53:29.146027,2026-07-12 09:53:29.146027,Apparel,8,59.64,0.214,user511@example.com,555-168-4106,South
ORD-100313,CUST-414,2026-04-06 23:53:29.146027,2026-04-07 14:53:29.146027,Sports,1,254.06,0.24,user675@example.com,555-747-4985,North
ORD-103825,CUST-268,2026-06-10 23:53:29.146027,2026-06-12 01:53:29.146027,Home & Garden,1,0.0,0.242,user1185@example.com,555-811-6732,South
ORD-103334,CUST-30,2026-07-25 23:53:29.146027,2026-07-27 21:53:29.146027,Home & Garden,1,411.09,0.116,user761@example.com,555-488-3592,North
ORD-102147,CUST-269,2026-05-12 23:53:29.146027,2026-05-14 21:53:29.146027,Sports,8,396.61,0.011,user606@example.com,555-709-1661,West
ORD-101678,CUST-1014,2026-05-18 23:53:29.146027,2026-05-19 04:53:29.146027,Home & Garden,1,218.2,0.201,user808@example.com,555-398-6251,
ORD-100653,CUST-436,2026-01-31 23:53:29.146027,2026-02-01 20:53:29.146027,Toys,9,438.49,0.19,user37@example.com,555-547-4300,West
ORD-102948,CUST-639,2026-07-09 23:53:29.146027,2026-07-11 02:53:29.146027,Groceries,4,158.95,0.276,user46@example.com,555-310-7304,South
ORD-102321,CUST-440,2026-08-14 23:53:29.146027,2026-08-16 02:53:29.146027,Toys,8,466.61,0.174,user807@example.com,555-828-7423,North
ORD-104177,CUST-725,2026-07-21 23:53:29.146027,2026-07-23 05:53:29.146027,Groceries,5,14.91,0.264,user101@example.com,555-938-3891,East
ORD-102331,CUST-168,2026-08-19 23:53:29.146027,2026-08-21 00:53:29.146027,Electronics,1,398.21,0.063,user650@example.com,555-647-4765,North
ORD-103847,CUST-334,2026-05-13 23:53:29.146027,2026-05-14 15:53:29.146027,Electronics,2,103.69,0.064,user884@example.com,555-783-3274,East
ORD-101991,CUST-211,2026-09-04 23:53:29.146027,2026-09-06 04:53:29.146027,Sports,1,424.5,0.056,user1053@example.com,555-791-9070,West
ORD-101933,CUST-1106,2026-04-19 23:53:29.146027,2026-04-20 01:53:29.146027,Apparel,6,412.8,0.09,user51@example.com,555-329-2683,North
ORD-104991,CUST-753,2026-01-15 23:53:29.146027,2026-01-17 15:53:29.146027,Electronics,3,6.92,0.119,user983@example.com,555-982-8458,South
ORD-104562,CUST-180,2026-03-13 23:53:29.146027,2026-03-14 22:53:29.146027,Home & Garden,9,463.84,0.042,user99@example.com,555-190-4050,East
ORD-101801,CUST-144,2026-03-18 23:53:29.146027,2026-03-20 16:53:29.146027,Sports,2,197.19,0.061,user575@example.com,555-417-2160,West
ORD-100037,CUST-480,2026-06-23 23:53:29.146027,2026-06-24 09:53:29.146027,Electronics,1,169.18,0.225,user72@example.com,555-135-8079,West
ORD-102937,CUST-14,2026-07-02 23:53:29.146027,2026-07-03 03:53:29.146027,Toys,3,310.33,0.246,user78@example.com,555-895-7688,East
ORD-102388,CUST-1000,2026-08-19 23:53:29.146027,2026-08-20 19:53:29.146027,Electronics,4,92.35,0.289,,555-917-4084,West
ORD-100744,CUST-873,2026-06-02 23:53:29.146027,2026-06-03 21:53:29.146027,Toys,3,101.65,0.0,user266@example.com,555-652-3546,West
ORD-104351,CUST-951,2026-02-02 23:53:29.146027,2026-02-03 07:53:29.146027,Toys,8,190.91,0.187,user631@example.com,555-735-6631,West
ORD-104512,CUST-134,2026-05-05 23:53:29.146027,2026-05-06 10:53:29.146027,Home & Garden,8,374.2,0.005,user413@example.com,555-958-4371,East
ORD-100541,CUST-59,2026-06-23 23:53:29.146027,2026-06-25 05:53:29.146027,Home & Garden,5,227.62,0.285,user391@example.com,555-526-4927,North
ORD-101281,CUST-1127,2026-03-27 23:53:29.146027,2026-03-27 23:53:29.146027,Apparel,7,368.8,0.185,,555-160-8396,East
ORD-100533,CUST-1053,2026-09-08 23:53:29.146027,2026-09-09 21:53:29.146027,Groceries,8,93.08,0.047,user907@example.com,555-755-4205,West
ORD-104478,CUST-982,2026-02-07 23:53:29.146027,2026-02-08 18:53:29.146027,Sports,1,78.07,0.192,user1111@example.com,555-255-2355,South
ORD-104676,CUST-65,2026-08-20 23:53:29.146027,2026-08-22 14:53:29.146027,Home & Garden,8,105.43,0.3,user199@example.com,555-147-5995,North
ORD-102376,CUST-1030,2026-08-08 23:53:29.146027,2026-08-09 05:53:29.146027,Groceries,9,270.39,0.091,user107@example.com,555-505-9040,East
ORD-103121,CUST-1073,2026-09-03 23:53:29.146027,2026-09-04 04:53:29.146027,Home & Garden,6,478.07,0.251,user243@example.com,555-841-1731,West
ORD-103610,CUST-108,2026-01-24 23:53:29.146027,2026-01-26 00:53:29.146027,Electronics,4,293.88,0.179,user1120@example.com,555-371-4353,East
ORD-102094,CUST-17,2026-08-13 23:53:29.146027,2026-08-15 05:53:29.146027,Groceries,3,90.03,0.238,user635@example.com,555-356-5842,North
ORD-104228,CUST-864,2026-03-30 23:53:29.146027,2026-03-31 07:53:29.146027,Groceries,1,400.8,0.11,user1133@example.com,555-712-2294,East
ORD-101343,CUST-863,2026-01-27 23:53:29.146027,2026-01-28 09:53:29.146027,Electronics,8,203.58,0.086,user631@example.com,555-229-8385,North
ORD-103247,CUST-97,2026-07-06 23:53:29.146027,2026-07-08 00:53:29.146027,Electronics,6,422.83,0.2,user605@example.com,555-607-5567,
ORD-102443,CUST-864,2026-02-12 23:53:29.146027,2026-02-13 20:53:29.146027,Groceries,1,254.37,0.13,user24@example.com,555-690-9486,
ORD-100886,CUST-522,2026-03-24 23:53:29.146027,2026-03-26 20:53:29.146027,Electronics,4,251.29,0.264,user803@example.com,555-558-7866,South
ORD-104221,CUST-203,2026-01-24 23:53:29.146027,2026-01-26 17:53:29.146027,Sports,6,17.3,0.053,user153@example.com,555-351-3316,South
ORD-104738,CUST-671,2026-05-28 23:53:29.146027,2026-05-29 23:53:29.146027,Apparel,9,136.04,0.268,user1161@example.com,555-526-5621,West
ORD-100147,CUST-164,2026-07-04 23:53:29.146027,2026-07-06 10:53:29.146027,Groceries,8,315.54,0.166,user460@example.com,555-480-4741,West
ORD-104604,CUST-23,2026-08-22 23:53:29.146027,2026-08-23 23:53:29.146027,Electronics,7,140.21,0.044,user203@example.com,555-305-1093,South
ORD-102629,CUST-904,2026-06-11 23:53:29.146027,2026-06-12 03:53:29.146027,Toys,2,385.6,0.06,user420@example.com,555-170-7114,South
ORD-101236,CUST-966,2026-01-22 23:53:29.146027,2026-01-23 21:53:29.146027,Electronics,6,193.34,0.246,user1071@example.com,555-624-2360,West
ORD-100362,CUST-640,2026-07-13 23:53:29.146027,2026-07-14 21:53:29.146027,Groceries,3,87.38,0.176,user1040@example.com,555-868-3369,West
ORD-104388,CUST-628,2026-05-31 23:53:29.146027,2026-06-02 08:53:29.146027,Toys,2,30.97,0.107,user705@example.com,555-383-9877,West
ORD-101788,CUST-527,2026-02-24 23:53:29.146027,2026-02-25 05:53:29.146027,Groceries,3,233.78,0.08,user894@example.com,555-186-9333,North
ORD-102335,CUST-809,2026-08-23 23:53:29.146027,2026-08-24 15:53:29.146027,Home & Garden,-4,470.24,0.298,user598@example.com,555-194-6634,South
ORD-103135,CUST-710,2026-08-22 23:53:29.146027,2026-08-24 06:53:29.146027,Sports,6,452.98,0.019,user356@example.com,555-193-9585,North
ORD-102787,CUST-399,2026-07-07 23:53:29.146027,2026-07-09 07:53:29.146027,Toys,5,384.62,0.237,user1119@example.com,555-540-7325,North
ORD-101580,CUST-859,2026-01-19 23:53:29.146027,2026-01-21 09:53:29.146027,Apparel,1,496.28,0.204,user231@example.com,555-943-9366,West
ORD-101342,CUST-156,2026-05-28 23:53:29.146027,2026-05-30 02:53:29.146027,Home & Garden,2,78.23,0.24,user29@example.com,555-349-1655,East
ORD-103386,CUST-736,2026-08-23 23:53:29.146027,2026-08-24 08:53:29.146027,Home & Garden,3,280.2,0.03,user673@example.com,555-922-8478,North
ORD-101206,CUST-901,2026-05-29 23:53:29.146027,2026-05-30 09:53:29.146027,Electronics,6,178.41,0.124,user829@example.com,555-306-4029,South
ORD-104369,CUST-854,2026-09-12 23:53:29.146027,2026-09-13 07:53:29.146027,Home & Garden,2,347.5,0.012,user604@example.com,555-527-7752,West
ORD-101124,CUST-1126,2026-02-11 23:53:29.146027,2026-02-13 11:53:29.146027,Groceries,1,80.7,0.277,user210@example.com,555-470-5278,North
ORD-103519,CUST-850,2026-01-09 23:53:29.146027,2026-01-10 09:53:29.146027,Home & Garden,2,342.46,0.297,user744@example.com,555-594-3839,South
ORD-101953,CUST-425,2026-03-26 23:53:29.146027,2026-03-27 09:53:29.146027,Groceries,4,97.19,0.198,user70@example.com,555-579-3474,North
ORD-101252,CUST-108,2026-04-01 23:53:29.146027,2026-04-03 16:53:29.146027,Home & Garden,9,365.66,0.04,user1033@example.com,555-586-4700,North
ORD-103872,CUST-109,2026-03-31 23:53:29.146027,2026-04-01 18:53:29.146027,Home & Garden,6,32.99,0.126,user817@example.com,555-255-1190,West
ORD-104348,CUST-116,2026-02-22 23:53:29.146027,2026-02-24 19:53:29.146027,Electronics,5,251.53,0.218,user248@example.com,555-969-1813,South
ORD-100070,CUST-388,2026-09-02 23:53:29.146027,2026-09-03 17:53:29.146027,Electronics,8,388.9,0.285,user531@example.com,555-137-7490,East
ORD-104476,CUST-41,2026-04-13 23:53:29.146027,2026-04-15 11:53:29.146027,Toys,-4,383.02,0.229,user12@example.com,555-222-3686,East
ORD-100060,CUST-749,2026-03-19 23:53:29.146027,2026-03-20 14:53:29.146027,Electronics,9,175.36,0.064,,555-406-5680,North
ORD-102763,CUST-19,2026-03-07 23:53:29.146027,2026-03-09 00:53:29.146027,Electronics,9,327.12,0.142,user1035@example.com,555-420-3782,North
ORD-100336,CUST-58,2026-04-18 23:53:29.146027,2026-04-19 19:53:29.146027,Sports,4,402.78,0.054,user110@example.com,555-553-5095,West
ORD-100578,CUST-1048,2026-06-28 23:53:29.146027,2026-06-30 16:53:29.146027,Groceries,8,99.65,0.166,user254@example.com,555-745-2852,North
ORD-102141,CUST-862,2026-05-26 23:53:29.146027,2026-05-28 17:53:29.146027,Home & Garden,9,55.31,0.077,user486@example.com,555-521-1671,West
ORD-102370,CUST-406,2026-06-05 23:53:29.146027,2026-06-07 10:53:29.146027,Electronics,7,108.44,0.164,user119@example.com,555-874-4401,West
ORD-100662,CUST-470,2026-09-20 23:53:29.146027,2026-09-21 17:53:29.146027,Electronics,1,416.17,0.161,user984@example.com,555-770-8386,West
ORD-102653,CUST-252,2026-09-03 23:53:29.146027,2026-09-04 13:53:29.146027,Groceries,9,349.28,0.214,,555-218-8111,South
ORD-103383,CUST-931,2026-03-20 23:53:29.146027,2026-03-21 13:53:29.146027,Sports,2,471.24,0.033,user148@example.com,555-172-1861,North
ORD-103460,CUST-248,2026-08-09 23:53:29.146027,2026-08-11 03:53:29.146027,Groceries,6,431.58,0.25,user603@example.com,555-167-5524,North
ORD-102562,CUST-350,2026-09-14 23:53:29.146027,2026-09-15 16:53:29.146027,Apparel,8,272.23,0.24,user130@example.com,555-729-7580,South
ORD-102921,CUST-736,2026-02-15 23:53:29.146027,2026-02-17 09:53:29.146027,Sports,1,141.24,0.176,user565@example.com,555-630-7189,East
ORD-104443,CUST-396,2026-04-22 23:53:29.146027,2026-04-23 11:53:29.146027,Electronics,5,402.43,0.219,user635@example.com,555-437-6094,West
ORD-101222,CUST-463,2026-07-21 23:53:29.146027,2026-07-23 17:53:29.146027,Home & Garden,4,16.76,0.239,user92@example.com,555-304-4767,East
ORD-102781,CUST-1025,2026-08-10 23:53:29.146027,2026-08-11 11:53:29.146027,Toys,8,262.04,0.126,user510@example.com,555-287-2311,North
ORD-102671,CUST-1099,2026-07-13 23:53:29.146027,2026-07-15 15:53:29.146027,Apparel,9,373.05,0.018,user457@example.com,555-435-6545,West
ORD-101549,CUST-719,2026-03-16 23:53:29.146027,2026-03-18 18:53:29.146027,Electronics,3,204.27,0.136,user1117@example.com,555-847-5883,West
ORD-102816,CUST-1160,2026-09-11 23:53:29.146027,2026-09-13 17:53:29.146027,Home & Garden,4,342.58,0.216,user406@example.com,555-843-1902,West
ORD-104926,CUST-798,2026-05-05 23:53:29.146027,2026-05-06 11:53:29.146027,Apparel,4,365.83,0.035,user912@example.com,555-367-3471,South
ORD-102099,CUST-782,2026-06-07 23:53:29.146027,2026-06-09 09:53:29.146027,Toys,2,365.83,0.257,user1177@example.com,555-445-6764,East
ORD-102862,CUST-360,2026-08-08 23:53:29.146027,2026-08-10 05:53:29.146027,Home & Garden,5,359.33,0.266,user143@example.com,555-405-7643,South
ORD-100028,CUST-362,2026-05-16 23:53:29.146027,2026-05-18 22:53:29.146027,Electronics,3,275.9,0.184,user616@example.com,555-783-8644,North
ORD-103356,CUST-76,2026-07-23 23:53:29.146027,2026-07-25 18:53:29.146027,Sports,6,498.07,0.011,user830@example.com,555-492-1529,South
ORD-104419,CUST-642,2026-01-20 23:53:29.146027,2026-01-22 20:53:29.146027,Sports,7,1939.5,0.242,user618@example.com,555-449-4068,North
ORD-104444,CUST-726,2026-04-23 23:53:29.146027,2026-04-24 05:53:29.146027,Apparel,7,66.15,0.08,user480@example.com,555-275-2651,East
ORD-104820,CUST-1068,2026-02-13 23:53:29.146027,2026-02-15 11:53:29.146027,Sports,8,248.04,0.164,user1015@example.com,555-374-1041,West
ORD-104001,CUST-106,2026-03-10 23:53:29.146027,2026-03-12 05:53:29.146027,Sports,9,409.24,0.257,user214@example.com,555-129-1899,North
ORD-103171,CUST-1134,2026-01-07 23:53:29.146027,2026-01-08 13:53:29.146027,Home & Garden,1,260.61,0.139,user304@example.com,555-545-9116,South
ORD-101708,CUST-730,2026-02-27 23:53:29.146027,2026-03-01 15:53:29.146027,Home & Garden,2,101.33,0.223,user1168@example.com,555-481-6900,North
ORD-102839,CUST-785,2026-05-19 23:53:29.146027,2026-05-21 01:53:29.146027,Sports,2,17.37,0.125,user1157@example.com,555-196-4412,East
ORD-104619,CUST-1060,2026-07-25 23:53:29.146027,2026-07-27 18:53:29.146027,Toys,9,58.8,0.239,user529@example.com,555-994-7411,North
ORD-103003,CUST-670,2026-07-21 23:53:29.146027,2026-07-22 10:53:29.146027,Home & Garden,4,297.71,0.151,user111@example.com,555-202-6932,West
ORD-104158,CUST-1055,2026-08-22 23:53:29.146027,2026-08-23 22:53:29.146027,Home & Garden,6,394.74,0.193,user614@example.com,555-884-5848,South
ORD-103514,CUST-1091,2026-03-26 23:53:29.146027,2026-03-28 11:53:29.146027,Electronics,6,96.74,0.023,user364@example.com,555-913-7644,East
ORD-101858,CUST-415,2026-09-01 23:53:29.146027,2026-09-02 01:53:29.146027,Groceries,8,122.81,0.167,user983@example.com,555-899-7181,West
ORD-101258,CUST-180,2026-04-11 23:53:29.146027,2026-04-11 23:53:29.146027,Apparel,2,438.95,0.224,user722@example.com,555-541-6902,North
ORD-100009,CUST-795,2026-03-29 23:53:29.146027,2026-03-30 17:53:29.146027,Groceries,2,107.65,0.049,user557@example.com,555-163-4815,
ORD-104588,CUST-453,2026-01-31 23:53:29.146027,2026-01-31 23:53:29.146027,Sports,7,288.21,0.191,user585@example.com,555-461-9467,East
ORD-102667,CUST-779,2026-05-18 23:53:29.146027,2026-05-19 15:53:29.146027,Toys,5,314.3,0.29,user1140@example.com,555-304-1520,East
ORD-104964,CUST-425,2026-05-05 23:53:29.146027,2026-05-06 02:53:29.146027,Electronics,4,176.73,0.171,user947@example.com,555-986-1989,North
ORD-102036,CUST-890,2026-02-06 23:53:29.146027,2026-02-08 19:53:29.146027,Groceries,5,434.99,0.043,user768@example.com,555-909-1431,West
ORD-103505,CUST-760,2026-09-08 23:53:29.146027,2026-09-09 09:53:29.146027,Home & Garden,4,243.52,0.281,user1026@example.com,555-197-1984,East
ORD-101671,CUST-880,2026-02-04 23:53:29.146027,2026-02-06 02:53:29.146027,Toys,9,226.47,0.093,user204@example.com,555-312-1357,West
ORD-100785,CUST-257,2026-07-09 23:53:29.146027,2026-07-10 02:53:29.146027,Sports,2,260.06,0.245,user1025@example.com,555-729-9754,East
ORD-100609,CUST-256,2026-07-20 23:53:29.146027,2026-07-21 06:53:29.146027, Toys ,6,412.32,0.013,user417@example.com,555-901-9526,North
ORD-104724,CUST-210,2026-07-21 23:53:29.146027,2026-07-23 04:53:29.146027,Groceries,4,106.24,0.294,user86@example.com,555-420-3304,South
ORD-100932,CUST-598,2026-04-18 23:53:29.146027,2026-04-19 19:53:29.146027,Home & Garden,1,377.0,0.202,user623@example.com,555-302-5853,North
ORD-100342,CUST-532,2026-03-11 23:53:29.146027,2026-03-12 16:53:29.146027,Electronics,3,108.4,0.047,user868@example.com,555-370-8116,East
ORD-103860,CUST-190,2026-09-19 23:53:29.146027,2026-09-20 22:53:29.146027,Toys,1,337.8,0.146,user381@example.com,555-165-3587,East
ORD-102739,CUST-739,2026-03-25 23:53:29.146027,2026-03-26 20:53:29.146027,Home & Garden,5,116.98,0.03,user1047@example.com,555-740-4315,East
ORD-103120,CUST-470,2026-02-13 23:53:29.146027,2026-02-15 13:53:29.146027,Toys,2,308.08,0.264,user743@example.com,555-856-3065,North
ORD-104360,CUST-1050,31/02/2025,2026-04-04 09:53:29.146027,Sports,7,329.84,0.137,user465@example.com,555-157-7522,West
ORD-101463,CUST-186,2026-05-13 23:53:29.146027,2026-05-14 05:53:29.146027,Toys,3,443.61,0.022,user191@example.com,555-378-9721,North
ORD-104822,CUST-59,2026-06-18 23:53:29.146027,2026-06-19 00:53:29.146027,Electronics,3,223.57,0.003,user342@example.com,555-652-7389,West
ORD-104575,CUST-367,2026-02-01 23:53:29.146027,2026-02-02 14:53:29.146027,Electronics,1,448.5,0.117,user764@example.com,555-778-1965,South
ORD-102776,CUST-850,2026-02-24 23:53:29.146027,2026-02-26 07:53:29.146027,Groceries,9,40.44,0.284,user1053@example.com,555-384-9710,West
ORD-100855,CUST-1083,2026-04-27 23:53:29.146027,2026-04-28 21:53:29.146027,Toys,4,130.73,0.011,user567@example.com,555-128-3606,North
ORD-100445,CUST-201,2026-06-10 23:53:29.146027,2026-06-12 06:53:29.146027,Apparel,7,394.02,0.139,user134@example.com,555-618-9846,
ORD-103467,CUST-858,2026-05-03 23:53:29.146027,2026-05-05 14:53:29.146027,Electronics,8,169.31,0.022,user598@example.com,555-672-9257,North
ORD-102053,CUST-130,2026-07-20 23:53:29.146027,2026-07-21 11:53:29.146027,Home & Garden,9,253.4,0.271,user66@example.com,555-345-8732,North
ORD-100405,CUST-1076,2026-06-20 23:53:29.146027,2026-06-22 06:53:29.146027,Sports,7,438.38,0.227,user839@example.com,555-693-9795,West
ORD-101256,CUST-200,2026-09-10 23:53:29.146027,2026-09-11 01:53:29.146027,Electronics,1,414.96,0.099,user1025@example.com,555-367-1055,East
ORD-100284,CUST-174,2026-08-19 23:53:29.146027,2026-08-21 00:53:29.146027,Sports,7,323.77,0.182,user994@example.com,555-837-8809,South
ORD-100345,CUST-347,2026-06-27 23:53:29.146027,2026-06-27 23:53:29.146027,Electronics,6,150.8,0.159,user243@example.com,555-462-6584,South
ORD-101125,CUST-345,2026-05-10 23:53:29.146027,2026-05-11 18:53:29.146027,Toys,9,427.6,0.198,user197@example.com,555-165-9345,North
ORD-104336,CUST-534,2026-09-16 23:53:29.146027,2026-09-17 22:53:29.146027,Electronics,9,428.03,0.248,user821@example.com,555-975-6723,North
ORD-104502,CUST-1138,2026-04-05 23:53:29.146027,2026-04-06 22:53:29.146027,Apparel,9,70.1,0.227,user612@example.com,555-189-3452,North
ORD-102840,CUST-692,2026-08-09 23:53:29.146027,2026-08-11 10:53:29.146027,Home & Garden,8,186.39,0.147,user673@example.com,555-549-9172,
ORD-102082,CUST-1042,2026-04-03 23:53:29.146027,2026-04-05 09:53:29.146027,Groceries,7,472.11,0.137,user670@example.com,555-624-7953,East
ORD-104337,CUST-835,2026-02-16 23:53:29.146027,2026-02-17 13:53:29.146027,Toys,1,149.65,0.096,user950@example.com,555-721-3053,East
ORD-103258,CUST-1112,2026-06-14 23:53:29.146027,2026-06-15 18:53:29.146027,Home & Garden,8,219.96,0.287,user386@example.com,555-394-1897,North
ORD-101881,CUST-642,2026-05-23 23:53:29.146027,2026-05-24 17:53:29.146027,Sports,4,470.3,0.049,user81@example.com,555-898-8224,East
ORD-100873,CUST-911,2026-05-09 23:53:29.146027,2026-05-10 00:53:29.146027,Electronics,6,290.18,0.06,user674@example.com,555-576-8028,North
ORD-101765,CUST-527,2026-02-01 23:53:29.146027,2026-02-03 22:53:29.146027, Electronics ,6,95.76,0.019,user390@example.com,555-348-2853,
ORD-101930,CUST-928,2026-08-02 23:53:29.146027,2026-08-03 05:53:29.146027,Electronics,1,230.96,0.072,user1148@example.com,555-387-9562,South
ORD-104395,CUST-902,2026-03-22 23:53:29.146027,2026-03-23 03:53:29.146027,Apparel,7,169.05,0.086,user68@example.com,555-567-6546,South
ORD-104042,CUST-529,2026-02-19 23:53:29.146027,2026-02-20 00:53:29.146027,Sports,3,234.04,0.011,user112@example.com,555-328-1647,East
ORD-104021,CUST-876,2026-03-02 23:53:29.146027,2026-03-03 15:53:29.146027,Toys,8,438.96,0.158,user315@example.com,555-816-2425,North
ORD-102736,CUST-932,2026-04-16 23:53:29.146027,2026-04-18 16:53:29.146027,Groceries,6,471.21,0.173,user627@example.com,555-552-7219,West
ORD-103604,CUST-507,2026-03-02 23:53:29.146027,2026-03-04 14:53:29.146027,Apparel,9,428.5,0.043,user259@example.com,555-653-1052,East
ORD-101127,CUST-588,2026-02-19 23:53:29.146027,2026-02-20 09:53:29.146027,Toys,-5,341.65,0.169,user7@example.com,555-763-6705,West
ORD-104400,CUST-265,2026-09-07 23:53:29.146027,2026-09-09 12:53:29.146027,Sports,9,346.65,0.112,user478@example.com,555-680-6144,North
ORD-100448,CUST-657,2026-03-19 23:53:29.146027,2026-03-20 00:53:29.146027,Sports,3,80.78,0.226,user1177@example.com,555-721-9243,South
ORD-103006,CUST-774,2026-02-08 23:53:29.146027,2026-02-09 08:53:29.146027,Home & Garden,4,162.68,0.251,user230@example.com,555-240-4761,
ORD-103987,CUST-695,2026-07-15 23:53:29.146027,2026-07-17 20:53:29.146027,Groceries,7,67.35,0.219,user35@example.com,555-524-3005,West
ORD-101313,CUST-235,2026-05-07 23:53:29.146027,2026-05-08 17:53:29.146027,Electronics,4,141.59,0.223,user163@example.com,555-521-5940,
ORD-103766,CUST-337,2026-05-11 23:53:29.146027,2026-05-12 22:53:29.146027,Toys,7,145.09,0.241,user1152@example.com,555-903-4262,West
ORD-101458,CUST-929,2026-05-31 23:53:29.146027,2026-05-31 23:53:29.146027,Toys,7,157.54,0.093,user443@example.com,555-854-6649,North
ORD-100498,CUST-1036,2026-05-28 23:53:29.146027,2026-05-29 07:53:29.146027,Electronics,5,249.05,0.005,user1119@example.com,555-459-2150,South
ORD-101137,CUST-249,2026-04-26 23:53:29.146027,2026-04-28 08:53:29.146027,home & garden,1,6.47,0.022,user693@example.com,555-972-1963,East
ORD-104699,CUST-550,2026-07-03 23:53:29.146027,2026-07-04 20:53:29.146027,Electronics,9,361.22,0.041,user1000@example.com,555-479-9294,East
ORD-103230,CUST-910,2026-07-21 23:53:29.146027,2026-07-22 10:53:29.146027,Apparel,2,106.15,0.106,user626@example.com,555-836-9795,East
ORD-101291,CUST-31,2026-07-21 23:53:29.146027,2026-07-23 17:53:29.146027,Toys,8,267.59,0.096,user946@example.com,555-659-2021,East
ORD-101143,CUST-142,2026-02-19 23:53:29.146027,2026-02-21 18:53:29.146027,Home & Garden,6,68.51,0.021,user614@example.com,555-657-5799,South
ORD-103885,CUST-465,2026-09-06 23:53:29.146027,2026-09-07 08:53:29.146027,Electronics,7,311.83,0.084,user480@example.com,555-413-9756,North
ORD-102222,CUST-349,2026-07-31 23:53:29.146027,2026-08-02 15:53:29.146027,Electronics,2,301.14,0.279,user267@example.com,555-233-5300,
ORD-102639,CUST-555,2026-05-12 23:53:29.146027,2026-05-13 07:53:29.146027,Apparel,1,0.0,0.194,user92@example.com,555-553-1767,East
ORD-103522,CUST-268,2026-03-01 23:53:29.146027,2026-03-02 16:53:29.146027,Groceries,3,146.76,0.181,user964@example.com,555-967-5798,West
ORD-102055,CUST-577,2026-03-31 23:53:29.146027,2026-04-01 23:53:29.146027,Electronics,2,492.91,0.258,user1030@example.com,555-353-3095,South
ORD-100190,CUST-405,2026-05-07 23:53:29.146027,2026-05-07 23:53:29.146027,Groceries,6,257.68,0.157,user189@example.com,555-685-8516,South
ORD-100740,CUST-520,2026-03-16 23:53:29.146027,2026-03-18 10:53:29.146027,Sports,4,129.57,0.095,user106@example.com,555-206-8415,North
ORD-101086,CUST-782,2026-08-11 23:53:29.146027,2026-08-13 19:53:29.146027,Sports,4,100.52,0.275,user1125@example.com,555-428-3526,East
ORD-102470,CUST-28,2026-03-16 23:53:29.146027,2026-03-17 05:53:29.146027,Electronics,7,467.99,0.201,user398@example.com,555-370-8214,South
ORD-101228,CUST-343,2026-04-13 23:53:29.146027,2026-04-15 21:53:29.146027,Apparel,8,241.15,0.017,,555-278-5876,West
ORD-102712,CUST-46,2026-03-27 23:53:29.146027,2026-03-29 20:53:29.146027,Sports,2,445.02,0.113,user977@example.com,555-632-9507,East
ORD-100486,CUST-807,2026-10-02 23:53:29.146027,2026-10-03 07:53:29.146027,Sports,4,136.83,0.012,user1123@example.com,555-628-5898,West
ORD-103572,CUST-1118,2026-01-07 23:53:29.146027,2026-01-08 06:53:29.146027,Home & Garden,5,108.78,0.004,user259@example.com,555-294-4585,East
ORD-104518,CUST-656,2026-09-03 23:53:29.146027,2026-09-04 02:53:29.146027,Sports,2,135.4,0.159,user484@example.com,555-518-6159,West
ORD-103677,CUST-497,2026-03-26 23:53:29.146027,2026-03-27 02:53:29.146027,Sports,5,233.02,0.298,,555-807-9340,South
ORD-104919,CUST-18,2026-04-19 23:53:29.146027,2026-04-20 01:53:29.146027,Electronics,5,17.25,0.051,user895@example.com,555-262-8520,North
ORD-102315,CUST-329,2026-09-03 23:53:29.146027,2026-09-04 13:53:29.146027,Home & Garden,4,480.13,0.104,user714@example.com,555-744-7126,East
ORD-103581,CUST-735,2026-03-06 23:53:29.146027,2026-03-08 08:53:29.146027,Electronics,5,235.09,0.278,user434@example.com,555-646-7945,East
ORD-100208,CUST-208,2026-05-04 23:53:29.146027,2026-05-06 15:53:29.146027,Apparel,2,219.61,0.031,user264@example.com,555-160-7994,East
ORD-103059,CUST-853,2026-01-25 23:53:29.146027,2026-01-26 13:53:29.146027,Electronics,5,260.62,0.292,user445@example.com,555-759-6602,South
ORD-104664,CUST-749,2026-08-09 23:53:29.146027,2026-08-11 01:53:29.146027,Sports,6,420.19,0.049,user106@example.com,555-856-4215,South
ORD-104293,CUST-865,2026-07-29 23:53:29.146027,2026-07-30 00:53:29.146027,Apparel,1,207.57,0.114,user945@example.com,555-931-4659,East
ORD-101657,CUST-375,2026-03-23 23:53:29.146027,2026-03-25 10:53:29.146027,Groceries,5,42.76,0.19,user381@example.com,555-975-9675,East
ORD-100150,CUST-711,2026-08-23 23:53:29.146027,2026-08-24 10:53:29.146027,Groceries,6,167.74,0.177,user505@example.com,555-457-8362,East
ORD-104892,CUST-706,2026-03-23 23:53:29.146027,2026-03-23 23:53:29.146027,Electronics,2,297.87,0.044,user178@example.com,555-280-6978,North
ORD-102464,CUST-612,2026-07-29 23:53:29.146027,2026-07-31 11:53:29.146027,Sports,4,89.37,0.253,user59@example.com,555-243-5364,South
ORD-101163,CUST-750,2026-09-03 23:53:29.146027,2026-09-04 20:53:29.146027,home & garden,8,124.12,0.185,user967@example.com,555-703-2912,West
ORD-103272,CUST-1042,2026-01-30 23:53:29.146027,2026-02-01 09:53:29.146027,Sports,5,435.09,0.284,user820@example.com,555-878-9555,
ORD-103091,CUST-43,2026-04-03 23:53:29.146027,2026-04-05 03:53:29.146027,Sports,2,384.24,0.195,user695@example.com,555-425-6399,West
ORD-103716,CUST-622,2026-04-26 23:53:29.146027,2026-04-27 18:53:29.146027,Home & Garden,9,180.53,0.222,user248@example.com,555-495-4926,East
ORD-103956,CUST-472,2026-02-14 23:53:29.146027,2026-02-16 13:53:29.146027,Electronics,3,364.76,0.01,user322@example.com,555-419-3582,East
ORD-101561,CUST-909,2026-07-18 23:53:29.146027,2026-07-19 21:53:29.146027,Sports,3,231.87,0.138,user860@example.com,555-248-4541,North
ORD-102451,CUST-1155,2026-05-27 23:53:29.146027,2026-05-29 07:53:29.146027,Home & Garden,7,155.8,0.074,user468@example.com,555-127-6012,North
ORD-102248,CUST-85,2026-06-02 23:53:29.146027,2026-06-03 04:53:29.146027,Groceries,1,442.55,0.013,user502@example.com,555-533-5301,North
ORD-104105,CUST-363,2026-01-12 23:53:29.146027,2026-01-14 00:53:29.146027,Electronics,7,259.77,0.018,user363@example.com,555-173-1471,East
ORD-102559,CUST-96,2026-03-23 23:53:29.146027,2026-03-24 15:53:29.146027,Apparel,3,105.4,0.099,user163@example.com,555-502-5815,East
ORD-101242,CUST-155,2026-03-09 23:53:29.146027,2026-03-11 00:53:29.146027,Electronics,8,94.85,0.185,user400@example.com,555-127-4540,South
ORD-102154,CUST-430,2026-08-09 23:53:29.146027,2026-08-10 23:53:29.146027,Toys,1,236.27,0.201,user458@example.com,555-873-3619,East
ORD-104203,CUST-1180,2026-07-12 23:53:29.146027,2026-07-13 22:53:29.146027,Sports,9,16418.5,0.169,user153@example.com,555-525-9642,East
ORD-101381,CUST-996,2026-04-03 23:53:29.146027,2026-04-05 06:53:29.146027,Electronics,1,392.73,0.021,user833@example.com,555-632-3758,South
ORD-101873,CUST-564,2026-10-01 23:53:29.146027,2026-10-03 08:53:29.146027,Home & Garden,7,406.52,0.111,user626@example.com,555-176-2176,East
ORD-102901,CUST-177,2026-05-02 23:53:29.146027,2026-05-03 08:53:29.146027,Sports,1,267.82,0.017,user890@example.com,555-807-9646,South
ORD-102063,CUST-304,2026-08-31 23:53:29.146027,2026-09-02 07:53:29.146027, Groceries ,-3,126.75,0.091,user264@example.com,555-928-4858,East
ORD-103745,CUST-782,2026-09-09 23:53:29.146027,2026-09-10 05:53:29.146027,Electronics,2,398.72,0.056,user884@example.com,555-126-4996,South
ORD-102421,CUST-1144,2026-08-01 23:53:29.146027,2026-08-03 20:53:29.146027,Home & Garden,3,388.6,0.159,user126@example.com,555-758-7838,North
ORD-104828,CUST-1187,2026-03-11 23:53:29.146027,2026-03-12 20:53:29.146027,Apparel,4,480.21,0.161,user444@example.com,555-125-2325,South
ORD-101688,CUST-103,2026-07-05 23:53:29.146027,2026-07-06 05:53:29.146027,Toys,7,357.24,0.029,user528@example.com,555-754-4800,South
ORD-101955,CUST-944,2026-08-11 23:53:29.146027,2026-08-12 05:53:29.146027,Apparel,1,496.93,0.191,user307@example.com,555-954-8864,West
ORD-103251,CUST-193,2026-02-18 23:53:29.146027,2026-02-19 23:53:29.146027,Home & Garden,1,205.63,0.039,user105@example.com,555-323-2831,South
ORD-104891,CUST-447,2026-02-19 23:53:29.146027,2026-02-21 01:53:29.146027,Sports,2,0.0,0.248,user148@example.com,555-405-9186,North
ORD-102742,CUST-568,2026-04-15 23:53:29.146027,2026-04-17 22:53:29.146027,Sports,4,33.97,0.192,user810@example.com,555-197-2334,North
ORD-103326,CUST-1058,2026-07-13 23:53:29.146027,2026-07-14 10:53:29.146027,Toys,1,46.83,0.017,user1044@example.com,555-637-4873,South
ORD-100420,CUST-900,2026-06-12 23:53:29.146027,2026-06-14 09:53:29.146027,Apparel,5,165.2,0.292,user587@example.com,555-639-8738,East
ORD-100761,CUST-80,2026-01-17 23:53:29.146027,2026-01-18 01:53:29.146027,Sports,4,463.28,0.241,user432@example.com,555-205-4430,South
ORD-102265,CUST-810,2026-06-15 23:53:29.146027,2026-06-17 17:53:29.146027,Apparel,3,9.07,0.195,user598@example.com,555-637-5457,North
ORD-102193,CUST-364,2026-01-08 23:53:29.146027,2026-01-10 01:53:29.146027,Sports,3,105.8,0.096,user915@example.com,555-916-5847,East
ORD-104233,CUST-386,2026-06-11 23:53:29.146027,2026-06-12 03:53:29.146027,Apparel,8,108.18,0.3,user154@example.com,555-973-9457,West
ORD-102682,CUST-639,2026-06-22 23:53:29.146027,2026-06-23 20:53:29.146027,Toys,9,66.21,0.22,user41@example.com,555-188-8783,North
ORD-100340,CUST-718,2026-07-29 23:53:29.146027,2026-07-31 04:53:29.146027,Apparel,2,75.54,0.245,user254@example.com,555-580-7028,South
ORD-104645,CUST-686,2026-02-21 23:53:29.146027,2026-02-22 19:53:29.146027,Toys,4,150.02,0.253,user1120@example.com,555-779-5494,North
ORD-101196,CUST-628,2026-03-18 23:53:29.146027,2026-03-19 15:53:29.146027,Apparel,N/A,239.98,0.04,user832@example.com,555-659-4594,North
ORD-102543,CUST-824,2026-10-01 23:53:29.146027,2026-10-03 04:53:29.146027,Electronics,1,273.64,0.105,user818@example.com,555-537-2332,East
ORD-100884,CUST-1081,2026-01-10 23:53:29.146027,2026-01-11 09:53:29.146027,Electronics,2,320.95,0.001,user1002@example.com,555-210-2243,North
ORD-104672,CUST-548,2026-05-11 23:53:29.146027,2026-05-13 19:53:29.146027,Toys,6,40.37,0.206,user360@example.com,555-709-8877,North
ORD-103401,CUST-313,2026-03-01 23:53:29.146027,2026-03-03 15:53:29.146027,GROCERIES,3,272.12,0.135,user903@example.com,555-198-7047,West
ORD-102172,CUST-673,2026-03-30 23:53:29.146027,2026-04-01 16:53:29.146027,Sports,4,40.0,0.081,user338@example.com,555-705-9355,South
ORD-100392,CUST-543,2026-01-30 23:53:29.146027,2026-01-31 16:53:29.146027,Home & Garden,3,205.78,0.225,user1178@example.com,555-639-8998,South
ORD-101544,CUST-728,2026-04-22 23:53:29.146027,2026-04-24 00:53:29.146027,Groceries,5,397.92,0.276,user1152@example.com,555-224-3455,East
ORD-100470,CUST-717,2026-04-10 23:53:29.146027,2026-04-12 15:53:29.146027,Electronics,3,335.73,0.124,,555-177-5765,West
ORD-104906,CUST-205,2026-09-20 23:53:29.146027,2026-09-22 12:53:29.146027,Electronics,2,375.69,0.16,user580@example.com,555-869-9352,East
ORD-101634,CUST-109,2026-04-28 23:53:29.146027,2026-04-29 07:53:29.146027,Apparel,4,481.87,0.067,user1063@example.com,555-392-7889,South
ORD-100098,CUST-54,2026-06-21 23:53:29.146027,2026-06-22 13:53:29.146027,Apparel,3,411.73,0.12,user1111@example.com,555-826-6453,North
ORD-100890,CUST-233,2026-07-26 23:53:29.146027,2026-07-28 05:53:29.146027,Electronics,9,425.06,0.28,user21@example.com,555-995-8000,East
ORD-102012,CUST-8,2026-09-21 23:53:29.146027,2026-09-22 02:53:29.146027,Electronics,2,350.12,0.031,user320@example.com,555-251-3179,South
ORD-101039,CUST-117,2026-06-29 23:53:29.146027,2026-07-01 09:53:29.146027,Groceries,4,283.59,0.257,user301@example.com,555-600-3357,West
ORD-100370,CUST-544,2026-03-28 23:53:29.146027,2026-03-30 21:53:29.146027,Toys,7,65.07,0.102,user11@example.com,555-603-7830,North
ORD-104879,CUST-1087,2026-09-04 23:53:29.146027,2026-09-06 12:53:29.146027,Groceries,9,307.5,0.178,,555-755-5304,North
ORD-102530,CUST-105,2026-04-30 23:53:29.146027,2026-05-01 16:53:29.146027,Toys,1,154.5,0.229,user96@example.com,555-801-4865,North
ORD-103288,CUST-652,2026-09-29 23:53:29.146027,2026-09-30 13:53:29.146027,Home & Garden,9,54.39,0.122,user252@example.com,555-537-7445,West
ORD-101062,CUST-329,2026-04-24 23:53:29.146027,2026-04-26 16:53:29.146027,Electronics,2,54.64,0.263,user577@example.com,555-101-1852,North
ORD-101569,CUST-317,2026-07-13 23:53:29.146027,2026-07-14 15:53:29.146027,Toys,9,487.06,0.268,user1037@example.com,555-233-1216,South
ORD-104209,CUST-1134,2026-07-12 23:53:29.146027,2026-07-13 14:53:29.146027,Groceries,2,243.66,0.09,user1166@example.com,555-273-6161,East
ORD-102645,CUST-212,2026-01-30 23:53:29.146027,2026-01-31 19:53:29.146027,Home & Garden,3,265.12,0.299,user1183@example.com,555-376-3960,North
ORD-103930,CUST-529,2026-06-07 23:53:29.146027,2026-06-08 19:53:29.146027,Groceries,1,168.68,0.002,user56@example.com,555-892-7855,East
ORD-100670,CUST-963,2026-07-28 23:53:29.146027,2026-07-29 16:53:29.146027,Sports,7,317.48,0.272,user49@example.com,555-163-9237,
ORD-100713,CUST-1001,2026-08-27 23:53:29.146027,2026-08-28 08:53:29.146027,Home & Garden,3,128.76,0.132,user533@example.com,555-670-9506,East
ORD-104033,CUST-1112,2026-04-20 23:53:29.146027,2026-04-22 01:53:29.146027,Apparel,7,387.77,0.233,user1010@example.com,555-834-1763,East
ORD-102455,CUST-734,2026-03-24 23:53:29.146027,2026-03-26 22:53:29.146027,Apparel,8,351.83,0.128,,555-837-2181,South
ORD-101736,CUST-172,2026-02-16 23:53:29.146027,2026-02-17 09:53:29.146027,Toys,6,484.4,0.265,user136@example.com,555-823-7907,West
ORD-100416,CUST-329,2026-09-07 23:53:29.146027,2026-09-08 10:53:29.146027,Groceries,2,140.59,0.025,user754@example.com,555-990-1733,North
ORD-101493,CUST-641,2026-08-05 23:53:29.146027,2026-08-06 23:53:29.146027,Groceries,3,72.03,0.078,user332@example.com,555-515-2658,West
ORD-104065,CUST-1169,2026-01-10 23:53:29.146027,2026-01-11 18:53:29.146027,Apparel,2,98.96,0.213,user1162@example.com,555-948-4373,South
ORD-104103,CUST-396,2026-07-06 23:53:29.146027,2026-07-08 15:53:29.146027,Home & Garden,1,374.17,0.19,user1115@example.com,555-519-6192,West
ORD-103203,CUST-822,2026-05-25 23:53:29.146027,2026-05-27 06:53:29.146027,toys,8,351.63,0.281,user1176@example.com,555-687-8188,South
ORD-104768,CUST-883,2026-09-25 23:53:29.146027,2026-09-27 15:53:29.146027,Apparel,9,184.62,0.205,user890@example.com,555-760-1365,North
ORD-102877,CUST-162,2026-05-23 23:53:29.146027,2026-05-25 04:53:29.146027,electronics,8,27.18,0.15,user695@example.com,555-768-4223,West
ORD-101216,CUST-670,2026-06-06 23:53:29.146027,2026-06-07 05:53:29.146027,Toys,9,351.26,0.09,user191@example.com,555-194-9005,West
ORD-104564,CUST-867,2026-02-12 23:53:29.146027,2026-02-14 15:53:29.146027,Groceries,9,188.76,0.19,user913@example.com,555-843-2749,South
ORD-104816,CUST-82,2026-05-10 23:53:29.146027,2026-05-12 06:53:29.146027,Apparel,9,350.61,0.158,user138@example.com,555-214-1101,West
ORD-102554,CUST-687,2026-07-30 23:53:29.146027,2026-07-30 23:53:29.146027,Electronics,6,247.55,0.264,user1066@example.com,555-191-3828,North
ORD-103433,CUST-214,2026-05-09 23:53:29.146027,2026-05-10 17:53:29.146027,Electronics,4,115.86,0.185,user504@example.com,555-584-6386,South
ORD-104464,CUST-593,2026-04-27 23:53:29.146027,2026-04-29 03:53:29.146027,Groceries,-9,145.51,0.15,user1172@example.com,555-230-1223,North
ORD-102666,CUST-141,2026-04-19 23:53:29.146027,2026-04-20 11:53:29.146027,Home & Garden,5,107.12,0.291,user541@example.com,555-587-5198,South
ORD-101670,CUST-515,2026-03-16 23:53:29.146027,2026-03-17 13:53:29.146027,Toys,2,410.87,0.274,,555-675-4213,North
ORD-100572,CUST-91,2026-03-23 23:53:29.146027,2026-03-25 07:53:29.146027,Groceries,3,322.33,0.257,user1100@example.com,555-922-5894,South
ORD-102168,CUST-1091,2026-04-29 23:53:29.146027,2026-04-30 02:53:29.146027,Groceries,7,452.99,0.069,user813@example.com,555-184-2978,South
ORD-100734,CUST-1187,2026-09-19 23:53:29.146027,2026-09-20 09:53:29.146027,Apparel,7,349.42,0.031,user615@example.com,555-321-9519,West
ORD-103739,CUST-602,2026-01-20 23:53:29.146027,2026-01-22 14:53:29.146027,Groceries,9,373.78,0.011,user121@example.com,555-961-8907,North
ORD-104377,CUST-1141,2026-07-15 23:53:29.146027,2026-07-17 22:53:29.146027,Apparel,1,266.69,0.14,user1064@example.com,555-574-9557,West
ORD-103070,CUST-673,2026-08-28 23:53:29.146027,2026-08-30 20:53:29.146027,Electronics,5,465.11,0.227,user415@example.com,555-130-3723,East
ORD-102416,CUST-1148,2026-03-19 23:53:29.146027,2026-03-21 05:53:29.146027,Home & Garden,5,282.57,0.222,user396@example.com,555-352-9095,North
ORD-103952,CUST-580,2026-04-30 23:53:29.146027,2026-05-02 06:53:29.146027,Sports,8,190.28,0.016,user87@example.com,555-737-8663,South
ORD-102510,CUST-519,2026-08-02 23:53:29.146027,2026-08-04 20:53:29.146027,Home & Garden,5,383.39,0.143,user163@example.com,555-624-5010,West
ORD-100400,CUST-25,2026-06-29 23:53:29.146027,2026-07-01 08:53:29.146027,Groceries,7,368.24,0.261,user1191@example.com,555-833-3584,North
ORD-103306,CUST-617,2026-02-02 23:53:29.146027,2026-02-03 19:53:29.146027,Electronics,8,432.73,0.117,user680@example.com,555-319-3222,South
ORD-101355,CUST-587,2026-06-16 23:53:29.146027,2026-06-17 10:53:29.146027,Apparel,8,129.81,0.149,user493@example.com,555-170-5565,North
ORD-101114,CUST-840,2026-03-07 23:53:29.146027,2026-03-09 00:53:29.146027,Home & Garden,2,334.96,0.29,user116@example.com,555-665-7791,West
ORD-100398,CUST-673,2026-08-26 23:53:29.146027,2026-08-28 20:53:29.146027,Groceries,2,158.91,0.112,user177@example.com,555-466-8160,East
ORD-104091,CUST-818,2026-03-11 23:53:29.146027,2026-03-13 20:53:29.146027,Home & Garden,9,416.76,0.089,user524@example.com,555-648-9148,
ORD-102270,CUST-716,2026-09-11 23:53:29.146027,2026-09-12 01:53:29.146027,Apparel,5,12.1,0.205,user803@example.com,555-195-5036,South
ORD-101990,CUST-7,2026-02-12 23:53:29.146027,2026-02-14 00:53:29.146027,Toys,9,110.21,0.171,user947@example.com,555-365-3762,North
ORD-101778,CUST-1015,2026-03-03 23:53:29.146027,2026-03-04 20:53:29.146027,Toys,7,427.18,0.125,user341@example.com,555-669-1038,West
ORD-100993,CUST-575,2026-08-28 23:53:29.146027,2026-08-30 00:53:29.146027,Sports,9,357.83,0.006,user56@example.com,555-137-3556,South
ORD-102422,CUST-203,2026-06-03 23:53:29.146027,2026-06-05 01:53:29.146027,Apparel,3,327.64,0.05,user380@example.com,555-509-6773,West
ORD-103899,CUST-520,2026-06-14 23:53:29.146027,2026-06-16 02:53:29.146027,Sports,4,442.44,0.014,user734@example.com,555-220-5787,South
ORD-100814,CUST-505,2026-05-05 23:53:29.146027,2026-05-06 05:53:29.146027,Groceries,7,239.77,0.164,user9@example.com,555-343-1923,South
ORD-100019,CUST-574,2026-05-13 23:53:29.146027,2026-05-15 21:53:29.146027,Sports,8,149.39,0.265,user638@example.com,555-478-7180,North
ORD-103477,CUST-565,2026-01-25 23:53:29.146027,2026-01-27 16:53:29.146027,Apparel,2,86.18,0.197,user94@example.com,555-543-2036,South
ORD-103688,CUST-334,2026-09-26 23:53:29.146027,2026-09-28 01:53:29.146027,Electronics,9,437.19,0.292,user368@example.com,555-584-9350,South
ORD-100891,CUST-838,2026-05-09 23:53:29.146027,2026-05-10 13:53:29.146027,Groceries,8,209.81,0.087,user1069@example.com,555-104-2460,West
ORD-100648,CUST-537,2026-04-18 23:53:29.146027,2026-04-18 23:53:29.146027,Electronics,8,56.68,0.204,user1148@example.com,555-660-3521,South
ORD-104319,CUST-799,2026-06-02 23:53:29.146027,2026-06-03 05:53:29.146027,Toys,5,338.19,0.215,user534@example.com,555-599-7971,East
ORD-102799,CUST-217,2026-01-31 23:53:29.146027,2026-02-01 21:53:29.146027,Apparel,5,87.07,0.287,user450@example.com,555-289-2965,South
ORD-103473,CUST-871,2026-03-12 23:53:29.146027,2026-03-13 22:53:29.146027,Apparel,7,380.09,0.124,user1024@example.com,555-598-6216,West
ORD-101035,CUST-408,2026-07-10 23:53:29.146027,2026-07-12 21:53:29.146027,Apparel,5,266.77,0.16,user657@example.com,555-857-5536,South
ORD-102919,CUST-629,2026-07-20 23:53:29.146027,2026-07-21 12:53:29.146027,toys,7,399.83,0.116,user398@example.com,555-729-5942,East
ORD-100219,CUST-616,2026-05-27 23:53:29.146027,2026-05-28 17:53:29.146027,Apparel,4,279.23,0.013,user451@example.com,555-585-7992,South
ORD-102502,CUST-456,2026-08-18 23:53:29.146027,2026-08-19 18:53:29.146027,Toys,1,171.54,0.043,user373@example.com,555-312-5402,East
ORD-100280,CUST-666,2026-08-02 23:53:29.146027,2026-08-03 13:53:29.146027,Toys,3,336.04,0.091,user618@example.com,555-551-6057,South
ORD-101690,CUST-1041,2026-08-26 23:53:29.146027,2026-08-28 03:53:29.146027,Home & Garden,1,340.51,0.157,user358@example.com,555-731-7843,South
ORD-100133,CUST-737,2026-04-25 23:53:29.146027,2026-04-27 16:53:29.146027,Home & Garden,3,483.0,0.087,user836@example.com,555-253-7221,North
ORD-104207,CUST-696,2026-05-28 23:53:29.146027,2026-05-30 17:53:29.146027,Sports,4,435.54,0.054,user911@example.com,555-793-9491,North
ORD-103865,CUST-583,2026-03-29 23:53:29.146027,2026-03-30 11:53:29.146027,Apparel,4,75.63,0.007,user1079@example.com,555-381-4848,East
ORD-104541,CUST-174,2026-10-01 23:53:29.146027,2026-10-03 16:53:29.146027,Groceries,6,143.55,0.057,user215@example.com,555-795-7040,South
ORD-100738,CUST-451,2026-04-20 23:53:29.146027,2026-04-22 07:53:29.146027,Home & Garden,9,356.55,0.135,user542@example.com,555-856-8025,South
ORD-101382,CUST-502,2026-04-25 23:53:29.146027,2026-04-26 03:53:29.146027,Toys,1,264.15,0.268,user1121@example.com,555-131-8513,North
ORD-101698,CUST-246,2026-02-25 23:53:29.146027,2026-02-27 03:53:29.146027,Apparel,7,151.47,0.089,user1013@example.com,555-653-7545,East
ORD-102276,CUST-359,2026-08-31 23:53:29.146027,2026-09-02 05:53:29.146027,Home & Garden,6,24.54,0.111,,555-191-8010,East
ORD-103702,CUST-1116,2026-03-20 23:53:29.146027,2026-03-22 00:53:29.146027,Sports,6,109.72,0.116,user105@example.com,555-752-3637,East
ORD-102753,CUST-833,2026-06-21 23:53:29.146027,2026-06-22 00:53:29.146027,Electronics,5,70.34,0.052,,555-494-4404,South
ORD-101610,CUST-1104,2026-07-15 23:53:29.146027,2026-07-16 11:53:29.146027,Home & Garden,7,129.9,0.24,user673@example.com,555-988-3138,South
ORD-100000,CUST-637,2026-09-19 23:53:29.146027,2026-09-21 08:53:29.146027,Electronics,8,52.47,0.278,user737@example.com,555-953-9767,East
ORD-104174,CUST-8,2026-04-07 23:53:29.146027,2026-04-09 12:53:29.146027,Home & Garden,6,236.82,0.048,user882@example.com,555-456-4986,South
ORD-104342,CUST-413,2026-06-23 23:53:29.146027,2026-06-24 05:53:29.146027,Apparel,8,194.92,0.001,user749@example.com,555-337-8420,North
ORD-103580,CUST-796,2026-02-26 23:53:29.146027,2026-02-27 17:53:29.146027,Electronics,9,466.57,0.273,user1004@example.com,555-959-6130,West
ORD-100600,CUST-664,2026-04-01 23:53:29.146027,2026-04-02 06:53:29.146027,Groceries,9,448.84,0.126,user535@example.com,555-318-9427,East
ORD-100701,CUST-109,2026-03-09 23:53:29.146027,2026-03-10 04:53:29.146027,Electronics,2,174.69,0.12,user726@example.com,555-127-3246,West
ORD-102118,CUST-760,2026-03-05 23:53:29.146027,2026-03-07 01:53:29.146027,Apparel,7,376.68,0.163,user1165@example.com,555-229-5993,West
ORD-104112,CUST-750,2026-02-18 23:53:29.146027,2026-02-19 04:53:29.146027,Electronics,5,68.75,0.039,user807@example.com,555-406-7792,West
ORD-104939,CUST-675,2026-05-16 23:53:29.146027,2026-05-17 02:53:29.146027,Toys,4,428.4,0.016,user381@example.com,555-870-5474,West
ORD-102525,CUST-859,2026-01-27 23:53:29.146027,2026-01-28 11:53:29.146027,Sports,2,323.63,0.026,user865@example.com,555-677-6620,West
ORD-103544,CUST-917,2026-09-14 23:53:29.146027,2026-09-16 03:53:29.146027,Electronics,8,241.72,0.027,user636@example.com,555-429-5905,South
ORD-101505,CUST-873,2026-05-24 23:53:29.146027,2026-05-26 15:53:29.146027,Electronics,8,314.59,0.235,user793@example.com,555-443-9149,North
ORD-104494,CUST-951,2026-06-27 23:53:29.146027,2026-06-28 22:53:29.146027,Electronics,9,419.74,0.076,user935@example.com,555-653-7487,South
ORD-103208,CUST-1025,2026-07-01 23:53:29.146027,2026-07-03 16:53:29.146027,Toys,3,406.31,0.179,user1023@example.com,555-966-3142,North
ORD-104121,CUST-185,2026-02-07 23:53:29.146027,2026-02-09 19:53:29.146027,Toys,6,281.15,0.215,user898@example.com,555-789-2420,South
ORD-100854,CUST-476,2026-05-15 23:53:29.146027,2026-05-17 10:53:29.146027,Electronics,3,63.8,0.105,user306@example.com,555-828-8911,North
ORD-100487,CUST-954,2026-07-03 23:53:29.146027,2026-07-04 19:53:29.146027,Apparel,8,341.56,0.128,user437@example.com,555-940-7171,West
ORD-101640,CUST-237,2026-07-24 23:53:29.146027,2026-07-26 18:53:29.146027,Groceries,5,308.85,0.243,user186@example.com,555-194-4989,East
ORD-102057,CUST-631,2026-09-05 23:53:29.146027,2026-09-06 06:53:29.146027,Home & Garden,5,395.05,0.028,user1112@example.com,555-625-4288,North
ORD-103484,CUST-48,2026-02-08 23:53:29.146027,2026-02-09 15:53:29.146027,Home & Garden,5,309.06,0.039,user1001@example.com,555-928-2749,South
ORD-102387,CUST-454,2030-01-01 00:00:00,2026-04-26 11:53:29.146027,Groceries,5,136.55,0.002,user970@example.com,555-209-8914,East
ORD-104350,CUST-1169,2026-09-22 23:53:29.146027,2026-09-24 07:53:29.146027,Electronics,8,133.91,0.066,user597@example.com,555-374-1896,East
ORD-103534,CUST-523,2026-02-20 23:53:29.146027,2026-02-22 02:53:29.146027,Apparel,9,98.04,0.201,user959@example.com,555-428-4289,South
ORD-103061,CUST-603,2026-04-25 23:53:29.146027,2026-04-27 17:53:29.146027,Toys,7,306.42,0.178,user379@example.com,555-500-5226,East
ORD-103278,CUST-310,2026-08-08 23:53:29.146027,2026-08-10 19:53:29.146027,Home & Garden,2,455.08,0.179,user1077@example.com,555-273-1221,East
ORD-103962,CUST-827,2026-08-01 23:53:29.146027,2026-08-02 09:53:29.146027,Sports,4,480.69,0.162,user1137@example.com,555-380-1513,East
ORD-102352,CUST-81,2026-02-17 23:53:29.146027,2026-02-18 12:53:29.146027,Apparel,5,157.05,0.179,user843@example.com,555-627-8586,East
ORD-102699,CUST-713,2026-07-03 23:53:29.146027,2026-07-05 21:53:29.146027,Electronics,7,234.41,0.083,user624@example.com,555-218-9173,East
ORD-100413,CUST-1107,2026-08-11 23:53:29.146027,2026-08-12 09:53:29.146027,Sports,1,167.08,0.103,,555-820-3275,West
ORD-103497,CUST-326,2026-02-03 23:53:29.146027,2026-02-05 17:53:29.146027,Toys,9,66.63,0.154,user1147@example.com,555-572-4300,South
ORD-102129,CUST-22,2026-05-01 23:53:29.146027,2026-05-03 12:53:29.146027,Sports,3,77.97,0.233,user729@example.com,555-523-3821,West
ORD-101391,CUST-266,2026-06-09 23:53:29.146027,2026-06-10 18:53:29.146027,Sports,2,220.75,0.131,user451@example.com,555-553-6174,West
ORD-103491,CUST-911,2026-06-16 23:53:29.146027,2026-06-17 18:53:29.146027,Groceries,N/A,55.42,0.195,user309@example.com,555-325-3512,South
ORD-101188,CUST-696,2026-08-02 23:53:29.146027,2026-08-03 12:53:29.146027,Toys,2,63.42,0.284,user1168@example.com,555-605-7120,North
ORD-101082,CUST-571,2026-03-24 23:53:29.146027,2026-03-26 08:53:29.146027,Groceries,1,441.95,0.087,user517@example.com,555-184-9114,South
ORD-104987,CUST-177,2026-05-02 23:53:29.146027,2026-05-04 04:53:29.146027,Sports,3,475.69,0.01,user1190@example.com,555-887-1312,South
ORD-103848,CUST-21,2026-06-13 23:53:29.146027,2026-06-14 20:53:29.146027,Toys,5,72.14,0.18,user724@example.com,555-367-5592,West
ORD-102013,CUST-1138,2026-03-26 23:53:29.146027,2026-03-28 15:53:29.146027,Toys,1,156.93,0.204,user1047@example.com,555-447-8568,North
ORD-100036,CUST-756,2026-07-15 23:53:29.146027,2026-07-17 22:53:29.146027,Apparel,2,274.47,0.118,user536@example.com,555-394-1054,West
ORD-103406,CUST-340,2026-05-16 23:53:29.146027,2026-05-17 07:53:29.146027,Toys,5,484.64,0.279,user1148@example.com,555-819-4192,West
ORD-100589,CUST-972,2026-07-20 23:53:29.146027,2026-07-21 03:53:29.146027,Groceries,7,24.02,0.169,user68@example.com,555-561-4191,South
ORD-103747,CUST-1011,2026-03-20 23:53:29.146027,2026-03-21 18:53:29.146027,Toys,4,224.02,0.202,user448@example.com,555-874-1854,North
ORD-101608,CUST-1032,2026-07-05 23:53:29.146027,2026-07-06 11:53:29.146027,Sports,5,458.53,0.107,user558@example.com,555-408-3014,East
ORD-102413,CUST-676,2026-03-17 23:53:29.146027,2026-03-18 04:53:29.146027,Groceries,6,487.34,0.122,,555-398-1396,East
ORD-100658,CUST-772,2026-02-24 23:53:29.146027,2026-02-25 07:53:29.146027,Sports,2,80.81,0.076,user511@example.com,555-763-6334,South
ORD-104922,CUST-790,2026-09-02 23:53:29.146027,2026-09-04 22:53:29.146027,Toys,1,312.54,0.226,,555-888-1731,East
ORD-100020,CUST-630,2026-08-15 23:53:29.146027,2026-08-16 06:53:29.146027,Groceries,4,136.02,0.024,user803@example.com,555-408-4449,South
ORD-101807,CUST-793,2026-08-15 23:53:29.146027,2026-08-16 12:53:29.146027,Sports,9,256.24,0.01,,555-359-4564,South
ORD-104215,CUST-515,2026-09-27 23:53:29.146027,2026-09-28 16:53:29.146027,Groceries,8,98.59,0.239,user987@example.com,555-407-2252,West
ORD-102333,CUST-782,2026-03-28 23:53:29.146027,2026-03-30 04:53:29.146027,Toys,4,401.98,0.15,user736@example.com,555-508-5821,West
ORD-103881,CUST-1008,2026-04-21 23:53:29.146027,2026-04-22 03:53:29.146027,Sports,-2,47.36,0.133,user1073@example.com,555-820-4482,West
ORD-100540,CUST-343,2026-05-18 23:53:29.146027,2026-05-19 15:53:29.146027,Home & Garden,5,278.01,0.207,user237@example.com,555-206-3609,West
ORD-102679,CUST-474,2026-07-08 23:53:29.146027,2026-07-10 14:53:29.146027,Electronics,1,277.25,0.125,user45@example.com,555-201-3321,South
ORD-102017,CUST-1189,2026-02-10 23:53:29.146027,2026-02-12 21:53:29.146027,Groceries,7,475.11,0.252,user103@example.com,555-426-1715,North
ORD-104792,CUST-953,2026-04-13 23:53:29.146027,2026-04-15 08:53:29.146027,Electronics,4,28.76,0.285,user377@example.com,555-339-3964,East
ORD-104030,CUST-911,2026-05-13 23:53:29.146027,2026-05-14 23:53:29.146027,Toys,2,109.64,0.098,user221@example.com,555-196-6611,West
ORD-101398,CUST-285,2026-08-06 23:53:29.146027,2026-08-08 05:53:29.146027,Apparel,8,320.89,0.238,user471@example.com,555-692-4118,North
ORD-104337,CUST-835,2026-02-16 23:53:29.146027,2026-02-17 13:53:29.146027,Toys,1,149.65,0.096,user950@example.com,555-721-3053,East
ORD-102845,CUST-372,2026-08-24 23:53:29.146027,2026-08-26 16:53:29.146027,Home & Garden,7,410.92,0.043,user813@example.com,555-403-6304,North
ORD-100580,CUST-390,2026-06-06 23:53:29.146027,2026-06-08 09:53:29.146027,Groceries,6,321.36,0.127,user408@example.com,555-785-5002,North
ORD-101706,CUST-962,2026-08-04 23:53:29.146027,2026-08-06 01:53:29.146027,Toys,-6,310.55,0.122,user221@example.com,555-257-2341,North
ORD-104318,CUST-255,2026-07-23 23:53:29.146027,2026-07-24 03:53:29.146027,Home & Garden,6,197.39,0.234,user103@example.com,555-944-2977,North
ORD-104899,CUST-332,2026-08-12 23:53:29.146027,2026-08-13 06:53:29.146027,Toys,5,362.94,0.195,user119@example.com,555-789-2932,West
ORD-100479,CUST-269,2026-09-19 23:53:29.146027,2026-09-20 19:53:29.146027,Home & Garden,1,229.0,0.021,user483@example.com,555-869-8147,North
ORD-102756,CUST-465,2026-07-16 23:53:29.146027,2026-07-18 15:53:29.146027,Sports,7,479.2,0.213,user148@example.com,555-748-9405,North
ORD-103969,CUST-984,2026-08-19 23:53:29.146027,2026-08-20 02:53:29.146027,Groceries,2,387.2,0.066,user748@example.com,555-343-7921,North
ORD-100063,CUST-489,2026-03-14 23:53:29.146027,2026-03-16 05:53:29.146027,Sports,5,339.09,0.29,,555-867-3524,East
ORD-102532,CUST-314,2026-05-06 23:53:29.146027,2026-05-08 10:53:29.146027,Groceries,3,195.39,0.006,user1110@example.com,555-954-3868,South
ORD-103018,CUST-1095,2026-08-29 23:53:29.146027,2026-08-30 01:53:29.146027,Sports,4,360.29,0.108,user154@example.com,555-336-5990,West
ORD-102172,CUST-673,2026-03-30 23:53:29.146027,2026-04-01 16:53:29.146027,Sports,4,40.0,0.081,user338@example.com,555-705-9355,South
ORD-101428,CUST-676,2026-04-02 23:53:29.146027,2026-04-03 06:53:29.146027,Apparel,5,190.68,0.227,user1100@example.com,555-680-1925,North
ORD-101121,CUST-348,2026-05-15 23:53:29.146027,2026-05-16 12:53:29.146027,Apparel,2,147.95,0.152,user304@example.com,555-555-2043,North
ORD-100259,CUST-809,2026-04-10 23:53:29.146027,2026-04-11 06:53:29.146027,Apparel,8,265.5,0.234,user755@example.com,555-826-6355,East
ORD-100705,CUST-441,2026-01-15 23:53:29.146027,2026-01-17 12:53:29.146027,Toys,7,339.22,0.09,user821@example.com,555-352-2778,North
ORD-104222,CUST-547,2026-04-20 23:53:29.146027,2026-04-22 14:53:29.146027,Toys,7,261.06,0.248,user217@example.com,555-701-8828,West
ORD-100439,CUST-158,2026-08-02 23:53:29.146027,2026-08-04 16:53:29.146027,Groceries,4,185.41,0.251,user692@example.com,555-447-7769,North
ORD-102854,CUST-988,2026-02-13 23:53:29.146027,2026-02-15 21:53:29.146027,Groceries,6,246.2,0.165,user1024@example.com,555-458-9301,South
ORD-101874,CUST-1051,2026-07-16 23:53:29.146027,2026-07-17 17:53:29.146027,Electronics,9,188.01,0.238,user1103@example.com,555-905-7026,
ORD-102867,CUST-1141,2026-08-28 23:53:29.146027,2026-08-29 15:53:29.146027,Apparel,3,405.77,0.294,user456@example.com,555-342-7154,
ORD-100924,CUST-822,2026-09-01 23:53:29.146027,2026-09-03 03:53:29.146027,Toys,4,15.61,0.019,user551@example.com,555-389-7484,South
ORD-103295,CUST-252,2026-07-11 23:53:29.146027,2026-07-13 08:53:29.146027,Sports,7,234.2,0.146,user288@example.com,555-114-9229,North
ORD-104836,CUST-1065,2026-05-18 23:53:29.146027,2026-05-20 22:53:29.146027,Toys,4,447.63,0.13,user299@example.com,555-194-8115,North
ORD-102749,CUST-768,2026-08-16 23:53:29.146027,2026-08-18 15:53:29.146027,Home & Garden,6,367.3,0.262,user943@example.com,555-899-6270,West
ORD-104334,CUST-122,2026-01-09 23:53:29.146027,2026-01-09 23:53:29.146027,Toys,2,240.97,0.029,user224@example.com,555-603-1088,North
ORD-101134,CUST-337,2026-05-08 23:53:29.146027,2026-05-10 04:53:29.146027,Home & Garden,6,382.45,0.211,user2@example.com,555-932-6717,West
ORD-101108,CUST-296,2026-04-14 23:53:29.146027,2026-04-15 17:53:29.146027,Sports,6,148.0,0.282,user457@example.com,555-109-5255,East
ORD-102946,CUST-1064,2026-05-07 23:53:29.146027,2026-05-09 14:53:29.146027,Groceries,4,215.72,0.079,user836@example.com,555-806-9624,North
ORD-102889,CUST-545,2026-03-09 23:53:29.146027,2026-03-11 06:53:29.146027,Sports,8,484.79,0.285,user1053@example.com,555-242-8034,North
ORD-102838,CUST-213,2026-04-23 23:53:29.146027,2026-04-25 13:53:29.146027,Sports,1,87.51,0.01,user535@example.com,555-316-4176,East
ORD-101746,CUST-30,2026-03-08 23:53:29.146027,2026-03-10 07:53:29.146027,Toys,3,145.07,0.125,user3@example.com,555-748-9544,South
ORD-100587,CUST-279,2026-06-30 23:53:29.146027,2026-07-02 14:53:29.146027,Home & Garden,7,132.38,0.086,user911@example.com,555-188-6468,East
ORD-100768,CUST-1193,2026-05-25 23:53:29.146027,2026-05-27 04:53:29.146027,Sports,3,261.76,0.033,user228@example.com,555-944-2365,South
ORD-104805,CUST-928,2026-06-16 23:53:29.146027,2026-06-18 06:53:29.146027,Electronics,1,257.05,0.217,user300@example.com,555-418-5862,South
ORD-101085,CUST-345,2026-06-23 23:53:29.146027,2026-06-24 15:53:29.146027,Home & Garden,6,138.09,0.257,user1093@example.com,555-855-4516,East
ORD-102431,CUST-729,2026-07-19 23:53:29.146027,2026-07-20 02:53:29.146027,Home & Garden,4,491.06,0.104,user619@example.com,555-878-5234,North
ORD-103921,CUST-1119,2026-04-16 23:53:29.146027,2026-04-17 12:53:29.146027,Home & Garden,1,136.52,0.227,user1108@example.com,555-962-9903,West
ORD-101447,CUST-1103,2026-02-03 23:53:29.146027,2026-02-04 19:53:29.146027,Toys,1,234.03,0.198,user1077@example.com,555-717-5608,South
ORD-101625,CUST-682,2026-09-17 23:53:29.146027,2026-09-18 17:53:29.146027,Home & Garden,9,147.37,0.054,user636@example.com,555-310-2944,North
ORD-103455,CUST-58,2026-03-12 23:53:29.146027,2026-03-14 19:53:29.146027,Electronics,3,35.67,0.111,user647@example.com,555-942-6001,West
ORD-103398,CUST-325,2026-07-01 23:53:29.146027,2026-07-02 17:53:29.146027,Groceries,2,399.2,0.057,user1158@example.com,555-189-3786,North
ORD-100637,CUST-1142,2026-02-13 23:53:29.146027,2026-02-15 05:53:29.146027,Sports,5,219.98,0.183,user927@example.com,555-611-3156,East
ORD-103157,CUST-344,2026-09-22 23:53:29.146027,2026-09-24 14:53:29.146027,Sports,6,75.23,0.065,user360@example.com,555-515-9692,South
ORD-100332,CUST-168,2026-02-22 23:53:29.146027,2026-02-24 09:53:29.146027,Toys,8,91.1,0.229,user167@example.com,555-235-6260,North
ORD-102750,CUST-631,2026-01-09 23:53:29.146027,2026-01-10 01:53:29.146027,Apparel,8,352.13,0.275,user1180@example.com,555-643-3596,West
ORD-101320,CUST-843,2026-08-20 23:53:29.146027,2026-08-22 16:53:29.146027,Home & Garden,-1,20.05,0.081,user958@example.com,555-278-5806,East
ORD-104324,CUST-1078,2026-01-21 23:53:29.146027,2026-01-23 11:53:29.146027,Toys,7,158.58,0.027,,555-461-4592,
ORD-101727,CUST-927,2026-04-07 23:53:29.146027,2026-04-08 20:53:29.146027,Electronics,4,485.75,0.222,user741@example.com,555-738-2912,South
ORD-103527,CUST-852,2026-05-21 23:53:29.146027,2026-05-22 22:53:29.146027,Apparel,5,172.2,0.264,user545@example.com,555-716-3256,East
ORD-100062,CUST-1092,2026-04-19 23:53:29.146027,2026-04-20 13:53:29.146027,Home & Garden,1,403.41,0.077,user345@example.com,555-567-4289,South
ORD-103721,CUST-299,2026-01-17 23:53:29.146027,2026-01-18 04:53:29.146027,Home & Garden,8,89.54,0.029,user630@example.com,555-486-6672,South
ORD-102733,CUST-344,2026-02-13 23:53:29.146027,2026-02-14 06:53:29.146027,Electronics,6,5.83,0.015,user408@example.com,555-901-3075,North
ORD-100157,CUST-1088,2026-06-09 23:53:29.146027,2026-06-10 12:53:29.146027,Electronics,7,281.06,0.254,,555-207-4381,West
ORD-100438,CUST-468,2026-08-18 23:53:29.146027,2026-08-19 07:53:29.146027,Groceries,1,71.77,0.265,user1017@example.com,555-763-7642,South
ORD-103342,CUST-929,2026-07-06 23:53:29.146027,2026-07-07 23:53:29.146027,Groceries,2,340.21,0.065,user1058@example.com,555-193-1040,South
ORD-101714,CUST-1157,2026-01-19 23:53:29.146027,2026-01-20 10:53:29.146027,Toys,6,269.11,0.12,user21@example.com,555-475-7961,West
ORD-102594,CUST-1015,2026-03-16 23:53:29.146027,2026-03-17 06:53:29.146027,Apparel,2,212.49,0.016,user497@example.com,555-433-1053,East
ORD-103900,CUST-830,2026-05-01 23:53:29.146027,2026-05-02 10:53:29.146027,Groceries,7,498.49,0.165,user1088@example.com,555-773-4823,South
ORD-103812,CUST-125,2026-08-20 23:53:29.146027,2026-08-21 11:53:29.146027,Apparel,5,98.56,0.003,user79@example.com,555-894-4716,East
ORD-104224,CUST-977,2026-05-30 23:53:29.146027,2026-05-31 03:53:29.146027,Groceries,3,469.04,0.233,user4@example.com,555-353-2248,West
ORD-101831,CUST-40,2026-01-16 23:53:29.146027,2026-01-17 04:53:29.146027,Home & Garden,8,344.36,0.124,user71@example.com,555-538-6573,East
ORD-104138,CUST-894,2026-04-11 23:53:29.146027,2026-04-12 10:53:29.146027,Toys,2,65.55,0.246,user505@example.com,555-730-5715,South
ORD-104869,CUST-47,2026-06-29 23:53:29.146027,2026-07-01 02:53:29.146027,Apparel,2,145.97,0.201,user54@example.com,555-259-8756,East
ORD-104159,CUST-394,2026-04-22 23:53:29.146027,2026-04-24 00:53:29.146027,Home & Garden,8,366.71,0.102,user192@example.com,555-206-4536,North
ORD-103771,CUST-55,2026-06-09 23:53:29.146027,2026-06-11 15:53:29.146027,Home & Garden,3,309.0,0.194,user317@example.com,555-363-2907,South
ORD-104535,CUST-95,2026-08-26 23:53:29.146027,2026-08-27 20:53:29.146027,Groceries,7,138.82,0.238,user926@example.com,555-828-1066,North
ORD-103827,CUST-382,2026-06-05 23:53:29.146027,2026-06-06 10:53:29.146027,Apparel,9,414.87,0.277,user869@example.com,555-360-3827,North
ORD-101545,CUST-236,2026-03-31 23:53:29.146027,2026-04-02 14:53:29.146027,Sports,2,64.19,0.106,user445@example.com,555-150-5414,North
ORD-100012,CUST-30,2026-09-10 23:53:29.146027,2026-09-11 10:53:29.146027,ELECTRONICS,2,466.58,0.056,user537@example.com,555-320-2515,East
ORD-104364,CUST-676,2026-08-20 23:53:29.146027,2026-08-21 10:53:29.146027,Groceries,9,415.2,0.191,user1195@example.com,555-331-4482,East
ORD-101729,CUST-465,2026-04-05 23:53:29.146027,2026-04-07 08:53:29.146027,Home & Garden,5,441.81,0.164,user1012@example.com,555-880-1920,West
ORD-100140,CUST-1104,2026-01-09 23:53:29.146027,2026-01-10 23:53:29.146027,Sports,9,125.12,0.213,user116@example.com,555-217-1098,North
ORD-103036,CUST-688,2026-03-22 23:53:29.146027,2026-03-24 21:53:29.146027,Home & Garden,7,106.17,0.077,user267@example.com,555-860-8897,East
ORD-103803,CUST-1068,2026-07-31 23:53:29.146027,2026-08-02 12:53:29.146027,Apparel,3,233.67,0.028,user693@example.com,555-685-5702,West
ORD-103261,CUST-648,2026-04-24 23:53:29.146027,2026-04-25 01:53:29.146027,Home & Garden,6,107.72,0.185,user1097@example.com,555-733-1594,East
ORD-101925,CUST-1177,2026-01-22 23:53:29.146027,2026-01-23 22:53:29.146027,Electronics,4,416.52,0.188,user506@example.com,555-222-9167,South
ORD-103605,CUST-1105,2026-07-13 23:53:29.146027,2026-07-14 05:53:29.146027,Apparel,1,266.26,0.033,user607@example.com,555-626-6606,East
ORD-102000,CUST-886,2026-06-26 23:53:29.146027,2026-06-27 04:53:29.146027,Sports,3,295.61,0.118,user595@example.com,555-920-8478,South
ORD-101054,CUST-1092,2026-01-27 23:53:29.146027,2026-01-28 15:53:29.146027,Toys,5,370.39,0.054,,555-146-9868,West
ORD-101335,CUST-607,2026-09-13 23:53:29.146027,2026-09-14 14:53:29.146027,Home & Garden,2,295.46,0.024,user383@example.com,555-533-9495,East
ORD-101459,CUST-792,2026-04-06 23:53:29.146027,2026-04-08 01:53:29.146027,Home & Garden,1,256.91,0.249,user1129@example.com,555-300-6981,North
ORD-104761,CUST-322,2026-07-10 23:53:29.146027,2026-07-11 09:53:29.146027,Home & Garden,2,287.63,0.16,user159@example.com,555-990-5297,East
ORD-104129,CUST-897,2026-08-01 23:53:29.146027,2026-08-02 20:53:29.146027,Apparel,8,209.27,0.15,user85@example.com,555-392-8396,West
ORD-102896,CUST-1124,2026-08-19 23:53:29.146027,2026-08-21 10:53:29.146027,Sports,9,190.94,0.143,user807@example.com,555-788-1239,East
ORD-101180,CUST-427,2026-08-08 23:53:29.146027,2026-08-10 02:53:29.146027,Electronics,6,283.59,0.116,user782@example.com,555-861-3478,South
ORD-102523,CUST-157,2026-04-10 23:53:29.146027,2026-04-12 04:53:29.146027,Home & Garden,5,329.46,0.177,user633@example.com,555-700-7602,North
ORD-102304,CUST-1033,2026-04-22 23:53:29.146027,2026-04-24 10:53:29.146027,Electronics,-8,185.2,0.036,user408@example.com,555-822-6029,East
ORD-103492,CUST-108,2026-04-01 23:53:29.146027,2026-04-02 16:53:29.146027,Apparel,8,498.05,0.021,user232@example.com,555-571-6891,North
ORD-100109,CUST-335,2026-04-04 23:53:29.146027,2026-04-06 21:53:29.146027,Home & Garden,9,232.67,0.167,,555-665-8069,East
ORD-104346,CUST-184,2026-03-24 23:53:29.146027,2026-03-25 05:53:29.146027,Sports,7,332.74,0.137,,555-156-2670,East
ORD-104524,CUST-835,2026-07-06 23:53:29.146027,2026-07-08 10:53:29.146027,Toys,-6,89.18,0.25,user704@example.com,555-486-4235,West
ORD-103084,CUST-127,2026-07-10 23:53:29.146027,2026-07-12 00:53:29.146027,Home & Garden,4,378.83,0.073,user1130@example.com,555-185-7510,South
ORD-102358,CUST-608,2026-05-14 23:53:29.146027,2026-05-15 02:53:29.146027,Groceries,7,108.64,0.267,,555-427-9438,West
ORD-100689,CUST-608,2026-01-22 23:53:29.146027,2026-01-24 02:53:29.146027,Home & Garden,1,359.78,0.267,,555-615-3663,West
ORD-102441,CUST-778,2026-07-22 23:53:29.146027,2026-07-23 14:53:29.146027,Apparel,6,324.93,0.208,user207@example.com,555-982-3724,West
ORD-101932,CUST-910,2026-07-23 23:53:29.146027,2026-07-25 17:53:29.146027,Apparel,1,375.91,0.078,user659@example.com,555-843-3462,South
ORD-103083,CUST-651,2026-01-24 23:53:29.146027,2026-01-25 20:53:29.146027,Sports,6,392.05,0.201,user342@example.com,555-128-8828,West
ORD-104183,CUST-737,2026-03-26 23:53:29.146027,2026-03-27 17:53:29.146027,Electronics,8,484.63,0.038,user231@example.com,555-678-3950,East
ORD-100652,CUST-519,2026-05-04 23:53:29.146027,2026-05-04 23:53:29.146027,Electronics,8,371.63,0.184,user643@example.com,555-543-9084,East
ORD-103663,CUST-895,2026-01-29 23:53:29.146027,2026-01-30 04:53:29.146027,Home & Garden,5,34.78,0.095,user21@example.com,555-776-2228,South
ORD-102856,CUST-671,2026-05-22 23:53:29.146027,2026-05-24 02:53:29.146027,Apparel,9,350.36,0.129,user327@example.com,555-598-3744,South
ORD-104412,CUST-1139,2026-04-11 23:53:29.146027,2026-04-12 20:53:29.146027,Home & Garden,6,277.47,0.217,user904@example.com,555-851-9152,South
ORD-100590,CUST-40,2026-04-26 23:53:29.146027,2026-04-27 10:53:29.146027,Toys,8,31.28,0.089,user915@example.com,555-615-1295,
ORD-104696,CUST-704,2026-01-12 23:53:29.146027,2026-01-13 15:53:29.146027,Groceries,4,302.12,0.149,user179@example.com,555-577-5013,East
ORD-101536,CUST-539,2026-05-02 23:53:29.146027,2026-05-03 12:53:29.146027,Home & Garden,1,267.28,0.247,user422@example.com,555-296-5622,East
ORD-100895,CUST-628,2026-07-16 23:53:29.146027,2026-07-18 00:53:29.146027,Apparel,2,285.75,0.079,user840@example.com,555-902-3495,East
ORD-103556,CUST-382,2026-08-28 23:53:29.146027,2026-08-29 04:53:29.146027,Home & Garden,9,413.78,0.02,user7@example.com,555-534-5738,North
ORD-103806,CUST-224,2026-01-23 23:53:29.146027,2026-01-24 19:53:29.146027,Home & Garden,7,145.33,0.266,user432@example.com,555-350-6063,North
ORD-102843,CUST-262,2026-04-30 23:53:29.146027,2026-04-30 23:53:29.146027,Sports,1,259.42,0.013,user776@example.com,555-132-8674,North
ORD-100127,CUST-583,2026-02-16 23:53:29.146027,2026-02-17 08:53:29.146027,Apparel,1,383.81,0.263,user20@example.com,555-311-7280,North
ORD-100117,CUST-399,2026-09-28 23:53:29.146027,2026-09-30 20:53:29.146027,Toys,2,478.96,0.125,user946@example.com,555-177-7301,North
ORD-104814,CUST-142,2026-06-21 23:53:29.146027,2026-06-22 05:53:29.146027,Toys,9,325.46,0.226,user167@example.com,555-333-2060,West
ORD-103890,CUST-180,2026-02-23 23:53:29.146027,2026-02-24 07:53:29.146027,Apparel,9,449.97,0.273,user958@example.com,555-129-2212,East
ORD-104702,CUST-821,31/02/2025,2026-05-07 23:53:29.146027,Electronics,4,78.57,0.165,user192@example.com,555-338-1568,North
ORD-100514,CUST-58,2026-04-10 23:53:29.146027,2026-04-11 06:53:29.146027,Home & Garden,2,181.72,0.219,user825@example.com,555-813-8297,East
ORD-101498,CUST-947,2026-06-03 23:53:29.146027,2026-06-05 12:53:29.146027,Sports,1,284.81,0.183,user712@example.com,555-616-2413,East
ORD-101686,CUST-823,2026-09-16 23:53:29.146027,2026-09-17 03:53:29.146027,Toys,9,417.95,0.269,user304@example.com,555-563-2408,East
ORD-104934,CUST-1198,2026-07-31 23:53:29.146027,2026-08-01 16:53:29.146027,Apparel,9,84.51,0.018,user1159@example.com,555-263-5050,East
ORD-102271,CUST-1101,2026-01-10 23:53:29.146027,2026-01-11 07:53:29.146027,Apparel,N/A,137.02,0.249,user319@example.com,555-349-1695,South
ORD-104609,CUST-839,2026-05-01 23:53:29.146027,2026-05-02 14:53:29.146027,Home & Garden,7,31.55,0.098,user536@example.com,555-573-7425,South
ORD-102652,CUST-983,2026-07-01 23:53:29.146027,2026-07-02 01:53:29.146027,Sports,8,325.46,0.097,user670@example.com,555-464-2940,North
ORD-102996,CUST-1053,2026-04-11 23:53:29.146027,2026-04-13 17:53:29.146027,Home & Garden,2,435.31,0.168,user209@example.com,555-544-2711,North
ORD-100030,CUST-579,2026-06-13 23:53:29.146027,2026-06-14 15:53:29.146027,Home & Garden,4,451.36,0.048,user382@example.com,555-349-4376,North
ORD-102087,CUST-1000,2026-05-14 23:53:29.146027,2026-05-15 10:53:29.146027,Sports,8,232.49,0.269,user103@example.com,555-242-4304,North
ORD-101352,CUST-800,2026-04-11 23:53:29.146027,2026-04-12 18:53:29.146027,Apparel,2,441.54,0.24,user861@example.com,555-219-3294,North
ORD-104845,CUST-171,31/02/2025,2026-04-20 18:53:29.146027,Home & Garden,5,61.66,0.2,user555@example.com,555-614-1310,East
ORD-101902,CUST-1186,2026-02-07 23:53:29.146027,2026-02-09 05:53:29.146027,Groceries,3,88.62,0.146,user516@example.com,555-696-3689,North
ORD-104392,CUST-1004,2026-07-08 23:53:29.146027,2026-07-10 00:53:29.146027,Home & Garden,5,422.12,0.123,user334@example.com,555-478-4460,West
ORD-101464,CUST-141,2026-05-21 23:53:29.146027,2026-05-23 14:53:29.146027,Electronics,6,438.46,0.207,,555-842-5591,East
ORD-104642,CUST-184,2026-08-14 23:53:29.146027,2026-08-16 13:53:29.146027,Groceries,5,250.88,0.24,user402@example.com,555-373-9876,West
ORD-102326,CUST-1140,2026-05-29 23:53:29.146027,2026-05-31 07:53:29.146027,Groceries,1,162.8,0.123,user592@example.com,555-482-8210,East
ORD-104700,CUST-775,2026-09-07 23:53:29.146027,2026-09-08 00:53:29.146027,Electronics,4,150.12,0.264,user610@example.com,555-350-6156,North
ORD-102984,CUST-37,2026-05-26 23:53:29.146027,2026-05-27 01:53:29.146027,Electronics,6,80.56,0.254,user448@example.com,555-909-3433,North
ORD-101526,CUST-969,2026-04-20 23:53:29.146027,2026-04-22 15:53:29.146027,Groceries,5,452.73,0.086,user1040@example.com,555-470-2529,North
ORD-101495,CUST-226,2026-01-10 23:53:29.146027,2026-01-12 03:53:29.146027,Electronics,1,288.8,0.223,user853@example.com,555-503-6089,South
ORD-100450,CUST-696,2026-08-09 23:53:29.146027,2026-08-10 14:53:29.146027,Toys,5,328.54,0.262,user993@example.com,555-718-6492,North
ORD-102161,CUST-135,2026-09-19 23:53:29.146027,2026-09-20 11:53:29.146027,Electronics,8,187.69,0.033,user863@example.com,555-525-5941,South
ORD-101423,CUST-218,2026-02-12 23:53:29.146027,2026-02-13 19:53:29.146027,Groceries,2,345.15,0.186,user383@example.com,555-143-7708,North
ORD-104975,CUST-1126,2026-07-16 23:53:29.146027,2026-07-18 04:53:29.146027,Apparel,8,56.22,0.065,user703@example.com,555-798-4246,North
ORD-101876,CUST-895,2026-07-22 23:53:29.146027,2026-07-24 04:53:29.146027,Apparel,8,185.78,0.043,user557@example.com,555-756-9582,West
ORD-101119,CUST-933,2026-02-20 23:53:29.146027,2026-02-22 04:53:29.146027,Electronics,2,83.27,0.073,user657@example.com,555-806-1287,West
ORD-100324,CUST-260,2026-08-14 23:53:29.146027,2026-08-16 13:53:29.146027,Apparel,7,443.31,0.12,user931@example.com,555-870-7638,North
ORD-102983,CUST-127,2026-04-22 23:53:29.146027,2026-04-24 20:53:29.146027,Sports,2,362.89,0.141,user793@example.com,555-229-9554,South
ORD-100823,CUST-1056,2026-06-29 23:53:29.146027,2026-06-30 18:53:29.146027,Groceries,2,10.08,0.086,,555-142-7198,South
ORD-102297,CUST-503,2026-01-21 23:53:29.146027,2026-01-22 02:53:29.146027,Groceries,2,410.0,0.175,user213@example.com,555-263-5169,South
ORD-100456,CUST-1101,2026-09-10 23:53:29.146027,2026-09-12 11:53:29.146027,Home & Garden,8,219.68,0.004,user330@example.com,555-870-8885,West
ORD-100904,CUST-830,2026-01-17 23:53:29.146027,2026-01-18 16:53:29.146027,Toys,9,297.14,0.033,user970@example.com,555-452-7876,South
ORD-102453,CUST-414,2026-09-19 23:53:29.146027,2026-09-20 01:53:29.146027,Apparel,9,404.83,0.068,user142@example.com,555-168-6814,West
ORD-104647,CUST-167,2026-01-12 23:53:29.146027,2026-01-14 14:53:29.146027,Sports,4,164.27,0.101,user438@example.com,555-206-3109,East
ORD-100289,CUST-897,2026-04-28 23:53:29.146027,2026-04-29 14:53:29.146027,Electronics,1,247.18,0.154,user653@example.com,555-488-6393,West
ORD-103705,CUST-905,2026-06-28 23:53:29.146027,2026-06-29 02:53:29.146027,Sports,6,450.63,0.289,user284@example.com,555-500-9387,North
ORD-103004,CUST-343,2026-08-25 23:53:29.146027,2026-08-27 07:53:29.146027,Groceries,1,483.65,0.084,user819@example.com,555-100-8514,East
ORD-101106,CUST-608,2026-08-16 23:53:29.146027,2026-08-18 22:53:29.146027,Electronics,4,107.18,0.262,user219@example.com,555-704-2373,East
ORD-101052,CUST-1083,2026-02-20 23:53:29.146027,2026-02-21 06:53:29.146027,Toys,8,280.13,0.096,user89@example.com,555-799-6705,West
ORD-102718,CUST-152,2026-02-04 23:53:29.146027,2026-02-05 22:53:29.146027,Home & Garden,3,175.66,0.281,user984@example.com,555-540-1639,North
ORD-103692,CUST-96,2026-03-04 23:53:29.146027,2026-03-05 04:53:29.146027,Toys,8,299.62,0.015,user1125@example.com,555-132-9431,South
ORD-104027,CUST-772,2026-08-10 23:53:29.146027,2026-08-11 11:53:29.146027,Groceries,6,179.14,0.054,user109@example.com,555-257-9811,West
ORD-101982,CUST-666,2026-01-25 23:53:29.146027,2026-01-26 20:53:29.146027,Apparel,7,159.92,0.13,user227@example.com,555-995-1939,North
ORD-104123,CUST-36,2026-06-30 23:53:29.146027,2026-07-01 15:53:29.146027,Home & Garden,2,425.85,0.297,user514@example.com,555-925-3392,East
ORD-102273,CUST-612,2026-02-28 23:53:29.146027,2026-03-02 08:53:29.146027,Electronics,6,372.47,0.277,,555-637-9520,East
ORD-104678,CUST-243,2026-05-25 23:53:29.146027,2026-05-26 06:53:29.146027,Sports,6,371.88,0.071,user1160@example.com,555-503-2204,North
ORD-102633,CUST-146,2026-05-07 23:53:29.146027,2026-05-08 11:53:29.146027,Sports,7,72.22,0.075,user803@example.com,555-849-9400,South
ORD-100136,CUST-1064,2026-04-26 23:53:29.146027,2026-04-26 23:53:29.146027,Electronics,-8,431.73,0.079,user32@example.com,555-464-2122,South
ORD-102784,CUST-459,2026-03-18 23:53:29.146027,2026-03-20 15:53:29.146027,Sports,8,457.96,0.048,user256@example.com,555-515-9343,North
ORD-104349,CUST-1161,2026-04-14 23:53:29.146027,2026-04-15 21:53:29.146027,Apparel,8,16.56,0.177,user925@example.com,555-739-8491,East
ORD-104089,CUST-243,2026-04-14 23:53:29.146027,2026-04-15 18:53:29.146027,Electronics,2,44.24,0.134,user792@example.com,555-132-2079,East
ORD-103050,CUST-171,2026-09-20 23:53:29.146027,2026-09-21 02:53:29.146027,Electronics,4,337.01,0.091,user754@example.com,555-892-6969,North
ORD-100801,CUST-632,2026-04-05 23:53:29.146027,2026-04-06 17:53:29.146027,Apparel,6,429.14,0.164,user1038@example.com,555-985-8893,South
ORD-103363,CUST-1106,2026-07-31 23:53:29.146027,2026-08-01 11:53:29.146027,Toys,8,182.28,0.063,user925@example.com,555-151-8372,South
ORD-104789,CUST-1030,2026-05-11 23:53:29.146027,2026-05-13 08:53:29.146027,Sports,-7,379.22,0.006,user1149@example.com,555-370-7746,West
ORD-100852,CUST-1053,2026-08-01 23:53:29.146027,2026-08-02 09:53:29.146027,Groceries,1,23.51,0.16,user683@example.com,555-872-8573,West
ORD-100532,CUST-221,2026-07-25 23:53:29.146027,2026-07-26 14:53:29.146027,Electronics,1,368.81,0.286,user386@example.com,555-452-4460,North
ORD-102804,CUST-648,2026-02-22 23:53:29.146027,2026-02-24 06:53:29.146027,Groceries,3,270.7,0.295,user498@example.com,555-633-2653,South
ORD-104585,CUST-365,2026-03-11 23:53:29.146027,2026-03-13 08:53:29.146027,Apparel,4,379.72,0.109,user231@example.com,555-683-6726,North
ORD-100191,CUST-672,2026-07-28 23:53:29.146027,2026-07-29 19:53:29.146027,Groceries,8,423.1,0.184,user334@example.com,555-882-8517,West
ORD-104246,CUST-279,2026-05-28 23:53:29.146027,2026-05-30 13:53:29.146027,Electronics,4,234.67,0.259,user1070@example.com,555-690-8785,East
ORD-100991,CUST-697,2026-01-26 23:53:29.146027,2026-01-26 23:53:29.146027,Electronics,4,348.28,0.22,user1061@example.com,555-864-1422,South
ORD-104540,CUST-805,2026-09-16 23:53:29.146027,2026-09-17 20:53:29.146027, Home & Garden ,5,194.99,0.132,user48@example.com,555-857-6182,West
ORD-103744,CUST-116,2026-05-18 23:53:29.146027,2026-05-19 21:53:29.146027,Toys,9,453.74,0.229,user563@example.com,555-710-9941,East
ORD-100603,CUST-501,2026-02-25 23:53:29.146027,2026-02-27 21:53:29.146027,Toys,8,11.81,0.037,user195@example.com,555-614-4108,West
ORD-100539,CUST-718,2026-08-19 23:53:29.146027,2026-08-21 15:53:29.146027,Apparel,4,137.39,0.258,user939@example.com,555-826-8433,South
ORD-102077,CUST-316,2026-09-22 23:53:29.146027,2026-09-23 00:53:29.146027,Sports,8,297.42,0.059,user185@example.com,555-887-6526,West
ORD-103362,CUST-375,2026-04-27 23:53:29.146027,2026-04-28 03:53:29.146027,Electronics,9,68.46,0.184,user807@example.com,555-922-3363,West
ORD-103667,CUST-247,2026-07-20 23:53:29.146027,2026-07-21 21:53:29.146027,Apparel,2,112.65,0.278,user1045@example.com,555-948-6499,South
ORD-101947,CUST-719,2026-05-20 23:53:29.146027,2026-05-22 03:53:29.146027,Sports,9,184.36,0.229,user364@example.com,555-390-4422,East
ORD-102706,CUST-595,2026-04-01 23:53:29.146027,2026-04-03 15:53:29.146027,Home & Garden,8,116.29,0.01,user214@example.com,555-741-5568,South
ORD-101543,CUST-326,2026-09-11 23:53:29.146027,2026-09-13 13:53:29.146027,Toys,1,250.46,0.144,,555-306-2231,South
ORD-100034,CUST-275,2026-08-13 23:53:29.146027,2026-08-15 04:53:29.146027,Electronics,7,386.35,0.276,,555-735-6103,West
ORD-104420,CUST-555,2026-04-13 23:53:29.146027,2026-04-14 09:53:29.146027,Home & Garden,7,218.61,0.092,user613@example.com,555-911-3343,North
ORD-104095,CUST-111,2026-04-04 23:53:29.146027,2026-04-04 23:53:29.146027,Toys,9,330.65,0.012,user269@example.com,555-783-3808,North
ORD-103399,CUST-1165,2026-08-21 23:53:29.146027,2026-08-22 18:53:29.146027,Sports,9,244.57,0.07,user490@example.com,555-827-1700,East
ORD-100743,CUST-1153,2026-02-06 23:53:29.146027,2026-02-08 04:53:29.146027,Sports,-1,46.75,0.265,user1165@example.com,555-245-3126,East
ORD-102886,CUST-933,2026-04-21 23:53:29.146027,2026-04-23 22:53:29.146027,Toys,-6,18.17,0.273,user680@example.com,555-284-6329,North
ORD-102717,CUST-1194,2026-05-20 23:53:29.146027,2026-05-21 04:53:29.146027,Groceries,3,468.43,0.264,user414@example.com,555-294-3365,South
ORD-103182,CUST-252,2026-06-15 23:53:29.146027,2026-06-16 15:53:29.146027,Sports,7,83.76,0.296,user198@example.com,555-467-1201,West
ORD-100903,CUST-943,2026-06-23 23:53:29.146027,2026-06-24 03:53:29.146027,Electronics,9,229.84,0.143,user900@example.com,555-482-7183,North
ORD-100262,CUST-721,2026-08-28 23:53:29.146027,2026-08-30 05:53:29.146027,Home & Garden,5,88.49,0.099,user939@example.com,555-106-7197,North
ORD-103612,CUST-411,2026-09-28 23:53:29.146027,2026-09-29 16:53:29.146027,Home & Garden,9,375.02,0.288,user80@example.com,555-870-3512,North
ORD-101499,CUST-644,2026-02-19 23:53:29.146027,2026-02-20 13:53:29.146027,Groceries,4,28.88,0.053,user705@example.com,555-502-3388,West
ORD-101076,CUST-692,2026-08-09 23:53:29.146027,2026-08-10 05:53:29.146027,Toys,3,27.32,0.16,user935@example.com,555-382-4590,North
ORD-104068,CUST-977,2026-04-25 23:53:29.146027,2026-04-27 10:53:29.146027,Toys,5,274.46,0.012,user68@example.com,555-436-8787,West
ORD-103178,CUST-1183,2026-04-23 23:53:29.146027,2026-04-25 05:53:29.146027,Sports,1,85.44,0.137,user375@example.com,555-380-3272,West
ORD-101373,CUST-918,2030-01-01 00:00:00,2026-08-15 07:53:29.146027,Apparel,6,97.02,0.193,user772@example.com,555-419-5568,West
ORD-104633,CUST-331,2026-07-01 23:53:29.146027,2026-07-03 18:53:29.146027,Apparel,8,210.86,0.263,user1127@example.com,555-167-7397,West
ORD-102405,CUST-895,2026-03-27 23:53:29.146027,2026-03-28 19:53:29.146027,Electronics,9,392.9,0.288,user347@example.com,555-174-2437,West
ORD-104072,CUST-1005,2026-07-30 23:53:29.146027,2026-08-01 04:53:29.146027,Apparel,6,216.47,0.121,user21@example.com,555-942-7751,North
ORD-102746,CUST-917,2026-09-13 23:53:29.146027,2026-09-14 23:53:29.146027,Apparel,9,324.74,0.031,,555-448-3890,North
ORD-103145,CUST-678,2026-08-02 23:53:29.146027,2026-08-04 02:53:29.146027,Sports,2,422.66,0.002,user650@example.com,555-983-7853,North
ORD-102578,CUST-1026,2026-08-31 23:53:29.146027,2026-09-01 06:53:29.146027,Groceries,9,29.88,0.059,user910@example.com,555-662-3227,North
ORD-103489,CUST-1058,2026-04-27 23:53:29.146027,2026-04-28 16:53:29.146027,Toys,7,291.89,0.015,user839@example.com,555-549-6351,East
ORD-104217,CUST-899,2026-06-27 23:53:29.146027,2026-06-29 15:53:29.146027,Sports,5,426.95,0.028,user535@example.com,555-594-8104,East
ORD-100121,CUST-1154,2026-06-19 23:53:29.146027,2026-06-21 04:53:29.146027,Toys,9,79.1,0.171,user674@example.com,555-900-3279,West
ORD-100789,CUST-987,2026-03-29 23:53:29.146027,2026-03-30 23:53:29.146027,Home & Garden,1,93.7,0.033,user748@example.com,555-599-1043,North
ORD-100181,CUST-141,2026-01-17 23:53:29.146027,2026-01-18 22:53:29.146027,Home & Garden,2,334.58,0.204,user521@example.com,555-647-4761,West
ORD-103217,CUST-744,2026-05-08 23:53:29.146027,2026-05-10 18:53:29.146027,Toys,4,181.55,0.29,user909@example.com,555-695-4925,West
ORD-103817,CUST-1165,2026-09-11 23:53:29.146027,2026-09-13 03:53:29.146027,Groceries,2,14.6,0.224,user182@example.com,555-799-5618,North
ORD-103487,CUST-1052,2026-09-16 23:53:29.146027,2026-09-17 02:53:29.146027,Apparel,4,139.95,0.056,user842@example.com,555-307-6755,East
ORD-103457,CUST-1132,2026-04-17 23:53:29.146027,2026-04-18 17:53:29.146027,Home & Garden,4,460.72,0.139,user360@example.com,555-110-4196,East
ORD-102466,CUST-802,2026-01-23 23:53:29.146027,2026-01-24 07:53:29.146027,Home & Garden,4,80.83,0.153,user640@example.com,555-455-7425,North
ORD-101031,CUST-37,2026-05-07 23:53:29.146027,2026-05-08 17:53:29.146027,Toys,4,239.82,0.255,user504@example.com,555-490-7780,North
ORD-100111,CUST-846,2026-02-16 23:53:29.146027,2026-02-18 17:53:29.146027,Toys,4,265.34,0.189,user474@example.com,555-135-5247,East
ORD-100997,CUST-686,2026-05-20 23:53:29.146027,2026-05-21 20:53:29.146027,Groceries,4,116.6,0.181,user119@example.com,555-961-7778,West
ORD-101538,CUST-706,2026-08-28 23:53:29.146027,2026-08-30 02:53:29.146027,Electronics,9,429.06,0.112,user527@example.com,555-474-5985,East
ORD-103369,CUST-1004,2026-03-09 23:53:29.146027,2026-03-10 08:53:29.146027,Electronics,8,31.84,0.194,user858@example.com,555-983-2476,South
ORD-103444,CUST-626,2026-01-22 23:53:29.146027,2026-01-23 09:53:29.146027,Electronics,2,289.54,0.141,user555@example.com,555-114-3165,South
ORD-100729,CUST-303,2026-06-25 23:53:29.146027,2026-06-27 13:53:29.146027,Groceries,8,96.77,0.058,user546@example.com,555-604-5647,North
ORD-102034,CUST-1034,2026-03-15 23:53:29.146027,2026-03-17 21:53:29.146027,Sports,8,378.04,0.013,user466@example.com,555-809-4696,East
ORD-103986,CUST-982,2026-08-31 23:53:29.146027,2026-09-01 11:53:29.146027,Groceries,2,499.08,0.172,user619@example.com,555-983-4744,South
ORD-103687,CUST-1156,2026-05-11 23:53:29.146027,2026-05-12 09:53:29.146027,Home & Garden,7,245.54,0.3,user302@example.com,555-874-7854,North
ORD-101985,CUST-730,2026-07-06 23:53:29.146027,2026-07-08 22:53:29.146027,Electronics,7,369.22,0.039,user1088@example.com,555-324-2947,West
ORD-102267,CUST-879,2026-06-25 23:53:29.146027,2026-06-27 11:53:29.146027,Sports,2,69.13,0.041,user56@example.com,555-456-9690,East
ORD-103963,CUST-1056,2026-05-23 23:53:29.146027,2026-05-25 00:53:29.146027,Apparel,3,72.0,0.193,user998@example.com,555-799-2588,East
ORD-100198,CUST-893,2026-09-08 23:53:29.146027,2026-09-10 07:53:29.146027,Groceries,5,201.72,0.063,user922@example.com,555-788-6673,South
ORD-103820,CUST-326,2026-03-07 23:53:29.146027,2026-03-09 06:53:29.146027,Electronics,1,265.04,0.242,user175@example.com,555-381-7227,East
ORD-103205,CUST-1103,2026-02-19 23:53:29.146027,2026-02-21 10:53:29.146027,Groceries,8,224.05,0.264,user512@example.com,555-704-8748,South
ORD-100547,CUST-739,2026-09-02 23:53:29.146027,2026-09-04 07:53:29.146027,Groceries,9,190.81,0.065,user125@example.com,555-600-4375,East
ORD-100101,CUST-1031,2026-04-14 23:53:29.146027,2026-04-15 23:53:29.146027,Toys,4,327.25,0.118,user204@example.com,555-193-9715,East
ORD-101450,CUST-395,2026-07-20 23:53:29.146027,2026-07-22 06:53:29.146027,Sports,4,198.94,0.276,user335@example.com,555-524-6371,East
ORD-103219,CUST-1033,2026-03-25 23:53:29.146027,2026-03-26 00:53:29.146027,Electronics,3,143.02,0.215,user317@example.com,555-448-3896,East
ORD-103802,CUST-39,2026-04-08 23:53:29.146027,2026-04-10 06:53:29.146027,Toys,4,371.5,0.073,user652@example.com,555-459-8966,East
ORD-100564,CUST-836,2026-07-21 23:53:29.146027,2026-07-22 04:53:29.146027,Electronics,4,447.83,0.012,user1066@example.com,555-448-9960,North
ORD-101429,CUST-906,2026-04-25 23:53:29.146027,2026-04-27 06:53:29.146027,Groceries,5,442.43,0.21,user519@example.com,555-599-6586,East
ORD-104285,CUST-377,2026-07-13 23:53:29.146027,2026-07-15 10:53:29.146027,Electronics,8,328.08,0.267,user714@example.com,555-502-8200,East
ORD-100694,CUST-486,2026-03-16 23:53:29.146027,2026-03-17 03:53:29.146027,Toys,2,24.29,0.01,user743@example.com,555-550-3256,East
ORD-104411,CUST-295,2026-08-04 23:53:29.146027,2026-08-06 00:53:29.146027,Electronics,2,410.66,0.066,user462@example.com,555-587-5740,South
ORD-102219,CUST-46,31/02/2025,2026-05-10 04:53:29.146027,Sports,7,192.42,0.227,user403@example.com,555-304-1408,West
ORD-103511,CUST-806,2026-01-15 23:53:29.146027,2026-01-16 19:53:29.146027,Electronics,2,399.93,0.234,user1057@example.com,555-981-7637,East
ORD-104313,CUST-1148,2026-09-05 23:53:29.146027,2026-09-07 15:53:29.146027,Apparel,7,123.23,0.174,user1060@example.com,555-176-1333,West
ORD-101113,CUST-1181,2026-09-23 23:53:29.146027,2026-09-24 12:53:29.146027,Toys,3,412.98,0.214,user760@example.com,555-994-9207,East
ORD-100748,CUST-823,2026-03-13 23:53:29.146027,2026-03-14 14:53:29.146027,Toys,1,187.73,0.204,user669@example.com,555-761-6900,North
ORD-104034,CUST-1017,2026-01-14 23:53:29.146027,2026-01-16 06:53:29.146027,Sports,4,378.09,0.088,user889@example.com,555-476-9388,South
ORD-102328,CUST-565,2026-01-24 23:53:29.146027,2026-01-26 17:53:29.146027,Groceries,9,176.07,0.148,user584@example.com,555-201-3519,South
ORD-102355,CUST-666,2026-09-03 23:53:29.146027,2026-09-04 18:53:29.146027,Groceries,2,370.18,0.106,user782@example.com,555-253-1079,East
ORD-101701,CUST-1193,2026-09-25 23:53:29.146027,2026-09-27 11:53:29.146027,Toys,4,0.0,0.278,user375@example.com,555-877-6676,North
ORD-101781,CUST-604,2026-02-18 23:53:29.146027,2026-02-19 21:53:29.146027,Groceries,8,206.77,0.261,user601@example.com,555-332-6256,East
ORD-100704,CUST-29,2026-05-01 23:53:29.146027,2026-05-02 00:53:29.146027,Apparel,3,20.95,0.093,user497@example.com,555-243-6071,South
ORD-100668,CUST-1075,2026-05-09 23:53:29.146027,2026-05-10 05:53:29.146027,Sports,6,174.22,0.261,user18@example.com,555-596-3665,East
ORD-101332,CUST-368,2026-04-13 23:53:29.146027,2026-04-14 06:53:29.146027,Groceries,8,251.73,0.253,user565@example.com,555-180-1157,East
ORD-102108,CUST-75,2026-09-06 23:53:29.146027,2026-09-08 03:53:29.146027,Home & Garden,7,360.62,0.008,user350@example.com,555-164-6191,North
ORD-100379,CUST-995,31/02/2025,2026-03-16 23:53:29.146027,Toys,6,211.31,0.236,user1136@example.com,555-550-1536,East
ORD-101453,CUST-625,2026-08-24 23:53:29.146027,2026-08-26 09:53:29.146027,Home & Garden,6,65.92,0.113,user781@example.com,555-703-6210,North
ORD-101353,CUST-932,2026-01-24 23:53:29.146027,2026-01-25 08:53:29.146027,Electronics,8,362.0,0.207,user905@example.com,555-743-1678,West
ORD-102686,CUST-829,2026-04-19 23:53:29.146027,2026-04-21 18:53:29.146027,Groceries,5,323.37,0.095,user448@example.com,555-652-3567,East
ORD-101116,CUST-838,2026-01-10 23:53:29.146027,2026-01-12 22:53:29.146027,Groceries,8,127.53,0.064,user700@example.com,555-909-4513,East
ORD-101399,CUST-1023,2026-04-04 23:53:29.146027,2026-04-05 22:53:29.146027,Electronics,6,289.75,0.18,user616@example.com,555-969-7209,West
ORD-102979,CUST-400,2026-07-14 23:53:29.146027,2026-07-15 23:53:29.146027,Sports,4,100.64,0.291,user590@example.com,555-643-8024,West
ORD-104611,CUST-455,2026-06-27 23:53:29.146027,2026-06-29 07:53:29.146027,Toys,1,183.83,0.002,user641@example.com,555-277-8071,South
ORD-101438,CUST-106,2026-02-23 23:53:29.146027,2026-02-24 01:53:29.146027,Toys,1,470.42,0.25,user982@example.com,555-871-6188,East
ORD-103397,CUST-780,2026-02-17 23:53:29.146027,2026-02-19 07:53:29.146027,Toys,7,29.21,0.236,user28@example.com,555-886-7837,East
ORD-100240,CUST-1026,2026-09-26 23:53:29.146027,2026-09-28 08:53:29.146027,Sports,9,411.16,0.135,user829@example.com,555-458-5292,North
ORD-100949,CUST-1163,2026-06-06 23:53:29.146027,2026-06-07 04:53:29.146027,Electronics,2,178.22,0.195,user887@example.com,555-228-2370,East
ORD-102530,CUST-105,2026-04-30 23:53:29.146027,2026-05-01 16:53:29.146027,Toys,1,154.5,0.229,user96@example.com,555-801-4865,North
ORD-104116,CUST-401,2026-03-28 23:53:29.146027,2026-03-29 21:53:29.146027,Home & Garden,2,164.95,0.293,user1126@example.com,555-292-5284,South
ORD-100455,CUST-825,2026-06-26 23:53:29.146027,2026-06-27 03:53:29.146027,Home & Garden,2,373.1,0.153,user231@example.com,555-893-2593,North
ORD-102386,CUST-689,2026-02-21 23:53:29.146027,2026-02-23 22:53:29.146027,Home & Garden,6,175.15,0.142,user768@example.com,555-123-1796,South
ORD-102467,CUST-705,2026-09-11 23:53:29.146027,2026-09-13 18:53:29.146027,Home & Garden,3,192.58,0.094,user67@example.com,555-326-3050,North
ORD-104335,CUST-1157,2026-07-31 23:53:29.146027,2026-08-01 03:53:29.146027,Groceries,6,474.91,0.108,user725@example.com,555-520-8743,South
ORD-103849,CUST-628,2026-08-17 23:53:29.146027,2026-08-18 00:53:29.146027,Groceries,5,397.33,0.137,user721@example.com,555-288-4522,North
ORD-102054,CUST-28,2026-04-27 23:53:29.146027,2026-04-29 17:53:29.146027,Apparel,5,136.08,0.017,user599@example.com,555-723-5218,East
ORD-103953,CUST-228,2026-08-10 23:53:29.146027,2026-08-11 12:53:29.146027,Toys,7,100.35,0.221,user529@example.com,555-573-5421,South
ORD-100727,CUST-399,2026-05-26 23:53:29.146027,2026-05-27 17:53:29.146027,Sports,2,374.91,0.263,user561@example.com,555-266-9380,North
ORD-102417,CUST-248,2026-04-21 23:53:29.146027,2026-04-23 20:53:29.146027,Apparel,4,343.11,0.162,,555-996-2787,South
ORD-102558,CUST-124,2026-09-07 23:53:29.146027,2026-09-08 03:53:29.146027,Appparel,1,360.44,0.086,user545@example.com,555-392-7752,East
ORD-103448,CUST-48,2026-05-31 23:53:29.146027,2026-06-02 19:53:29.146027,Toys,8,228.55,0.224,user388@example.com,555-158-4085,West
ORD-102607,CUST-939,2026-05-24 23:53:29.146027,2026-05-25 22:53:29.146027,Groceries,6,42.76,0.233,user479@example.com,555-991-1985,North
ORD-100927,CUST-1149,2026-04-08 23:53:29.146027,2026-04-10 17:53:29.146027,Groceries,1,282.87,0.262,user748@example.com,555-563-3409,South
ORD-100822,CUST-1021,2026-08-11 23:53:29.146027,2026-08-13 02:53:29.146027,Electronics,7,347.74,0.066,user183@example.com,555-469-7534,East
ORD-104283,CUST-757,2026-03-17 23:53:29.146027,2026-03-18 04:53:29.146027,Home & Garden,1,393.97,0.229,,555-899-9926,South
ORD-102626,CUST-784,2026-03-22 23:53:29.146027,2026-03-23 20:53:29.146027,apparel,9,258.25,0.113,user397@example.com,555-581-2852,East
ORD-101868,CUST-569,2026-02-07 23:53:29.146027,2026-02-09 19:53:29.146027,Sports,3,395.13,0.093,user618@example.com,555-619-4731,West
ORD-100196,CUST-257,2026-08-12 23:53:29.146027,2026-08-13 02:53:29.146027,Toys,4,59.14,0.194,user756@example.com,555-951-2190,West
ORD-104450,CUST-225,2026-07-06 23:53:29.146027,2026-07-07 18:53:29.146027,Apparel,4,148.83,0.218,user237@example.com,555-475-1679,South
ORD-100078,CUST-1151,2026-07-05 23:53:29.146027,2026-07-07 09:53:29.146027,Apparel,9,247.32,0.087,user573@example.com,555-172-8002,West
ORD-103191,CUST-889,2026-08-25 23:53:29.146027,2026-08-26 02:53:29.146027,Electronics,3,170.15,0.257,user797@example.com,555-407-2187,East
ORD-103009,CUST-818,2026-03-31 23:53:29.146027,2026-04-01 14:53:29.146027,Groceries,9,410.82,0.266,user258@example.com,555-942-3029,West
ORD-101875,CUST-487,2026-06-12 23:53:29.146027,2026-06-14 04:53:29.146027,Electronics,7,490.64,0.168,user349@example.com,555-741-6461,East
ORD-102461,CUST-583,2026-04-15 23:53:29.146027,2026-04-15 23:53:29.146027,Toys,8,318.05,0.059,user87@example.com,555-264-7125,West
ORD-101745,CUST-946,2026-01-15 23:53:29.146027,2026-01-17 10:53:29.146027,Sports,4,313.72,0.163,user947@example.com,555-900-6239,South
ORD-102462,CUST-646,2026-08-17 23:53:29.146027,2026-08-19 01:53:29.146027,Home & Garden,1,334.26,0.251,user212@example.com,555-674-6769,East
ORD-103648,CUST-745,2026-03-22 23:53:29.146027,2026-03-24 16:53:29.146027,Toys,2,102.66,0.226,user549@example.com,555-971-6102,South
ORD-100024,CUST-312,2026-07-20 23:53:29.146027,2026-07-22 17:53:29.146027,Sports,7,184.9,0.266,user935@example.com,555-332-5880,North
ORD-100716,CUST-724,2026-09-18 23:53:29.146027,2026-09-19 17:53:29.146027,Apparel,4,185.82,0.197,user445@example.com,555-302-2360,East
ORD-104133,CUST-896,2026-07-04 23:53:29.146027,2026-07-06 11:53:29.146027,Toys,9,448.57,0.018,user56@example.com,555-601-8530,North
ORD-102166,CUST-765,2026-04-29 23:53:29.146027,2026-04-30 07:53:29.146027,Groceries,5,146.95,0.188,user1192@example.com,555-918-4464,East
ORD-101364,CUST-684,2026-03-11 23:53:29.146027,2026-03-11 23:53:29.146027,Apparel,9,198.15,0.096,user845@example.com,555-345-5239,East
ORD-103377,CUST-555,2026-05-08 23:53:29.146027,2026-05-09 07:53:29.146027,Electronics,4,208.92,0.07,user29@example.com,555-865-2701,East
ORD-103631,CUST-262,2026-09-24 23:53:29.146027,2026-09-26 16:53:29.146027,Electronics,3,0.0,0.009,user432@example.com,555-566-1821,East
ORD-104043,CUST-30,2026-06-24 23:53:29.146027,2026-06-25 11:53:29.146027,Apparel,9,430.91,0.21,user665@example.com,555-586-5756,South
ORD-102568,CUST-183,2026-08-01 23:53:29.146027,2026-08-03 15:53:29.146027,Sports,2,407.09,0.12,user59@example.com,555-153-1113,South
ORD-100636,CUST-1054,2026-08-09 23:53:29.146027,2026-08-10 21:53:29.146027,Groceries,3,262.2,0.14,user530@example.com,555-535-3272,East
ORD-100430,CUST-904,2026-03-29 23:53:29.146027,2026-03-31 06:53:29.146027,Electronics,3,445.24,0.025,user1086@example.com,555-809-4573,East
ORD-100720,CUST-290,2026-08-25 23:53:29.146027,2026-08-27 18:53:29.146027,Electronics,3,87.73,0.155,user897@example.com,555-567-1741,West
ORD-100795,CUST-167,2026-02-20 23:53:29.146027,2026-02-22 01:53:29.146027,Sports,9,383.48,0.053,user391@example.com,555-418-4924,South
ORD-104247,CUST-316,2026-03-06 23:53:29.146027,2026-03-08 14:53:29.146027,Electronics,5,121.08,0.142,user969@example.com,555-439-7390,West
ORD-104244,CUST-511,2026-08-26 23:53:29.146027,2026-08-27 18:53:29.146027,Electronics,3,156.02,0.143,user6@example.com,555-295-9900,East
ORD-101586,CUST-578,2026-04-11 23:53:29.146027,2026-04-12 12:53:29.146027,Sports,-7,239.73,0.065,user26@example.com,555-269-2191,West
ORD-100267,CUST-355,2026-03-21 23:53:29.146027,2026-03-23 04:53:29.146027,Toys,5,18.34,0.054,user663@example.com,555-608-5015,West
ORD-104301,CUST-1064,2026-07-19 23:53:29.146027,2026-07-20 01:53:29.146027,Groceries,9,173.87,0.068,user1024@example.com,555-121-9144,South
ORD-104390,CUST-14,2026-01-18 23:53:29.146027,2026-01-20 17:53:29.146027,Electronics,4,278.93,0.187,user1105@example.com,555-382-3149,North
ORD-101602,CUST-968,2026-06-18 23:53:29.146027,2026-06-20 04:53:29.146027, Groceries ,2,226.88,0.01,user1025@example.com,555-422-6117,North
ORD-102211,CUST-675,2026-09-05 23:53:29.146027,2026-09-06 07:53:29.146027,Sports,5,134.96,0.174,user153@example.com,555-374-9628,North
ORD-101210,CUST-569,2026-06-05 23:53:29.146027,2026-06-06 05:53:29.146027,Toys,6,23.43,0.007,user1015@example.com,555-104-8917,West
ORD-100099,CUST-1174,2026-08-30 23:53:29.146027,2026-08-31 10:53:29.146027,Sports,9,370.01,0.266,user944@example.com,555-200-5576,North
ORD-101859,CUST-465,2026-09-06 23:53:29.146027,2026-09-07 17:53:29.146027,Apparel,1,158.51,0.149,user525@example.com,555-645-1411,South
ORD-104188,CUST-7,2026-08-26 23:53:29.146027,2026-08-28 06:53:29.146027,Apparel,3,316.17,0.116,user151@example.com,555-304-8899,South
ORD-100279,CUST-942,2026-09-06 23:53:29.146027,2026-09-08 20:53:29.146027,Toys,7,310.23,0.237,user1170@example.com,555-408-1560,North
ORD-100619,CUST-213,2026-08-22 23:53:29.146027,2026-08-23 18:53:29.146027,Home & Garden,4,224.01,0.247,user82@example.com,555-284-8749,North
ORD-103911,CUST-924,2026-03-18 23:53:29.146027,2026-03-19 02:53:29.146027,Home & Garden,6,272.51,0.094,user663@example.com,555-458-2661,East
ORD-102680,CUST-988,2026-04-06 23:53:29.146027,2026-04-08 21:53:29.146027,Apparel,9,5.9,0.289,user1136@example.com,555-254-5251,North
ORD-102471,CUST-459,2026-01-09 23:53:29.146027,2026-01-11 15:53:29.146027,Home & Garden,2,443.7,0.265,user787@example.com,555-191-2913,South
ORD-100512,CUST-501,2026-06-16 23:53:29.146027,2026-06-17 07:53:29.146027,Toys,4,283.9,0.004,user53@example.com,555-915-9905,South
ORD-104357,CUST-86,2026-08-03 23:53:29.146027,2026-08-05 20:53:29.146027,Electronics,3,186.77,0.008,user452@example.com,555-435-6310,South
ORD-101312,CUST-953,2026-04-29 23:53:29.146027,2026-05-01 21:53:29.146027,Apparel,1,292.05,0.079,user676@example.com,555-452-1431,North
ORD-102797,CUST-287,2026-02-27 23:53:29.146027,2026-03-01 00:53:29.146027,Home & Garden,7,253.57,0.045,user176@example.com,555-950-6055,South
ORD-104716,CUST-554,2026-07-24 23:53:29.146027,2026-07-25 17:53:29.146027,Sports,3,308.38,0.126,user822@example.com,555-268-2650,South
ORD-104193,CUST-109,2026-01-13 23:53:29.146027,2026-01-15 16:53:29.146027,Groceries,4,323.62,0.17,user487@example.com,555-897-1260,South
ORD-102436,CUST-958,2026-09-22 23:53:29.146027,2026-09-23 00:53:29.146027,Groceries,6,361.45,0.259,user1171@example.com,555-308-3566,South
ORD-102350,CUST-1173,2026-03-24 23:53:29.146027,2026-03-25 23:53:29.146027,Electronics,3,453.35,0.186,user664@example.com,555-519-4160,
ORD-104684,CUST-862,2026-06-29 23:53:29.146027,2026-07-01 14:53:29.146027,Home & Garden,2,63.31,0.236,user93@example.com,555-743-2504,South
ORD-103709,CUST-1147,2026-05-30 23:53:29.146027,2026-05-30 23:53:29.146027,Apparel,3,307.95,0.071,user823@example.com,555-593-2832,West
ORD-100987,CUST-441,2026-05-20 23:53:29.146027,2026-05-21 22:53:29.146027,Sports,9,47.45,0.258,user1148@example.com,555-750-5768,South
ORD-103177,CUST-668,2026-01-28 23:53:29.146027,2026-01-30 03:53:29.146027,Sports,4,422.1,0.005,user299@example.com,555-829-3163,East
ORD-101720,CUST-951,2026-08-11 23:53:29.146027,2026-08-12 03:53:29.146027,Apparel,9,166.28,0.161,user832@example.com,555-944-4848,South
ORD-100460,CUST-738,2026-04-14 23:53:29.146027,2026-04-16 20:53:29.146027,Sports,6,476.25,0.258,user1170@example.com,555-693-9261,West
ORD-104396,CUST-1135,2026-03-17 23:53:29.146027,2026-03-19 16:53:29.146027,Toys,9,308.06,0.298,user696@example.com,555-194-7883,North
ORD-103119,CUST-265,2026-01-13 23:53:29.146027,2026-01-14 09:53:29.146027,Groceries,4,391.05,0.229,user1063@example.com,555-190-7653,East
ORD-101700,CUST-1039,2026-06-06 23:53:29.146027,2026-06-08 14:53:29.146027,Sports,2,14.94,0.095,user658@example.com,555-282-3611,East
ORD-104649,CUST-1156,2026-09-12 23:53:29.146027,2026-09-14 12:53:29.146027,Sports,1,30.28,0.065,,555-608-4029,East
ORD-103094,CUST-1192,2026-06-28 23:53:29.146027,2026-06-29 17:53:29.146027,Electronics,1,123.46,0.003,user544@example.com,555-959-9791,East
ORD-100717,CUST-1009,2026-02-25 23:53:29.146027,2026-02-26 02:53:29.146027,Groceries,3,433.59,0.052,user582@example.com,555-185-5452,East
ORD-101918,CUST-129,2026-03-15 23:53:29.146027,2026-03-15 23:53:29.146027,sports,3,442.69,0.269,user263@example.com,555-451-1337,East
ORD-102447,CUST-1029,2026-10-02 23:53:29.146027,2026-10-03 15:53:29.146027,Electronics,2,105.2,0.034,user842@example.com,555-809-4060,North
ORD-101375,CUST-86,2026-05-13 23:53:29.146027,2026-05-15 19:53:29.146027,Sports,1,319.73,0.174,user660@example.com,555-631-8545,East
ORD-104220,CUST-1017,2026-09-02 23:53:29.146027,2026-09-04 13:53:29.146027,Home & Garden,4,370.12,0.007,user368@example.com,555-782-2956,East
ORD-100359,CUST-511,2026-02-06 23:53:29.146027,2026-02-07 11:53:29.146027,Sports,6,270.58,0.189,user90@example.com,555-370-7758,North
ORD-104036,CUST-909,2026-03-08 23:53:29.146027,2026-03-09 11:53:29.146027,Electronics,6,179.56,0.109,user537@example.com,555-336-7303,North
ORD-100887,CUST-735,2026-09-01 23:53:29.146027,2026-09-01 23:53:29.146027,Sports,7,261.44,0.079,user755@example.com,555-581-5363,North
ORD-102354,CUST-806,2026-03-23 23:53:29.146027,2026-03-24 14:53:29.146027,Electronics,8,3.43,0.258,user573@example.com,555-237-3444,North
ORD-100841,CUST-459,2026-06-04 23:53:29.146027,2026-06-06 21:53:29.146027,sports,2,72.75,0.054,user822@example.com,555-374-2883,North
ORD-103641,CUST-422,2026-08-13 23:53:29.146027,2026-08-15 18:53:29.146027,Groceries,4,248.53,0.115,user236@example.com,555-546-1967,East
ORD-101763,CUST-197,2026-06-27 23:53:29.146027,2026-06-29 22:53:29.146027,Electronics,5,302.53,0.126,user392@example.com,555-573-1393,
ORD-101305,CUST-133,2026-07-23 23:53:29.146027,2026-07-24 10:53:29.146027,Toys,7,304.64,0.052,user456@example.com,555-164-4799,South
ORD-103984,CUST-839,2026-07-23 23:53:29.146027,2026-07-24 15:53:29.146027,Home & Garden,6,26.18,0.203,user342@example.com,555-483-7560,East
ORD-100527,CUST-88,2026-02-11 23:53:29.146027,2026-02-13 05:53:29.146027,Electronics,3,212.93,0.256,user986@example.com,555-343-1777,East
ORD-101441,CUST-1039,2026-02-04 23:53:29.146027,2026-02-06 14:53:29.146027,Sports,9,192.58,0.166,user139@example.com,555-475-8071,North
ORD-104543,CUST-845,2026-01-13 23:53:29.146027,2026-01-15 10:53:29.146027,Apparel,6,348.96,0.164,user1@example.com,555-704-6208,North
ORD-101702,CUST-659,2026-03-31 23:53:29.146027,2026-04-02 07:53:29.146027,Apparel,9,485.48,0.092,user616@example.com,555-603-6271,West
ORD-102116,CUST-923,2026-07-18 23:53:29.146027,2026-07-19 06:53:29.146027,Sports,4,171.39,0.008,user134@example.com,555-720-7767,South
ORD-104440,CUST-124,2026-02-08 23:53:29.146027,2026-02-10 15:53:29.146027,Electronics,6,84.31,0.244,user157@example.com,555-492-9088,North
ORD-100134,CUST-741,2026-08-18 23:53:29.146027,2026-08-18 23:53:29.146027,Sports,N/A,310.83,0.189,user646@example.com,555-234-4039,West
ORD-103846,CUST-336,2026-08-08 23:53:29.146027,2026-08-10 16:53:29.146027,Apparel,3,420.69,0.231,user438@example.com,555-804-4264,North
ORD-103676,CUST-283,2026-06-04 23:53:29.146027,2026-06-05 23:53:29.146027,Home & Garden,9,182.87,0.018,user777@example.com,555-529-7300,East
ORD-103673,CUST-1188,2026-09-18 23:53:29.146027,2026-09-20 10:53:29.146027,Groceries,8,266.89,0.294,user383@example.com,555-280-5774,South
ORD-104291,CUST-1198,2026-03-18 23:53:29.146027,2026-03-19 01:53:29.146027,Apparel,9,253.84,0.099,user719@example.com,555-277-5608,North
ORD-104793,CUST-60,2026-01-12 23:53:29.146027,2026-01-14 13:53:29.146027,Sports,3,109.25,0.152,user232@example.com,555-724-3501,West
ORD-100524,CUST-338,2026-09-08 23:53:29.146027,2026-09-10 04:53:29.146027,Sports,1,12.7,0.135,user958@example.com,555-861-1353,East
ORD-102540,CUST-658,2026-06-21 23:53:29.146027,2026-06-23 00:53:29.146027,Electronics,2,375.91,0.271,user921@example.com,555-596-3492,West
ORD-100910,CUST-453,2026-04-29 23:53:29.146027,2026-04-30 15:53:29.146027,Apparel,7,199.21,0.221,user636@example.com,555-827-1892,East
ORD-103313,CUST-954,2026-05-04 23:53:29.146027,2026-05-05 07:53:29.146027,Apparel,1,43.94,0.261,user273@example.com,555-476-4300,West
ORD-100503,CUST-79,2026-06-01 23:53:29.146027,2026-06-02 02:53:29.146027,Apparel,6,95.67,0.181,user210@example.com,555-140-7829,North
ORD-101680,CUST-715,2026-07-03 23:53:29.146027,2026-07-05 09:53:29.146027,Toys,7,142.65,0.068,user482@example.com,555-298-2136,East
ORD-100124,CUST-1105,2026-06-03 23:53:29.146027,2026-06-04 03:53:29.146027,Groceries,3,269.62,0.213,user638@example.com,555-315-7900,East
ORD-100933,CUST-6,2026-08-23 23:53:29.146027,2026-08-25 09:53:29.146027,Apparel,5,488.05,0.201,user222@example.com,555-717-6632,West
ORD-101470,CUST-1002,2026-02-18 23:53:29.146027,2026-02-19 08:53:29.146027,Apparel,9,453.65,0.037,user710@example.com,555-972-5852,North
ORD-103768,CUST-411,2026-06-20 23:53:29.146027,2026-06-21 08:53:29.146027,Groceries,9,31.82,0.041,user1090@example.com,555-317-1027,East
ORD-101284,CUST-942,2026-09-17 23:53:29.146027,2026-09-19 19:53:29.146027,Electronics,5,77.62,0.299,user159@example.com,555-347-8194,South
ORD-103992,CUST-1098,2026-03-11 23:53:29.146027,2026-03-13 11:53:29.146027,Apparel,5,421.84,0.248,user204@example.com,555-624-6059,South
ORD-104205,CUST-648,2026-02-10 23:53:29.146027,2026-02-12 21:53:29.146027,Toys,4,82.02,0.079,user938@example.com,555-307-1958,East
ORD-104302,CUST-1035,2026-05-22 23:53:29.146027,2026-05-24 08:53:29.146027,Apparel,1,131.93,0.073,user385@example.com,555-929-7706,North
ORD-101094,CUST-1037,2026-09-07 23:53:29.146027,2026-09-09 12:53:29.146027,Toys,2,21.3,0.104,user843@example.com,555-471-4196,South
ORD-101961,CUST-498,2026-04-07 23:53:29.146027,2026-04-08 13:53:29.146027,Home & Garden,3,131.13,0.031,user382@example.com,555-112-1328,West
ORD-101183,CUST-1025,2026-06-09 23:53:29.146027,2026-06-11 14:53:29.146027,Sports,5,406.18,0.051,user376@example.com,555-845-7138,North
ORD-100224,CUST-545,2026-10-03 23:53:29.146027,2026-10-05 10:53:29.146027,Apparel,6,232.39,0.023,user582@example.com,555-913-7138,West
ORD-102604,CUST-692,2026-03-15 23:53:29.146027,2026-03-16 21:53:29.146027,Groceries,7,13.71,0.193,user833@example.com,555-550-2242,North
ORD-104870,CUST-1104,2026-07-16 23:53:29.146027,2026-07-17 08:53:29.146027,Groceries,1,218.67,0.081,user716@example.com,555-687-3157,South
ORD-101712,CUST-579,2026-05-08 23:53:29.146027,2026-05-10 20:53:29.146027,Groceries,4,168.88,0.155,user449@example.com,555-680-7389,North
ORD-103029,CUST-624,2026-04-11 23:53:29.146027,2026-04-12 17:53:29.146027,Groceries,2,34.09,0.276,user593@example.com,555-836-9196,West
ORD-103665,CUST-394,2026-05-05 23:53:29.146027,2026-05-07 10:53:29.146027,Electronics,5,437.13,0.224,user456@example.com,555-929-2389,East
ORD-101371,CUST-423,2026-03-19 23:53:29.146027,2026-03-20 11:53:29.146027,Groceries,4,274.93,0.149,user680@example.com,555-689-7094,West
ORD-102674,CUST-988,2026-04-02 23:53:29.146027,2026-04-04 17:53:29.146027,Electronics,8,274.18,0.007,user879@example.com,555-363-9204,West
ORD-100684,CUST-737,2026-05-07 23:53:29.146027,2026-05-08 17:53:29.146027,Electronics,1,262.79,0.173,user388@example.com,555-959-5520,East
ORD-102258,CUST-593,2026-09-03 23:53:29.146027,2026-09-05 05:53:29.146027,Sports,2,231.39,0.286,user1097@example.com,555-427-2436,East
ORD-100827,CUST-993,2026-05-04 23:53:29.146027,2026-05-05 19:53:29.146027,Apparel,4,132.22,0.107,user936@example.com,555-152-3394,South
ORD-101261,CUST-297,2026-06-04 23:53:29.146027,2026-06-05 09:53:29.146027,Home & Garden,5,242.28,0.222,user586@example.com,555-670-7395,West
ORD-104949,CUST-799,2026-05-25 23:53:29.146027,2026-05-26 03:53:29.146027,Electronics,8,183.93,0.168,user303@example.com,555-763-3969,North
ORD-103346,CUST-202,2026-09-03 23:53:29.146027,2026-09-03 23:53:29.146027,Sports,8,303.64,0.278,user517@example.com,555-292-6350,South
ORD-100632,CUST-187,2026-03-16 23:53:29.146027,2026-03-17 02:53:29.146027,Toys,1,200.45,0.062,user400@example.com,555-176-5003,North
ORD-104206,CUST-843,2026-05-02 23:53:29.146027,2026-05-03 06:53:29.146027,Toys,1,3.1,0.266,user478@example.com,555-492-6652,West
ORD-103978,CUST-1142,2026-09-16 23:53:29.146027,2026-09-18 12:53:29.146027,Toys,7,384.8,0.205,user567@example.com,555-863-6149,East
ORD-101306,CUST-466,2026-05-18 23:53:29.146027,2026-05-20 05:53:29.146027,Apparel,1,62.66,0.034,user678@example.com,555-512-1098,
ORD-104937,CUST-1180,2026-09-11 23:53:29.146027,2026-09-12 22:53:29.146027,Home & Garden,5,252.32,0.214,user1103@example.com,555-492-8041,North
ORD-101241,CUST-983,2026-03-05 23:53:29.146027,2026-03-07 00:53:29.146027,Electronics,3,95.63,0.099,user972@example.com,555-191-7365,South
ORD-103311,CUST-11,2026-03-21 23:53:29.146027,2026-03-23 02:53:29.146027,Electronics,5,118.67,0.174,user747@example.com,555-655-1610,West
ORD-101460,CUST-455,2026-07-14 23:53:29.146027,2026-07-16 14:53:29.146027,Toys,5,341.84,0.256,,555-450-4130,North
ORD-101397,CUST-601,2026-06-30 23:53:29.146027,2026-07-02 13:53:29.146027,Sports,8,84.01,0.298,,555-433-8135,South
ORD-100962,CUST-274,2026-06-27 23:53:29.146027,2026-06-29 03:53:29.146027,Sports,3,441.95,0.298,user213@example.com,555-144-1966,
ORD-103181,CUST-321,2026-04-04 23:53:29.146027,2026-04-05 01:53:29.146027,Groceries,3,342.68,0.07,user871@example.com,555-210-8373,South
ORD-101277,CUST-346,2026-05-09 23:53:29.146027,2026-05-10 00:53:29.146027,Apparel,2,96.76,0.13,user877@example.com,555-407-9261,West
ORD-103528,CUST-1094,2026-04-16 23:53:29.146027,2026-04-17 11:53:29.146027,Groceries,1,81.05,0.101,user364@example.com,555-438-6981,West
ORD-100745,CUST-803,2026-09-28 23:53:29.146027,2026-09-29 22:53:29.146027,Groceries,3,390.66,0.152,user1024@example.com,555-527-2558,North
ORD-104627,CUST-16,2026-03-11 23:53:29.146027,2026-03-12 16:53:29.146027,Sports,7,278.97,0.298,user1141@example.com,555-594-3817,South
ORD-104615,CUST-845,2026-03-08 23:53:29.146027,2026-03-10 05:53:29.146027,Home & Garden,9,300.25,0.003,user712@example.com,555-843-7421,North
ORD-104175,CUST-563,2026-04-10 23:53:29.146027,2026-04-10 23:53:29.146027,Home & Garden,4,81.58,0.116,user171@example.com,555-601-6784,North
ORD-100141,CUST-207,2026-07-07 23:53:29.146027,2026-07-08 07:53:29.146027,Apparel,6,456.14,0.089,user43@example.com,555-902-6106,East
ORD-101115,CUST-710,2026-01-13 23:53:29.146027,2026-01-15 03:53:29.146027,Home & Garden,1,58.95,0.139,user832@example.com,555-227-7775,South
ORD-100804,CUST-157,2026-06-16 23:53:29.146027,2026-06-17 03:53:29.146027,Groceries,1,417.07,0.139,user302@example.com,555-937-7338,West
ORD-101536,CUST-539,2026-05-02 23:53:29.146027,2026-05-03 12:53:29.146027,Home & Garden,1,267.28,0.247,user422@example.com,555-296-5622,East
ORD-100529,CUST-106,2026-02-11 23:53:29.146027,2026-02-12 14:53:29.146027,Sports,9,482.33,0.014,user796@example.com,555-339-3548,
ORD-104547,CUST-433,2026-07-27 23:53:29.146027,2026-07-28 10:53:29.146027,Apparel,4,329.34,0.189,user228@example.com,555-331-5181,East
ORD-100200,CUST-509,2026-04-29 23:53:29.146027,2026-04-30 07:53:29.146027,Toys,6,57.93,0.117,user965@example.com,555-557-2744,South
ORD-100454,CUST-69,2026-01-20 23:53:29.146027,2026-01-22 21:53:29.146027,Toys,1,402.12,0.264,user1025@example.com,555-811-1636,West
ORD-101218,CUST-171,2026-01-10 23:53:29.146027,2026-01-12 16:53:29.146027,Electronics,8,463.28,0.097,user965@example.com,555-648-8220,East
ORD-102289,CUST-522,2026-01-30 23:53:29.146027,2026-02-01 04:53:29.146027,SPORTS,1,217.77,0.088,user167@example.com,555-386-7708,West
ORD-104000,CUST-324,2026-06-07 23:53:29.146027,2026-06-08 00:53:29.146027,Toys,6,0.0,0.079,user1151@example.com,555-766-9689,North
ORD-102287,CUST-278,2026-03-26 23:53:29.146027,2026-03-27 02:53:29.146027,Sports,8,344.45,0.111,user855@example.com,555-982-2200,West
ORD-102174,CUST-105,2026-02-07 23:53:29.146027,2026-02-08 06:53:29.146027,Toys,7,254.89,0.216,user68@example.com,555-743-1661,North
ORD-100440,CUST-708,2026-07-28 23:53:29.146027,2026-07-29 17:53:29.146027,Toys,4,102.57,0.196,user1038@example.com,555-435-1537,West
ORD-102288,CUST-1067,2026-07-25 23:53:29.146027,2026-07-27 17:53:29.146027,Apparel,3,228.91,0.06,user1075@example.com,555-865-2416,East
ORD-103168,CUST-798,2026-02-18 23:53:29.146027,2026-02-19 23:53:29.146027,Toys,2,64.18,0.159,user856@example.com,555-235-4362,West
ORD-102969,CUST-319,2026-02-28 23:53:29.146027,2026-03-01 12:53:29.146027,Groceries,7,58.33,0.201,user753@example.com,555-545-2412,East
ORD-100432,CUST-544,2026-07-04 23:53:29.146027,2026-07-05 02:53:29.146027,Home & Garden,5,167.7,0.123,user825@example.com,555-794-5941,North
ORD-101732,CUST-956,2026-04-20 23:53:29.146027,2026-04-21 05:53:29.146027,Electronics,7,166.48,0.128,user1179@example.com,555-720-8811,West
ORD-103117,CUST-671,2026-04-03 23:53:29.146027,2026-04-05 18:53:29.146027,Groceries,8,351.32,0.291,user348@example.com,555-549-9148,North
ORD-104930,CUST-906,2026-02-16 23:53:29.146027,2026-02-17 11:53:29.146027,Electronics,5,473.85,0.04,user757@example.com,555-162-6414,West
ORD-104265,CUST-194,2026-05-12 23:53:29.146027,2026-05-14 12:53:29.146027,Groceries,7,426.93,0.155,user406@example.com,555-761-4904,North
ORD-104160,CUST-1030,2026-03-14 23:53:29.146027,2026-03-16 16:53:29.146027,Groceries,3,119.4,0.252,user17@example.com,555-170-4117,East
ORD-103906,CUST-753,2026-03-20 23:53:29.146027,2026-03-22 01:53:29.146027,Home & Garden,7,339.38,0.05,user665@example.com,555-883-3749,South
ORD-102450,CUST-1036,2026-01-14 23:53:29.146027,2026-01-16 06:53:29.146027,Apparel,6,382.09,0.132,user950@example.com,555-136-4532,South
ORD-103959,CUST-101,2026-09-28 23:53:29.146027,2026-09-30 04:53:29.146027,Toys,4,374.37,0.224,user674@example.com,555-914-9502,South
ORD-104250,CUST-1082,2026-02-28 23:53:29.146027,2026-03-01 21:53:29.146027,Toys,4,75.48,0.196,user521@example.com,555-309-6804,South
ORD-100984,CUST-1109,2026-04-02 23:53:29.146027,2026-04-03 11:53:29.146027,Home & Garden,1,444.99,0.004,user68@example.com,555-498-8971,North
ORD-102567,CUST-139,2026-03-27 23:53:29.146027,2026-03-29 20:53:29.146027,Groceries,2,292.36,0.123,user157@example.com,555-153-5655,East
ORD-104800,CUST-530,2026-02-26 23:53:29.146027,2026-02-28 16:53:29.146027,Apparel,3,130.82,0.256,user778@example.com,555-467-5838,West
ORD-104428,CUST-458,2026-09-21 23:53:29.146027,2026-09-22 07:53:29.146027,Electronics,9,56.79,0.219,user1096@example.com,555-888-7492,West
ORD-101757,CUST-223,2026-03-14 23:53:29.146027,2026-03-16 13:53:29.146027,Sports,5,244.97,0.061,user372@example.com,555-215-2467,West
ORD-104164,CUST-417,2026-03-16 23:53:29.146027,2026-03-18 19:53:29.146027,Home & Garden,5,285.64,0.005,user797@example.com,555-895-8760,East
ORD-104866,CUST-1178,2026-02-21 23:53:29.146027,2026-02-22 06:53:29.146027,Home & Garden,4,14.52,0.096,user74@example.com,555-593-5825,South
ORD-100821,CUST-1141,2026-07-15 23:53:29.146027,2026-07-17 09:53:29.146027,Home & Garden,2,346.38,0.024,user474@example.com,555-422-5240,North
ORD-102081,CUST-944,2026-02-19 23:53:29.146027,2026-02-20 18:53:29.146027,Apparel,-4,233.81,0.287,user623@example.com,555-883-2859,East
ORD-104960,CUST-456,2026-07-19 23:53:29.146027,2026-07-21 02:53:29.146027,Apparel,6,494.93,0.066,user1056@example.com,555-375-6108,West
ORD-101050,CUST-177,2026-09-02 23:53:29.146027,2026-09-04 03:53:29.146027,Toys,9,291.72,0.205,user1136@example.com,555-512-8062,West
ORD-103404,CUST-518,2026-08-14 23:53:29.146027,2026-08-16 10:53:29.146027,Toys,-5,200.17,0.132,user405@example.com,555-639-3253,North
ORD-100376,CUST-1030,2026-03-17 23:53:29.146027,2026-03-19 22:53:29.146027,Home & Garden,1,184.31,0.076,user931@example.com,555-346-8653,East
ORD-100592,CUST-880,2026-06-27 23:53:29.146027,2026-06-28 11:53:29.146027,Toys,1,395.46,0.186,user892@example.com,555-268-6599,South
ORD-103831,CUST-1148,2026-08-18 23:53:29.146027,2026-08-19 20:53:29.146027,Home & Garden,4,316.59,0.259,user106@example.com,555-720-9930,West
ORD-104278,CUST-326,2026-03-16 23:53:29.146027,2026-03-18 07:53:29.146027,Electronics,7,150.12,0.235,user1038@example.com,555-157-4365,East
ORD-104898,CUST-109,2026-03-05 23:53:29.146027,2026-03-06 03:53:29.146027,Home & Garden,7,472.48,0.185,user661@example.com,555-648-7544,South
ORD-100163,CUST-91,2026-09-14 23:53:29.146027,2026-09-16 02:53:29.146027,Sports,4,122.05,0.015,user150@example.com,555-188-5595,East
ORD-101409,CUST-1155,2026-06-04 23:53:29.146027,2026-06-05 10:53:29.146027,Home & Garden,2,263.36,0.234,user619@example.com,555-697-4660,South
ORD-104426,CUST-741,2026-05-14 23:53:29.146027,2026-05-15 04:53:29.146027,Home & Garden,8,135.1,0.276,user715@example.com,555-914-9406,South
ORD-101376,CUST-264,2026-09-28 23:53:29.146027,2026-09-29 22:53:29.146027,Electronics,7,110.88,0.016,user214@example.com,555-105-2187,North
ORD-101040,CUST-665,2026-04-20 23:53:29.146027,2026-04-22 11:53:29.146027,Toys,6,255.8,0.006,user171@example.com,555-822-4838,West
ORD-103081,CUST-259,2026-03-11 23:53:29.146027,2026-03-13 03:53:29.146027,Sports,6,224.76,0.22,user843@example.com,555-586-1406,East
ORD-100612,CUST-931,2026-02-15 23:53:29.146027,2026-02-16 06:53:29.146027,Toys,9,153.87,0.293,user838@example.com,555-351-7668,West
ORD-101354,CUST-513,2026-08-22 23:53:29.146027,2026-08-24 17:53:29.146027,Apparel,6,216.38,0.131,user66@example.com,555-841-2009,North
ORD-102985,CUST-1170,2026-05-05 23:53:29.146027,2026-05-06 06:53:29.146027,Home & Garden,3,269.2,0.045,user1113@example.com,555-835-4720,East
ORD-102280,CUST-872,2026-04-22 23:53:29.146027,2026-04-24 14:53:29.146027,Toys,4,104.81,0.162,user956@example.com,555-598-5902,East
ORD-102015,CUST-578,2026-02-09 23:53:29.146027,2026-02-10 08:53:29.146027,Groceries,3,385.66,0.122,user488@example.com,555-905-7623,North
ORD-100369,CUST-23,2026-09-11 23:53:29.146027,2026-09-13 21:53:29.146027,Apparel,7,211.86,0.018,user301@example.com,555-784-5822,West
ORD-102360,CUST-35,2026-05-19 23:53:29.146027,2026-05-21 11:53:29.146027,Toys,-2,450.38,0.077,user938@example.com,555-756-5793,West
ORD-100418,CUST-427,2026-01-11 23:53:29.146027,2026-01-12 15:53:29.146027,Sports,5,398.51,0.058,user1165@example.com,555-518-8494,North
ORD-100283,CUST-762,2026-06-12 23:53:29.146027,2026-06-13 09:53:29.146027,Apparel,7,28.18,0.082,user970@example.com,555-443-4251,South
ORD-103490,CUST-384,2026-08-31 23:53:29.146027,2026-09-02 14:53:29.146027,Electronics,4,5.38,0.136,user620@example.com,555-431-2180,North
ORD-100871,CUST-401,2026-01-17 23:53:29.146027,2026-01-19 14:53:29.146027,Toys,6,457.85,0.278,user266@example.com,555-912-9863,East
ORD-102995,CUST-242,2026-03-22 23:53:29.146027,2026-03-23 08:53:29.146027,Toys,3,13.36,0.194,user36@example.com,555-230-5517,South
ORD-100354,CUST-849,2026-07-14 23:53:29.146027,2026-07-16 17:53:29.146027,Sports,9,417.03,0.153,user806@example.com,555-343-9608,North
ORD-102741,CUST-1096,2026-08-16 23:53:29.146027,2026-08-18 14:53:29.146027,Electronics,3,50.13,0.091,user1156@example.com,555-415-3224,
ORD-103882,CUST-254,2026-06-06 23:53:29.146027,2026-06-07 17:53:29.146027,Toys,8,206.32,0.165,user808@example.com,555-798-2926,South
ORD-100314,CUST-880,2026-06-23 23:53:29.146027,2026-06-25 09:53:29.146027,Apparel,1,421.47,0.153,user482@example.com,555-627-6492,East
ORD-103636,CUST-1169,2026-08-14 23:53:29.146027,2026-08-16 02:53:29.146027,Home & Garden,3,478.82,0.092,user808@example.com,555-437-6527,South
ORD-101279,CUST-1100,2026-08-27 23:53:29.146027,2026-08-28 18:53:29.146027,Sports,6,192.97,0.155,user40@example.com,555-759-8443,North
ORD-103053,CUST-676,2026-04-15 23:53:29.146027,2026-04-17 04:53:29.146027,Toys,5,168.75,0.24,user725@example.com,555-298-3085,East
ORD-102813,CUST-921,2026-06-30 23:53:29.146027,2026-07-02 22:53:29.146027,Apparel,9,16.53,0.076,user723@example.com,555-260-9837,South
ORD-101647,CUST-686,2026-06-08 23:53:29.146027,2026-06-09 07:53:29.146027,Sports,-2,144.6,0.267,user114@example.com,555-946-1430,North
ORD-103940,CUST-917,2026-08-12 23:53:29.146027,2026-08-13 06:53:29.146027,Electronics,2,134.93,0.011,user547@example.com,555-721-5878,West
ORD-102199,CUST-148,2026-02-08 23:53:29.146027,2026-02-10 16:53:29.146027,Toys,6,285.29,0.157,user735@example.com,555-496-1731,East
ORD-101596,CUST-1037,2026-05-03 23:53:29.146027,2026-05-05 09:53:29.146027,Apparel,1,253.46,0.21,user1198@example.com,555-796-8929,West
ORD-103502,CUST-927,2026-05-31 23:53:29.146027,2026-06-01 16:53:29.146027,Toys,4,164.03,0.158,user707@example.com,555-924-4952,East
ORD-101469,CUST-33,2026-02-22 23:53:29.146027,2026-02-23 10:53:29.146027,Toys,6,391.18,0.156,user595@example.com,555-853-7589,East
ORD-103897,CUST-891,2026-03-30 23:53:29.146027,2026-04-01 03:53:29.146027,Apparel,6,489.09,0.159,user664@example.com,555-308-7182,North
ORD-101601,CUST-619,2026-10-03 23:53:29.146027,2026-10-05 13:53:29.146027,Electronics,9,389.55,0.076,user1153@example.com,555-750-5409,West
ORD-104712,CUST-175,2026-08-22 23:53:29.146027,2026-08-24 22:53:29.146027,Toys,9,220.29,0.116,user704@example.com,555-846-5647,East
ORD-100399,CUST-1061,2026-06-01 23:53:29.146027,2026-06-03 07:53:29.146027,Electronics,1,210.38,0.214,user247@example.com,555-736-7648,South
ORD-104136,CUST-237,2026-01-12 23:53:29.146027,2026-01-13 08:53:29.146027,Electronics,1,357.93,0.236,user814@example.com,555-196-1492,North
ORD-100458,CUST-92,2026-07-11 23:53:29.146027,2026-07-13 22:53:29.146027,Electronics,1,123.1,0.202,user1123@example.com,555-258-6416,South
ORD-104525,CUST-1123,2026-04-20 23:53:29.146027,2026-04-21 17:53:29.146027,Sports,4,327.5,0.259,user711@example.com,555-810-1289,West
ORD-103223,CUST-244,2026-04-06 23:53:29.146027,2026-04-08 09:53:29.146027,Sports,6,350.81,0.123,user951@example.com,555-622-1690,South
ORD-101971,CUST-337,2026-06-02 23:53:29.146027,2026-06-03 05:53:29.146027,Groceries,9,142.15,0.214,user399@example.com,555-464-1541,South
ORD-104264,CUST-537,2026-09-17 23:53:29.146027,2026-09-18 03:53:29.146027,Sports,7,91.18,0.207,user658@example.com,555-495-5652,North
ORD-104504,CUST-361,2026-03-15 23:53:29.146027,2026-03-16 19:53:29.146027,Home & Garden,1,96.56,0.112,user728@example.com,555-893-6582,North
ORD-103617,CUST-987,2026-09-08 23:53:29.146027,2026-09-09 15:53:29.146027,Groceries,2,396.21,0.035,user698@example.com,555-472-4520,North
ORD-100375,CUST-403,2026-01-12 23:53:29.146027,2026-01-14 03:53:29.146027,Toys,8,378.06,0.035,user438@example.com,555-318-6474,East
ORD-102622,CUST-331,2026-01-10 23:53:29.146027,2026-01-11 17:53:29.146027,Groceries,6,48.76,0.249,user148@example.com,555-943-8592,South
ORD-100883,CUST-119,31/02/2025,2026-03-09 14:53:29.146027,Electronics,3,193.24,0.223,user1043@example.com,555-759-5460,West
ORD-104811,CUST-559,2026-03-02 23:53:29.146027,2026-03-04 07:53:29.146027,Toys,7,77.19,0.08,user638@example.com,555-343-1428,East
ORD-100691,CUST-962,2026-10-02 23:53:29.146027,2026-10-04 07:53:29.146027,Electronics,3,498.71,0.008,user345@example.com,555-325-8257,South
ORD-103598,CUST-345,2026-02-23 23:53:29.146027,2026-02-25 13:53:29.146027,Apparel,2,277.39,0.084,user839@example.com,555-138-4063,North
ORD-100008,CUST-766,2026-01-21 23:53:29.146027,2026-01-23 12:53:29.146027,Home & Garden,5,97.85,0.124,user352@example.com,555-536-7648,North
ORD-103601,CUST-289,2026-06-15 23:53:29.146027,2026-06-16 21:53:29.146027,Home & Garden,4,305.76,0.068,user319@example.com,555-763-9449,West
ORD-104916,CUST-124,2026-03-18 23:53:29.146027,2026-03-20 15:53:29.146027,Sports,9,388.69,0.276,user636@example.com,555-280-5821,North
ORD-100898,CUST-802,2026-05-01 23:53:29.146027,2026-05-03 19:53:29.146027,Apparel,2,312.21,0.042,user714@example.com,555-317-9887,South
ORD-100317,CUST-399,2026-03-02 23:53:29.146027,2026-03-03 23:53:29.146027,Groceries,7,208.15,0.168,user1176@example.com,555-814-6572,East
ORD-103086,CUST-602,2026-07-14 23:53:29.146027,2026-07-15 03:53:29.146027,Groceries,4,176.57,0.139,user503@example.com,555-299-8530,South
ORD-103950,CUST-556,2026-08-08 23:53:29.146027,2026-08-10 08:53:29.146027,Groceries,9,266.89,0.105,user726@example.com,555-208-4448,East
ORD-103187,CUST-803,2026-03-10 23:53:29.146027,2026-03-11 04:53:29.146027,Electronics,2,180.73,0.298,user5@example.com,555-788-1611,South
ORD-103629,CUST-782,2026-04-11 23:53:29.146027,2026-04-12 05:53:29.146027,Home & Garden,8,35.87,0.285,user45@example.com,555-457-1749,West
ORD-100508,CUST-86,2026-03-04 23:53:29.146027,2026-03-05 22:53:29.146027,Home & Garden,1,185.14,0.037,user724@example.com,555-768-3188,North
ORD-104958,CUST-443,2026-02-01 23:53:29.146027,2026-02-03 03:53:29.146027,Electronics,4,143.44,0.116,user825@example.com,555-500-8569,West
ORD-104362,CUST-886,2026-01-16 23:53:29.146027,2026-01-18 20:53:29.146027,Toys,6,141.86,0.145,user941@example.com,555-806-6228,West
ORD-104137,CUST-514,2026-06-19 23:53:29.146027,2026-06-21 15:53:29.146027,sports,8,393.88,0.229,user585@example.com,555-750-5293,North
ORD-100546,CUST-829,2026-02-24 23:53:29.146027,2026-02-26 20:53:29.146027,Sports,3,244.25,0.097,user946@example.com,555-347-7344,South
ORD-103262,CUST-645,2026-07-24 23:53:29.146027,2026-07-26 12:53:29.146027,Sports,3,25.88,0.157,user728@example.com,555-589-7309,North
ORD-104328,CUST-534,2026-02-06 23:53:29.146027,2026-02-08 17:53:29.146027,Sports,6,266.28,0.292,user145@example.com,555-544-7965,North
ORD-103158,CUST-292,2026-06-25 23:53:29.146027,2026-06-26 15:53:29.146027,Sports,3,189.53,0.208,user753@example.com,555-560-7815,North
ORD-103712,CUST-1170,2026-06-19 23:53:29.146027,2026-06-20 07:53:29.146027,Apparel,3,332.95,0.287,user1124@example.com,555-972-2675,North
ORD-102346,CUST-998,2026-05-10 23:53:29.146027,2026-05-11 00:53:29.146027,Electronics,1,63.76,0.281,user1031@example.com,555-992-3578,South
ORD-102658,CUST-1172,2026-04-16 23:53:29.146027,2026-04-17 15:53:29.146027,Sports,4,272.61,0.023,user1101@example.com,555-459-8603,South
ORD-104830,CUST-831,2026-01-30 23:53:29.146027,2026-01-31 09:53:29.146027,Toys,1,485.39,0.158,user1008@example.com,555-910-4227,East
ORD-101940,CUST-1038,2026-09-13 23:53:29.146027,2026-09-14 11:53:29.146027,Sports,-2,258.42,0.075,user53@example.com,555-249-1254,West
ORD-104417,CUST-1001,2026-06-18 23:53:29.146027,2026-06-19 15:53:29.146027,Sports,1,478.22,0.229,user196@example.com,555-475-1964,South
ORD-102791,CUST-492,2026-02-26 23:53:29.146027,2026-02-27 08:53:29.146027,Electronics,2,45.94,0.3,,555-887-1988,
ORD-101550,CUST-856,2026-05-07 23:53:29.146027,2026-05-08 21:53:29.146027,Apparel,1,447.74,0.292,user991@example.com,555-559-7072,South
ORD-104799,CUST-7,2026-08-21 23:53:29.146027,2026-08-22 02:53:29.146027,Home & Garden,3,492.72,0.107,user346@example.com,555-168-8730,North
ORD-103815,CUST-675,2026-07-26 23:53:29.146027,2026-07-28 00:53:29.146027, Home & Garden ,3,476.54,0.146,user129@example.com,555-555-2962,South
ORD-100125,CUST-510,2026-07-08 23:53:29.146027,2026-07-10 14:53:29.146027,Electronics,7,342.37,0.072,user857@example.com,555-669-9892,North
ORD-101893,CUST-262,2026-04-27 23:53:29.146027,2026-04-28 01:53:29.146027,Groceries,6,380.01,0.278,user465@example.com,555-105-8525,North
ORD-102930,CUST-357,2026-09-02 23:53:29.146027,2026-09-04 10:53:29.146027,Apparel,4,346.42,0.034,user2@example.com,555-978-9034,West
ORD-103920,CUST-406,2026-05-01 23:53:29.146027,2026-05-02 17:53:29.146027,Groceries,5,375.13,0.179,user570@example.com,555-653-4254,East
ORD-104082,CUST-11,2026-09-30 23:53:29.146027,2026-10-02 21:53:29.146027,Home & Garden,3,175.39,0.101,user756@example.com,555-875-2307,West
ORD-102544,CUST-758,2026-05-19 23:53:29.146027,2026-05-20 08:53:29.146027,Electronics,8,216.77,0.29,user1060@example.com,555-526-4127,West
ORD-101599,CUST-753,2026-07-09 23:53:29.146027,2026-07-10 13:53:29.146027,Toys,5,486.53,0.255,,555-373-2994,East
ORD-103620,CUST-385,2026-08-19 23:53:29.146027,2026-08-20 16:53:29.146027,Groceries,6,270.94,0.002,user885@example.com,555-932-3136,North
ORD-103423,CUST-984,2026-05-16 23:53:29.146027,2026-05-18 08:53:29.146027,Sports,6,208.68,0.148,user320@example.com,555-789-3859,East
ORD-104757,CUST-238,2026-08-27 23:53:29.146027,2026-08-28 13:53:29.146027,Toys,3,367.04,0.217,user386@example.com,555-111-7118,North
ORD-102425,CUST-836,2026-07-15 23:53:29.146027,2026-07-17 05:53:29.146027,Apparel,5,236.11,0.155,user499@example.com,555-950-7651,East
ORD-101793,CUST-109,2026-07-08 23:53:29.146027,2026-07-09 03:53:29.146027,Home & Garden,6,361.27,0.3,user1145@example.com,555-716-2335,West
ORD-101723,CUST-293,2026-06-18 23:53:29.146027,2026-06-20 18:53:29.146027,Groceries,2,257.1,0.207,user401@example.com,555-737-6806,South
ORD-101157,CUST-894,2026-08-03 23:53:29.146027,2026-08-05 15:53:29.146027,Home & Garden,8,37.84,0.167,user343@example.com,555-756-8822,South
ORD-104306,CUST-396,2026-01-12 23:53:29.146027,2026-01-13 02:53:29.146027,groceries,2,438.5,0.272,user177@example.com,555-288-6889,East
ORD-104214,CUST-478,2026-07-26 23:53:29.146027,2026-07-27 19:53:29.146027,Sports,3,410.55,0.235,user405@example.com,555-909-5175,East
ORD-103836,CUST-253,2026-08-30 23:53:29.146027,2026-08-31 00:53:29.146027,Toys,4,80.67,0.083,user178@example.com,555-675-1512,North
ORD-102004,CUST-8,2026-01-24 23:53:29.146027,2026-01-26 09:53:29.146027,Electronics,4,491.07,0.044,user930@example.com,555-784-1638,West
ORD-101158,CUST-545,2026-09-19 23:53:29.146027,2026-09-21 11:53:29.146027,Electronics,-6,91.28,0.269,user83@example.com,555-674-3642,South
ORD-100633,CUST-1155,2026-09-12 23:53:29.146027,2026-09-13 20:53:29.146027,Apparel,3,489.72,0.183,user756@example.com,555-228-6854,South
ORD-101416,CUST-1190,31/02/2025,2026-02-26 22:53:29.146027,Sports,9,201.63,0.258,user1089@example.com,555-397-1662,West
ORD-104986,CUST-689,2026-05-27 23:53:29.146027,2026-05-28 21:53:29.146027,Electronics,7,480.77,0.204,user931@example.com,555-175-2511,East
ORD-102735,CUST-1004,2026-06-12 23:53:29.146027,2026-06-13 08:53:29.146027,Electronics,8,170.7,0.113,user1031@example.com,555-440-3028,West
ORD-100507,CUST-84,2026-03-14 23:53:29.146027,2026-03-15 13:53:29.146027,Groceries,9,147.92,0.144,user90@example.com,555-894-8667,South
ORD-102185,CUST-794,2026-08-17 23:53:29.146027,2026-08-19 13:53:29.146027,Apparel,4,299.51,0.267,user663@example.com,555-592-4294,East
ORD-100244,CUST-201,2026-05-18 23:53:29.146027,2026-05-20 00:53:29.146027,Apparel,6,473.89,0.105,user296@example.com,555-634-3880,South
ORD-101168,CUST-55,2026-04-06 23:53:29.146027,2026-04-08 05:53:29.146027,Toys,6,489.95,0.253,user178@example.com,555-471-8615,East
ORD-101415,CUST-568,2026-05-19 23:53:29.146027,2026-05-21 13:53:29.146027,Home & Garden,4,276.94,0.108,user1161@example.com,555-401-8474,West
ORD-104051,CUST-798,2026-04-13 23:53:29.146027,2026-04-14 10:53:29.146027,Apparel,8,470.25,0.164,user406@example.com,555-320-3288,South
ORD-104608,CUST-177,2026-01-07 23:53:29.146027,2026-01-08 19:53:29.146027,Apparel,5,424.7,0.068,user1079@example.com,555-817-5704,East
ORD-103510,CUST-118,2026-02-28 23:53:29.146027,2026-03-02 02:53:29.146027,Toys,6,72.84,0.174,user487@example.com,555-408-4134,East
ORD-103411,CUST-518,2026-07-23 23:53:29.146027,2026-07-24 00:53:29.146027,Apparel,5,82.92,0.108,user903@example.com,555-604-9218,North
ORD-100300,CUST-537,2026-07-27 23:53:29.146027,2026-07-28 07:53:29.146027,Sports,5,56.93,0.288,user308@example.com,555-832-7067,West
ORD-104292,CUST-1117,2026-02-23 23:53:29.146027,2026-02-24 21:53:29.146027,Electronics,6,122.48,0.149,user970@example.com,555-631-3052,East
ORD-103639,CUST-202,2026-03-28 23:53:29.146027,2026-03-29 08:53:29.146027,Toys,8,74.75,0.113,user1089@example.com,555-718-9027,
ORD-101703,CUST-125,2026-03-02 23:53:29.146027,2026-03-04 20:53:29.146027,Electronics,4,315.69,0.013,user496@example.com,555-412-1757,North
ORD-104810,CUST-1071,2026-07-13 23:53:29.146027,2026-07-15 11:53:29.146027,Toys,2,161.89,0.175,user177@example.com,555-815-7816,South
ORD-102779,CUST-780,2026-05-06 23:53:29.146027,2026-05-07 14:53:29.146027,ELECTRONICS,6,257.46,0.034,user992@example.com,555-682-9356,South
ORD-103939,CUST-347,2026-07-13 23:53:29.146027,2026-07-15 14:53:29.146027,Groceries,1,301.84,0.188,user1129@example.com,555-627-2281,South
ORD-102909,CUST-628,2026-04-11 23:53:29.146027,2026-04-12 17:53:29.146027,Toys,2,352.88,0.284,user426@example.com,555-209-9964,South
ORD-104260,CUST-661,2026-07-30 23:53:29.146027,2026-08-01 00:53:29.146027,Toys,8,204.34,0.296,user36@example.com,555-752-4669,West
ORD-104455,CUST-1065,2026-06-02 23:53:29.146027,2026-06-03 14:53:29.146027,Home & Garden,7,166.04,0.005,user1128@example.com,555-675-5873,North
ORD-100862,CUST-968,2026-09-22 23:53:29.146027,2026-09-24 19:53:29.146027,Sports,5,122.58,0.186,user370@example.com,555-480-9355,East
ORD-103224,CUST-853,2026-07-23 23:53:29.146027,2026-07-25 16:53:29.146027,Groceries,8,117.44,0.124,user225@example.com,555-858-3098,North
ORD-104035,CUST-486,2026-09-14 23:53:29.146027,2026-09-16 06:53:29.146027,Electronics,7,366.58,0.215,user269@example.com,555-316-8118,South
ORD-101140,CUST-1025,2026-05-14 23:53:29.146027,2026-05-16 19:53:29.146027,Home & Garden,9,305.01,0.045,user985@example.com,555-194-2057,South
ORD-103783,CUST-184,2026-05-01 23:53:29.146027,2026-05-03 12:53:29.146027,Groceries,8,142.44,0.153,user1103@example.com,555-673-4704,South
ORD-102022,CUST-725,2026-07-22 23:53:29.146027,2026-07-23 07:53:29.146027,Groceries,7,478.97,0.06,user43@example.com,555-436-6663,North
ORD-104446,CUST-1064,2026-04-23 23:53:29.146027,2026-04-24 13:53:29.146027,Toys,4,205.62,0.077,user76@example.com,555-535-7199,North
ORD-102179,CUST-928,2026-04-16 23:53:29.146027,2026-04-17 08:53:29.146027,Toys,5,74.29,0.083,user780@example.com,555-685-1080,East
ORD-102925,CUST-733,2026-02-19 23:53:29.146027,2026-02-20 11:53:29.146027,Toys,1,300.59,0.119,user1166@example.com,555-329-7808,East
ORD-104652,CUST-1186,2026-09-28 23:53:29.146027,2026-09-30 01:53:29.146027,Apparel,3,30.83,0.294,user132@example.com,555-578-8568,West
ORD-104024,CUST-1180,2026-05-11 23:53:29.146027,2026-05-12 01:53:29.146027,Apparel,6,26.81,0.082,user580@example.com,555-818-7419,South
ORD-104180,CUST-1174,2026-02-15 23:53:29.146027,2026-02-16 07:53:29.146027,Sports,-7,428.47,0.224,user748@example.com,555-436-5279,South
ORD-102992,CUST-793,2026-05-31 23:53:29.146027,2026-06-01 02:53:29.146027,Groceries,5,133.31,0.2,user1047@example.com,555-512-5219,West
ORD-104698,CUST-180,2026-07-30 23:53:29.146027,2026-08-01 17:53:29.146027,Toys,1,68.04,0.075,user960@example.com,555-535-4079,West
ORD-102661,CUST-729,2026-07-14 23:53:29.146027,2026-07-16 14:53:29.146027,Apparel,2,455.8,0.018,user778@example.com,555-944-6559,South
ORD-100396,CUST-1161,2026-06-09 23:53:29.146027,2026-06-11 22:53:29.146027,Home & Garden,8,310.69,0.054,user702@example.com,555-743-2723,West
ORD-100928,CUST-241,2026-02-18 23:53:29.146027,2026-02-20 11:53:29.146027,Sports,1,83.93,0.26,user436@example.com,555-210-5722,East
ORD-102714,CUST-675,2026-03-14 23:53:29.146027,2026-03-16 13:53:29.146027,Home & Garden,5,456.51,0.244,user1199@example.com,555-633-2014,South
ORD-101814,CUST-303,2026-02-09 23:53:29.146027,2026-02-11 16:53:29.146027,Toys,5,185.13,0.115,user1059@example.com,555-859-2844,East
ORD-100281,CUST-948,2026-07-26 23:53:29.146027,2026-07-27 22:53:29.146027,Apparel,3,355.88,0.262,user63@example.com,555-666-5746,
ORD-103870,CUST-192,2026-06-16 23:53:29.146027,2026-06-17 09:53:29.146027,HOME & GARDEN,1,135.33,0.147,user75@example.com,555-394-4878,West
ORD-104825,CUST-630,2026-08-30 23:53:29.146027,2026-08-30 23:53:29.146027,Apparel,6,76.22,0.291,user679@example.com,555-298-8259,South
ORD-101849,CUST-468,2026-05-06 23:53:29.146027,2026-05-06 23:53:29.146027,Sports,1,360.92,0.179,user690@example.com,555-333-4206,North
ORD-100736,CUST-1047,2026-02-25 23:53:29.146027,2026-02-26 00:53:29.146027,Toys,2,167.65,0.293,,555-282-9488,South
ORD-104519,CUST-1018,2026-02-27 23:53:29.146027,2026-03-01 09:53:29.146027,Toys,5,301.16,0.251,user778@example.com,555-206-9942,West
ORD-101578,CUST-183,2026-08-16 23:53:29.146027,2026-08-17 18:53:29.146027,Home & Garden,6,331.25,0.033,user1063@example.com,555-305-8644,East
ORD-100339,CUST-239,2026-09-23 23:53:29.146027,2026-09-24 06:53:29.146027,Apparel,-6,166.87,0.119,user499@example.com,555-997-9288,
ORD-102835,CUST-298,2026-04-05 23:53:29.146027,2026-04-07 02:53:29.146027,Sports,7,311.99,0.139,user119@example.com,555-428-1381,West
ORD-100461,CUST-10,2026-04-05 23:53:29.146027,2026-04-06 01:53:29.146027,Electronics,1,106.01,0.018,user24@example.com,555-698-9318,West
ORD-100897,CUST-668,2026-06-05 23:53:29.146027,2026-06-06 01:53:29.146027,Groceries,1,299.63,0.115,user426@example.com,555-977-8819,North
ORD-101749,CUST-1068,2026-05-04 23:53:29.146027,2026-05-05 16:53:29.146027,Electronics,6,457.23,0.289,user631@example.com,555-939-4233,West
ORD-104094,CUST-109,2026-09-28 23:53:29.146027,2026-09-29 19:53:29.146027,Groceries,6,73.3,0.231,user515@example.com,555-571-3591,West
ORD-100178,CUST-64,2026-03-05 23:53:29.146027,2026-03-07 11:53:29.146027,Electronics,3,58.11,0.293,user16@example.com,555-398-8769,
ORD-103642,CUST-1107,2026-01-19 23:53:29.146027,2026-01-21 16:53:29.146027,Home & Garden,3,7.75,0.186,user404@example.com,555-957-3412,South
ORD-102114,CUST-703,2026-07-24 23:53:29.146027,2026-07-25 21:53:29.146027,TOYS,8,320.9,0.253,,555-175-6871,West
ORD-104286,CUST-828,2026-01-22 23:53:29.146027,2026-01-24 22:53:29.146027,Home & Garden,9,162.25,0.071,user653@example.com,555-937-3625,North
ORD-101067,CUST-976,2026-08-03 23:53:29.146027,2026-08-04 06:53:29.146027,Groceries,6,56.98,0.028,user709@example.com,555-136-4001,North
ORD-100802,CUST-445,2026-08-22 23:53:29.146027,2026-08-24 15:53:29.146027,Apparel,N/A,193.0,0.087,user966@example.com,555-988-6978,South
ORD-100819,CUST-163,2026-08-11 23:53:29.146027,2026-08-12 19:53:29.146027,Home & Garden,2,67.8,0.123,user377@example.com,555-728-2697,West
ORD-103237,CUST-666,2026-05-10 23:53:29.146027,2026-05-11 13:53:29.146027,Toys,5,453.9,0.251,user577@example.com,555-105-9158,East
ORD-102311,CUST-375,2026-04-27 23:53:29.146027,2026-04-28 11:53:29.146027,Home & Garden,3,187.99,0.211,user573@example.com,555-700-2483,East
ORD-100206,CUST-1132,2026-01-28 23:53:29.146027,2026-01-30 11:53:29.146027,Apparel,7,291.25,0.004,user284@example.com,555-112-2726,East
ORD-101051,CUST-898,2026-06-26 23:53:29.146027,2026-06-27 19:53:29.146027,Apparel,4,470.82,0.248,user949@example.com,555-975-8782,North
ORD-100451,CUST-1176,2026-02-01 23:53:29.146027,2026-02-03 09:53:29.146027,Home & Garden,2,155.09,0.046,user454@example.com,555-504-1748,West
ORD-101341,CUST-1149,2026-05-23 23:53:29.146027,2026-05-25 15:53:29.146027,Electronics,N/A,252.47,0.219,user1001@example.com,555-463-5346,East
ORD-104092,CUST-879,2026-02-09 23:53:29.146027,2026-02-11 19:53:29.146027,Home & Garden,6,367.7,0.098,user443@example.com,555-142-8698,South
ORD-100939,CUST-801,2026-07-18 23:53:29.146027,2026-07-19 01:53:29.146027,Groceries,8,400.36,0.163,user637@example.com,555-997-4408,East
ORD-100069,CUST-677,2026-07-12 23:53:29.146027,2026-07-14 17:53:29.146027,Home & Garden,6,120.45,0.252,user52@example.com,555-728-9488,North
ORD-102160,CUST-926,2026-09-10 23:53:29.146027,2026-09-12 17:53:29.146027,Home & Garden,4,62.07,0.015,user425@example.com,555-925-4416,West
ORD-103046,CUST-25,2026-08-23 23:53:29.146027,2026-08-24 10:53:29.146027,Apparel,9,210.68,0.004,user292@example.com,555-578-1941,North
ORD-103643,CUST-938,2026-02-06 23:53:29.146027,2026-02-07 09:53:29.146027,Sports,6,242.15,0.288,user540@example.com,555-516-1390,South
ORD-102892,CUST-85,2026-04-22 23:53:29.146027,2026-04-23 12:53:29.146027,Apparel,3,28.18,0.203,user274@example.com,555-282-9942,North
ORD-101271,CUST-577,2026-06-20 23:53:29.146027,2026-06-22 10:53:29.146027,Home & Garden,7,181.95,0.238,user875@example.com,555-499-7193,North
ORD-101325,CUST-663,2026-02-22 23:53:29.146027,2026-02-23 10:53:29.146027,Apparel,3,67.67,0.055,user871@example.com,555-887-1848,East
ORD-104130,CUST-873,2026-03-08 23:53:29.146027,2026-03-09 01:53:29.146027,Apparel,8,365.64,0.199,user125@example.com,555-371-8787,North
ORD-100571,CUST-123,2026-02-27 23:53:29.146027,2026-03-01 06:53:29.146027,Toys,1,97.4,0.145,user500@example.com,555-303-5295,West
ORD-100118,CUST-400,2026-04-22 23:53:29.146027,2026-04-24 07:53:29.146027,Sports,1,270.79,0.05,user1183@example.com,555-174-5386,East
ORD-103589,CUST-906,2026-03-27 23:53:29.146027,2026-03-28 20:53:29.146027,Home & Garden,9,115.03,0.299,user182@example.com,555-375-3173,North
ORD-103678,CUST-1101,2026-03-04 23:53:29.146027,2026-03-06 02:53:29.146027,Toys,9,94.96,0.08,user1@example.com,555-930-8346,East
ORD-104398,CUST-391,2026-07-26 23:53:29.146027,2026-07-27 15:53:29.146027,Apparel,9,342.88,0.282,user161@example.com,555-129-5624,South
ORD-104890,CUST-1165,2026-02-05 23:53:29.146027,2026-02-07 16:53:29.146027,Home & Garden,2,345.0,0.151,user638@example.com,555-165-8643,West
ORD-100858,CUST-744,2026-06-01 23:53:29.146027,2026-06-03 00:53:29.146027,Electronics,8,394.82,0.288,user864@example.com,555-471-6888,West
ORD-102061,CUST-770,2026-05-23 23:53:29.146027,2026-05-24 00:53:29.146027,Home & Garden,1,308.91,0.197,user396@example.com,555-522-9506,East
ORD-102378,CUST-277,2026-08-09 23:53:29.146027,2026-08-10 17:53:29.146027,Home & Garden,1,376.33,0.183,user751@example.com,555-665-7017,East
ORD-101841,CUST-958,2026-04-25 23:53:29.146027,2026-04-27 05:53:29.146027,Apparel,3,311.11,0.194,user81@example.com,555-681-6126,East
ORD-100296,CUST-1174,2026-02-19 23:53:29.146027,2026-02-21 11:53:29.146027,Toys,4,395.11,0.299,user419@example.com,555-544-3344,North
ORD-103215,CUST-344,2026-04-26 23:53:29.146027,2026-04-27 01:53:29.146027,Apparel,8,208.72,0.175,user1100@example.com,555-754-1600,East
ORD-100276,CUST-822,2026-09-20 23:53:29.146027,2026-09-21 21:53:29.146027,Home & Garden,5,188.43,0.185,user684@example.com,555-506-2986,South
ORD-101358,CUST-926,2026-09-20 23:53:29.146027,2026-09-21 17:53:29.146027,Apparel,7,128.81,0.034,user308@example.com,555-783-3314,North
ORD-102001,CUST-401,2026-08-29 23:53:29.146027,2026-08-30 18:53:29.146027,Electronics,8,488.07,0.173,user526@example.com,555-779-9713,East
ORD-103903,CUST-628,2026-02-15 23:53:29.146027,2026-02-17 05:53:29.146027,Sports,4,372.33,0.145,user261@example.com,555-754-3102,East
ORD-101000,CUST-597,2026-10-02 23:53:29.146027,2026-10-04 04:53:29.146027,Electronics,3,337.86,0.073,,555-639-5527,North
ORD-101997,CUST-849,2026-09-25 23:53:29.146027,2026-09-27 16:53:29.146027,Toys,4,364.32,0.28,user494@example.com,555-852-4900,South
ORD-104371,CUST-754,2026-02-17 23:53:29.146027,2026-02-19 11:53:29.146027,Apparel,5,207.37,0.04,user981@example.com,555-165-9156,North
ORD-104090,CUST-74,2026-03-17 23:53:29.146027,2026-03-18 14:53:29.146027,Groceries,9,290.99,0.168,user704@example.com,555-261-5805,West
ORD-102452,CUST-467,2026-08-22 23:53:29.146027,2026-08-23 17:53:29.146027,Home & Garden,7,393.48,0.197,user879@example.com,555-783-4075,North
ORD-101212,CUST-783,2026-03-21 23:53:29.146027,2026-03-22 13:53:29.146027,Apparel,8,339.77,0.135,user675@example.com,555-168-1143,North
ORD-104896,CUST-421,2026-06-20 23:53:29.146027,2026-06-21 18:53:29.146027,Apparel,3,245.65,0.008,user728@example.com,555-830-6464,North
ORD-100193,CUST-466,2026-01-13 23:53:29.146027,2026-01-14 18:53:29.146027,Home & Garden,1,264.94,0.258,user238@example.com,555-735-1205,East
ORD-102163,CUST-953,2026-01-15 23:53:29.146027,2026-01-16 02:53:29.146027,Toys,5,284.5,0.013,user139@example.com,555-851-2016,South
ORD-101854,CUST-658,2026-07-14 23:53:29.146027,2026-07-15 00:53:29.146027,Toys,9,304.82,0.23,user641@example.com,555-386-7445,East
ORD-100495,CUST-898,2026-07-04 23:53:29.146027,2026-07-05 03:53:29.146027,Groceries,4,493.2,0.284,user775@example.com,555-646-2472,North
ORD-103273,CUST-77,2026-06-29 23:53:29.146027,2026-07-01 08:53:29.146027,Electronics,7,157.76,0.219,user893@example.com,555-261-7641,West
ORD-103552,CUST-775,2026-07-23 23:53:29.146027,2026-07-25 14:53:29.146027,Groceries,8,323.78,0.012,user1195@example.com,555-334-7140,West
ORD-104071,CUST-154,2026-05-24 23:53:29.146027,2026-05-26 15:53:29.146027,Home & Garden,2,271.34,0.128,user585@example.com,555-936-6127,East
ORD-103174,CUST-468,2026-04-25 23:53:29.146027,2026-04-27 07:53:29.146027,Groceries,1,263.55,0.297,user430@example.com,555-321-9438,South
ORD-101787,CUST-980,2026-04-06 23:53:29.146027,2026-04-07 17:53:29.146027,Electronics,9,84.96,0.081,user818@example.com,555-901-4437,South
ORD-101740,CUST-102,2026-08-22 23:53:29.146027,2026-08-22 23:53:29.146027,Electronics,8,284.35,0.147,user1184@example.com,555-822-3103,North
ORD-101169,CUST-12,2026-01-15 23:53:29.146027,2026-01-16 19:53:29.146027,Toys,7,366.55,0.023,user1079@example.com,555-222-3557,West
ORD-101255,CUST-882,2026-02-07 23:53:29.146027,2026-02-08 23:53:29.146027,Home & Garden,8,148.61,0.131,user981@example.com,555-918-9136,South
ORD-104361,CUST-1035,2026-04-15 23:53:29.146027,2026-04-17 09:53:29.146027,Sports,3,124.83,0.221,user111@example.com,555-530-8576,West
ORD-102794,CUST-168,2026-07-08 23:53:29.146027,2026-07-09 00:53:29.146027,Electronics,5,57.4,0.237,user97@example.com,555-772-1392,West
ORD-102858,CUST-128,2026-01-10 23:53:29.146027,2026-01-12 16:53:29.146027,Home & Garden,8,406.46,0.048,user530@example.com,555-295-2660,North
ORD-101308,CUST-215,2026-08-27 23:53:29.146027,2026-08-28 21:53:29.146027,Apparel,5,477.04,0.22,user781@example.com,555-290-9603,West
ORD-102254,CUST-659,2026-05-09 23:53:29.146027,2026-05-11 20:53:29.146027,Apparel,9,315.05,0.058,user376@example.com,555-230-1217,East
ORD-103249,CUST-974,2026-07-20 23:53:29.146027,2026-07-22 00:53:29.146027,Sports,1,169.83,0.196,user468@example.com,555-371-1390,South
ORD-102790,CUST-1137,2026-04-15 23:53:29.146027,2026-04-17 00:53:29.146027,Apparel,7,134.26,0.038,,555-856-6535,West
ORD-103164,CUST-116,2026-01-19 23:53:29.146027,2026-01-21 15:53:29.146027,Groceries,7,275.05,0.23,user51@example.com,555-126-7853,West
ORD-102621,CUST-2,2026-04-03 23:53:29.146027,2026-04-04 21:53:29.146027,Groceries,7,249.41,0.267,user9@example.com,555-606-8793,East
ORD-100135,CUST-1032,2026-02-02 23:53:29.146027,2026-02-04 04:53:29.146027,Groceries,1,487.81,0.252,user138@example.com,555-839-2022,South
ORD-100977,CUST-242,2026-09-19 23:53:29.146027,2026-09-20 16:53:29.146027,Sports,3,34.21,0.121,user489@example.com,555-219-2669,West
ORD-102803,CUST-717,2026-03-11 23:53:29.146027,2026-03-13 13:53:29.146027,Toys,2,72.01,0.075,user668@example.com,555-492-4756,East
ORD-102090,CUST-762,2026-02-03 23:53:29.146027,2026-02-05 01:53:29.146027,Sports,3,225.12,0.043,user1010@example.com,555-684-6614,South
ORD-102623,CUST-929,2026-07-03 23:53:29.146027,2026-07-04 04:53:29.146027,Apparel,3,426.86,0.049,user286@example.com,555-582-1176,West
ORD-102218,CUST-1129,2026-06-14 23:53:29.146027,2026-06-15 11:53:29.146027,Apparel,3,29.96,0.204,user567@example.com,555-144-7631,East
ORD-101812,CUST-460,2026-03-03 23:53:29.146027,2026-03-05 17:53:29.146027,Groceries,6,192.78,0.137,user1065@example.com,555-464-4468,East
ORD-103843,CUST-683,2026-07-28 23:53:29.146027,2026-07-29 22:53:29.146027,Groceries,9,359.63,0.285,user1014@example.com,555-461-9647,North
ORD-102644,CUST-770,2026-03-14 23:53:29.146027,2026-03-16 06:53:29.146027,home & garden,2,56.89,0.28,user464@example.com,555-542-7433,East
ORD-103794,CUST-1024,2026-07-09 23:53:29.146027,2026-07-11 17:53:29.146027,Sports,3,207.31,0.071,user842@example.com,555-970-3625,West
ORD-102903,CUST-541,2026-03-01 23:53:29.146027,2026-03-03 05:53:29.146027,Electronics,3,373.79,0.256,user777@example.com,555-669-8662,West
ORD-104086,CUST-166,2026-09-04 23:53:29.146027,2026-09-06 11:53:29.146027,Sports,1,0.0,0.11,user1183@example.com,555-112-3776,East
ORD-104266,CUST-997,2026-02-18 23:53:29.146027,2026-02-19 13:53:29.146027,Apparel,6,418.0,0.021,user167@example.com,555-963-4779,West
ORD-102296,CUST-736,2026-06-02 23:53:29.146027,2026-06-04 22:53:29.146027,Home & Garden,6,372.25,0.254,user604@example.com,555-497-4641,North
ORD-100754,CUST-895,2026-07-24 23:53:29.146027,2026-07-26 14:53:29.146027,Electronics,8,27.5,0.243,user176@example.com,555-678-4412,North
ORD-102169,CUST-427,2026-01-26 23:53:29.146027,2026-01-28 04:53:29.146027,Apparel,2,81.06,0.075,user495@example.com,555-968-2379,West
ORD-101847,CUST-517,2026-01-09 23:53:29.146027,2026-01-11 13:53:29.146027,Electronics,2,421.59,0.04,user411@example.com,555-341-6822,North
ORD-102117,CUST-1137,2026-06-08 23:53:29.146027,2026-06-10 14:53:29.146027,Electronics,7,90.44,0.294,user444@example.com,555-995-1595,West
ORD-100836,CUST-923,2026-05-09 23:53:29.146027,2026-05-10 03:53:29.146027,Electronics,-6,444.79,0.066,user246@example.com,555-980-9872,North
ORD-101770,CUST-569,2026-08-21 23:53:29.146027,2026-08-22 00:53:29.146027,Sports,4,247.34,0.007,user1012@example.com,555-226-7579,South
ORD-102534,CUST-817,2026-02-07 23:53:29.146027,2026-02-08 20:53:29.146027,Toys,8,153.37,0.064,user347@example.com,555-321-8938,West
ORD-103895,CUST-149,2026-08-01 23:53:29.146027,2026-08-03 19:53:29.146027,Toys,9,385.76,0.143,user601@example.com,555-296-1175,North
ORD-100971,CUST-351,2026-05-07 23:53:29.146027,2026-05-08 11:53:29.146027,Toys,7,351.77,0.265,user204@example.com,555-339-8323,West
ORD-101379,CUST-1153,2026-09-25 23:53:29.146027,2026-09-26 05:53:29.146027,Sports,7,46.82,0.017,user268@example.com,555-579-2578,South
ORD-100545,CUST-792,2026-05-04 23:53:29.146027,2026-05-05 22:53:29.146027,Home & Garden,1,445.17,0.132,user507@example.com,555-105-6772,West
ORD-100515,CUST-296,2026-07-29 23:53:29.146027,2026-07-29 23:53:29.146027,Sports,9,186.98,0.126,user203@example.com,555-934-9733,South
ORD-100361,CUST-112,2026-09-10 23:53:29.146027,2026-09-11 08:53:29.146027,Sports,1,328.88,0.107,user586@example.com,555-450-1912,North
ORD-103155,CUST-250,2026-05-12 23:53:29.146027,2026-05-13 23:53:29.146027,Apparel,1,255.15,0.11,user120@example.com,555-558-1593,North
ORD-102968,CUST-603,2026-05-21 23:53:29.146027,2026-05-22 04:53:29.146027,Home & Garden,7,452.19,0.167,user935@example.com,555-801-1930,West
ORD-103215,CUST-344,2026-04-26 23:53:29.146027,2026-04-27 01:53:29.146027,Apparel,8,208.72,0.175,user1100@example.com,555-754-1600,East
ORD-102432,CUST-517,2026-06-23 23:53:29.146027,2026-06-25 18:53:29.146027,Home & Garden,3,385.62,0.2,user611@example.com,555-356-9602,South
ORD-102373,CUST-737,2026-02-19 23:53:29.146027,2026-02-20 18:53:29.146027,Home & Garden,8,391.81,0.208,user972@example.com,555-125-6544,
ORD-101285,CUST-1104,2026-06-27 23:53:29.146027,2026-06-29 05:53:29.146027,Electronics,3,226.83,0.019,user282@example.com,555-105-8528,West
ORD-104690,CUST-1092,2026-03-05 23:53:29.146027,2026-03-07 08:53:29.146027,Toys,3,21.89,0.157,,555-742-2717,South
ORD-104612,CUST-232,2026-04-08 23:53:29.146027,2026-04-09 02:53:29.146027,Home & Garden,5,340.81,0.161,user1024@example.com,555-942-4367,South
ORD-102685,CUST-378,2026-05-11 23:53:29.146027,2026-05-13 09:53:29.146027,Home & Garden,6,183.72,0.255,user556@example.com,555-451-7816,East
ORD-103571,CUST-63,2026-04-09 23:53:29.146027,2026-04-10 13:53:29.146027,Toys,6,381.1,0.29,user425@example.com,555-178-4245,East
ORD-102124,CUST-510,2026-08-13 23:53:29.146027,2026-08-15 02:53:29.146027,Groceries,7,254.51,0.231,user575@example.com,555-947-5345,East
ORD-100268,CUST-446,2026-01-31 23:53:29.146027,2026-02-01 18:53:29.146027,Toys,2,221.58,0.188,user38@example.com,555-791-6564,South
ORD-101883,CUST-865,2026-05-04 23:53:29.146027,2026-05-05 11:53:29.146027,Toys,9,320.01,0.133,user894@example.com,555-262-9039,West
ORD-100214,CUST-930,2026-03-23 23:53:29.146027,2026-03-25 09:53:29.146027,Electronics,6,65.21,0.242,user1033@example.com,555-284-9825,North
ORD-100017,CUST-677,2026-08-10 23:53:29.146027,2026-08-10 23:53:29.146027,Apparel,7,279.07,0.027,user191@example.com,555-463-9486,East
ORD-103286,CUST-836,2026-01-23 23:53:29.146027,2026-01-25 02:53:29.146027,Electronics,1,445.05,0.255,user485@example.com,555-272-6751,North
ORD-101151,CUST-644,2026-01-20 23:53:29.146027,2026-01-22 05:53:29.146027,Home & Garden,8,19854.5,0.102,user352@example.com,555-508-6836,North
ORD-103619,CUST-1000,2026-09-03 23:53:29.146027,2026-09-04 22:53:29.146027,Apparel,9,391.72,0.105,user535@example.com,555-916-8239,South
ORD-100778,CUST-84,2026-09-30 23:53:29.146027,2026-10-02 10:53:29.146027,Electronics,5,465.65,0.299,user195@example.com,555-444-5903,South
ORD-102654,CUST-238,2026-01-08 23:53:29.146027,2026-01-10 05:53:29.146027,Groceries,7,134.71,0.129,user145@example.com,555-786-9572,West
ORD-100227,CUST-103,2026-09-16 23:53:29.146027,2026-09-17 07:53:29.146027,Electronics,8,365.51,0.273,user1067@example.com,555-650-2463,South
ORD-100252,CUST-455,2030-01-01 00:00:00,2026-03-02 08:53:29.146027,Electronics,6,338.31,0.032,user655@example.com,555-194-3752,East
ORD-100643,CUST-832,2026-02-15 23:53:29.146027,2026-02-17 17:53:29.146027,Home & Garden,5,375.37,0.016,user136@example.com,555-893-8048,East
ORD-101504,CUST-693,2026-03-13 23:53:29.146027,2026-03-14 19:53:29.146027,Groceries,2,105.41,0.197,user1156@example.com,555-599-1273,East
ORD-103515,CUST-469,2026-01-24 23:53:29.146027,2026-01-26 17:53:29.146027,Home & Garden,2,118.27,0.025,user1021@example.com,555-207-7370,West
ORD-102392,CUST-1091,2026-05-25 23:53:29.146027,2026-05-26 21:53:29.146027,Home & Garden,5,99.4,0.142,user509@example.com,555-221-2430,East
ORD-103068,CUST-330,2026-02-02 23:53:29.146027,2026-02-04 09:53:29.146027,Apparel,9,489.51,0.194,user676@example.com,555-973-4829,South
ORD-104415,CUST-99,2026-05-17 23:53:29.146027,2026-05-19 04:53:29.146027,Sports,1,76.83,0.29,user1029@example.com,555-979-8535,East
ORD-102743,CUST-287,2026-07-27 23:53:29.146027,2026-07-28 22:53:29.146027, Home & Garden ,9,17.32,0.127,user1012@example.com,555-333-8537,East
ORD-103067,CUST-979,2026-05-08 23:53:29.146027,2026-05-09 05:53:29.146027,Apparel,6,277.86,0.089,user330@example.com,555-667-1556,West
ORD-103194,CUST-643,2026-04-20 23:53:29.146027,2026-04-21 18:53:29.146027,Home & Garden,1,352.16,0.025,user180@example.com,555-996-7573,South
ORD-103634,CUST-414,2026-03-20 23:53:29.146027,2026-03-22 22:53:29.146027,Sports,4,137.09,0.251,user1010@example.com,555-491-4838,North
ORD-102725,CUST-835,2026-07-18 23:53:29.146027,2026-07-19 11:53:29.146027,Sports,1,435.93,0.247,user399@example.com,555-133-3962,East
ORD-102039,CUST-1129,2026-03-03 23:53:29.146027,2026-03-04 09:53:29.146027,Apparel,6,377.01,0.25,user1030@example.com,555-471-8943,North
ORD-102397,CUST-475,2026-01-29 23:53:29.146027,2026-01-30 04:53:29.146027,Home & Garden,6,363.67,0.119,user44@example.com,555-665-1201,East
ORD-101511,CUST-252,2026-03-24 23:53:29.146027,2026-03-24 23:53:29.146027,Electronics,4,393.52,0.25,user94@example.com,555-440-1415,South
ORD-101010,CUST-1190,2026-07-08 23:53:29.146027,2026-07-09 06:53:29.146027,Electronics,8,409.51,0.178,user536@example.com,555-495-4670,North
ORD-103319,CUST-525,2026-03-14 23:53:29.146027,2026-03-15 16:53:29.146027,Sports,2,220.89,0.051,user105@example.com,555-400-9325,East
ORD-102272,CUST-123,2026-05-17 23:53:29.146027,2026-05-18 08:53:29.146027,Apparel,5,303.15,0.139,user729@example.com,555-864-7838,North
ORD-104802,CUST-949,2026-07-03 23:53:29.146027,2026-07-04 12:53:29.146027,Home & Garden,8,249.87,0.157,user958@example.com,555-833-8973,North
ORD-102557,CUST-1036,2026-05-20 23:53:29.146027,2026-05-22 14:53:29.146027,Toys,6,226.53,0.297,user967@example.com,555-683-9420,South
ORD-104413,CUST-1109,2026-01-12 23:53:29.146027,2026-01-13 17:53:29.146027,Electronics,4,131.98,0.118,user445@example.com,555-420-5525,South
ORD-104601,CUST-1110,2026-09-29 23:53:29.146027,2026-10-01 21:53:29.146027,Home & Garden,6,208.36,0.112,user803@example.com,555-931-3973,East
ORD-100902,CUST-870,2026-08-17 23:53:29.146027,2026-08-19 11:53:29.146027,Electronics,2,440.78,0.06,,555-324-2404,North
ORD-101585,CUST-584,2026-09-11 23:53:29.146027,2026-09-13 10:53:29.146027,Toys,4,271.43,0.188,user557@example.com,555-860-6984,South
ORD-103935,CUST-1073,2026-01-24 23:53:29.146027,2026-01-26 16:53:29.146027,Electronics,1,167.1,0.13,user1112@example.com,555-929-3701,South
ORD-103353,CUST-321,2026-04-29 23:53:29.146027,2026-04-30 08:53:29.146027,Sports,1,79.08,0.243,user102@example.com,555-732-4063,South
ORD-102194,CUST-328,2026-08-14 23:53:29.146027,2026-08-15 09:53:29.146027,Home & Garden,8,3.97,0.23,user1167@example.com,555-871-4582,West
ORD-102852,CUST-1170,2026-04-24 23:53:29.146027,2026-04-25 11:53:29.146027,Groceries,9,395.75,0.255,user985@example.com,555-913-8552,North
ORD-103732,CUST-270,2026-06-03 23:53:29.146027,2026-06-04 15:53:29.146027,Apparel,7,401.21,0.186,user418@example.com,555-945-1444,North
ORD-100079,CUST-1065,2026-02-17 23:53:29.146027,2026-02-18 10:53:29.146027,Groceries,7,233.29,0.031,,555-266-6303,South
ORD-104038,CUST-312,2026-05-02 23:53:29.146027,2026-05-02 23:53:29.146027,Groceries,4,33.38,0.261,user274@example.com,555-648-4642,South
ORD-101389,CUST-551,2026-01-29 23:53:29.146027,2026-01-30 17:53:29.146027,Toys,1,3.79,0.247,user272@example.com,555-140-3109,East
ORD-104646,CUST-524,2026-10-02 23:53:29.146027,2026-10-04 17:53:29.146027,Electronics,7,244.91,0.193,user348@example.com,555-519-5841,West
ORD-104004,CUST-285,2026-04-28 23:53:29.146027,2026-04-30 22:53:29.146027,Groceries,8,425.3,0.145,user807@example.com,555-136-2790,West
ORD-101130,CUST-442,2026-08-01 23:53:29.146027,2026-08-02 13:53:29.146027,Home & Garden,1,314.82,0.135,user1165@example.com,555-585-3316,East
ORD-103915,CUST-603,2026-09-10 23:53:29.146027,2026-09-12 08:53:29.146027,Apparel,9,188.6,0.134,user46@example.com,555-130-3683,South
ORD-100847,CUST-248,2026-07-22 23:53:29.146027,2026-07-24 07:53:29.146027,Sports,8,308.46,0.264,user532@example.com,555-207-8672,East
ORD-103819,CUST-81,2026-06-29 23:53:29.146027,2026-06-30 05:53:29.146027,Toys,7,407.74,0.209,user866@example.com,555-635-4942,East
ORD-102142,CUST-857,2026-04-21 23:53:29.146027,2026-04-23 15:53:29.146027,Toys,6,78.75,0.165,user146@example.com,555-712-7089,South
ORD-100203,CUST-1034,2026-07-03 23:53:29.146027,2026-07-04 14:53:29.146027,Home & Garden,8,470.85,0.034,user874@example.com,555-170-2564,North
ORD-104433,CUST-1112,2026-05-08 23:53:29.146027,2026-05-10 00:53:29.146027,Home & Garden,3,116.6,0.011,user1067@example.com,555-966-6431,South
ORD-101605,CUST-911,2026-08-14 23:53:29.146027,2026-08-15 05:53:29.146027,Home & Garden,9,374.64,0.139,user505@example.com,555-834-1472,North
ORD-102383,CUST-776,2026-05-24 23:53:29.146027,2026-05-25 04:53:29.146027,Groceries,1,68.01,0.218,user645@example.com,555-718-4723,South
ORD-102961,CUST-93,2026-01-25 23:53:29.146027,2026-01-27 02:53:29.146027,Groceries,8,146.73,0.015,user979@example.com,555-426-6201,East
ORD-101465,CUST-4,2026-09-12 23:53:29.146027,2026-09-13 16:53:29.146027,Toys,9,102.72,0.151,user398@example.com,555-378-6686,East
ORD-103380,CUST-949,2026-01-22 23:53:29.146027,2026-01-24 14:53:29.146027,Groceries,5,355.91,0.136,user311@example.com,555-541-6987,North
ORD-100442,CUST-562,2026-05-21 23:53:29.146027,2026-05-23 15:53:29.146027,Apparel,7,391.29,0.094,user304@example.com,555-728-1074,West
ORD-102028,CUST-49,2026-07-26 23:53:29.146027,2026-07-27 13:53:29.146027,Apparel,3,292.04,0.091,user647@example.com,555-585-7432,West
ORD-100935,CUST-797,2026-08-07 23:53:29.146027,2026-08-08 22:53:29.146027,Apparel,9,36.21,0.169,user444@example.com,555-440-5111,East
ORD-102651,CUST-981,2026-09-12 23:53:29.146027,2026-09-13 23:53:29.146027,Sports,8,371.22,0.121,user366@example.com,555-660-4622,South
ORD-102215,CUST-361,2026-02-08 23:53:29.146027,2026-02-09 21:53:29.146027,Groceries,9,251.32,0.215,user206@example.com,555-594-6596,East
ORD-103213,CUST-511,2026-01-23 23:53:29.146027,2026-01-24 11:53:29.146027,Toys,2,144.88,0.137,user803@example.com,555-994-8633,West
ORD-101181,CUST-946,2026-07-09 23:53:29.146027,2026-07-11 11:53:29.146027,Electronics,5,306.67,0.276,user625@example.com,555-640-8058,South
ORD-103504,CUST-929,2026-02-28 23:53:29.146027,2026-03-01 02:53:29.146027,Groceries,3,482.58,0.174,user809@example.com,555-980-3616,North
ORD-103150,CUST-518,2026-06-02 23:53:29.146027,2026-06-04 09:53:29.146027,Sports,5,12.15,0.056,user241@example.com,555-288-2871,South
ORD-104849,CUST-207,2026-06-08 23:53:29.146027,2026-06-10 18:53:29.146027,Groceries,4,155.82,0.261,user615@example.com,555-612-1016,South
ORD-100907,CUST-1018,2026-07-09 23:53:29.146027,2026-07-11 00:53:29.146027,Toys,3,340.47,0.115,user594@example.com,555-824-7552,East
ORD-103874,CUST-621,2026-07-03 23:53:29.146027,2026-07-04 19:53:29.146027,Groceries,7,342.29,0.178,user90@example.com,555-455-6750,South
ORD-101776,CUST-1074,2026-07-09 23:53:29.146027,2026-07-11 19:53:29.146027,Toys,4,386.78,0.035,user791@example.com,555-793-8403,West
ORD-103579,CUST-537,2026-10-01 23:53:29.146027,2026-10-02 16:53:29.146027,Toys,2,339.35,0.187,user840@example.com,555-612-6052,South
ORD-100234,CUST-534,2026-06-29 23:53:29.146027,2026-07-01 21:53:29.146027,Toys,7,414.78,0.11,user1192@example.com,555-232-6914,South
ORD-100149,CUST-1020,2026-02-11 23:53:29.146027,2026-02-13 22:53:29.146027,Apparel,1,363.93,0.017,user422@example.com,555-424-1935,North
ORD-103031,CUST-670,2026-04-12 23:53:29.146027,2026-04-14 16:53:29.146027,Sports,3,123.74,0.232,,555-522-9913,West
ORD-101919,CUST-720,2026-01-22 23:53:29.146027,2026-01-23 17:53:29.146027,Toys,4,99.21,0.274,user827@example.com,555-190-7194,East
ORD-100180,CUST-811,2026-07-18 23:53:29.146027,2026-07-20 15:53:29.146027,Apparel,1,186.74,0.004,user684@example.com,555-640-6070,East
ORD-104546,CUST-964,2026-04-14 23:53:29.146027,2026-04-16 19:53:29.146027,Sports,5,122.63,0.247,user706@example.com,555-188-9776,North
ORD-103055,CUST-425,2026-08-09 23:53:29.146027,2026-08-11 11:53:29.146027,Electronics,1,4.92,0.221,user989@example.com,555-104-5888,South
ORD-101769,CUST-917,2026-01-14 23:53:29.146027,2026-01-15 17:53:29.146027,Home & Garden,3,26.44,0.218,user782@example.com,555-729-3321,
ORD-100278,CUST-1041,2026-09-06 23:53:29.146027,2026-09-08 15:53:29.146027,Home & Garden,1,165.88,0.08,,555-259-8579,East
ORD-102366,CUST-630,2026-01-22 23:53:29.146027,2026-01-24 21:53:29.146027,Apparel,7,294.31,0.18,user254@example.com,555-265-9109,South
ORD-101005,CUST-1037,2026-08-18 23:53:29.146027,2026-08-20 09:53:29.146027,Sports,9,194.3,0.111,user1116@example.com,555-788-6540,East
ORD-104060,CUST-441,2026-02-04 23:53:29.146027,2026-02-06 11:53:29.146027,Groceries,4,426.56,0.192,user128@example.com,555-218-1893,South
ORD-103340,CUST-389,2026-03-27 23:53:29.146027,2026-03-28 09:53:29.146027,Groceries,8,141.0,0.19,user410@example.com,555-462-1913,South
ORD-100026,CUST-1093,2026-10-01 23:53:29.146027,2026-10-02 23:53:29.146027,Groceries,1,317.63,0.226,user811@example.com,555-952-2249,North
ORD-104713,CUST-1012,2026-02-23 23:53:29.146027,2026-02-25 09:53:29.146027,Sports,4,317.18,0.227,user659@example.com,555-973-8671,West
ORD-102761,CUST-566,2026-06-30 23:53:29.146027,2026-07-01 02:53:29.146027,Groceries,5,373.89,0.155,user431@example.com,555-376-5165,West
ORD-102434,CUST-566,2026-09-14 23:53:29.146027,2026-09-16 05:53:29.146027,Apparel,5,419.56,0.154,user1153@example.com,555-433-5019,North
ORD-102498,CUST-666,2026-06-03 23:53:29.146027,2026-06-05 06:53:29.146027,Apparel,1,265.38,0.027,user300@example.com,555-807-3868,East
ORD-102887,CUST-452,2026-04-07 23:53:29.146027,2026-04-08 04:53:29.146027,Toys,7,453.28,0.212,user965@example.com,555-569-8732,North
ORD-100057,CUST-977,2026-06-25 23:53:29.146027,2026-06-26 04:53:29.146027,Sports,8,106.51,0.174,user682@example.com,555-792-9895,East
ORD-101472,CUST-820,2026-09-27 23:53:29.146027,2026-09-29 09:53:29.146027,Sports,1,376.99,0.015,user577@example.com,555-414-9902,West
ORD-103788,CUST-327,2026-10-03 23:53:29.146027,2026-10-05 21:53:29.146027,Home & Garden,1,189.7,0.248,user169@example.com,555-664-4921,North
ORD-104084,CUST-1131,2026-03-30 23:53:29.146027,2026-04-01 19:53:29.146027,Toys,1,371.32,0.12,user918@example.com,555-426-2704,East
ORD-103352,CUST-175,2026-02-17 23:53:29.146027,2026-02-19 12:53:29.146027,Apparel,-2,467.74,0.102,user1053@example.com,555-567-6167,South
ORD-104316,CUST-778,2026-05-28 23:53:29.146027,2026-05-29 22:53:29.146027,Home & Garden,5,85.2,0.119,user830@example.com,555-775-3238,South
ORD-101474,CUST-738,2026-06-14 23:53:29.146027,2026-06-16 01:53:29.146027,Electronics,4,457.85,0.041,user471@example.com,555-905-3450,West
ORD-101568,CUST-974,2026-03-01 23:53:29.146027,2026-03-02 09:53:29.146027,Apparel,8,200.24,0.112,user1004@example.com,555-379-7411,South
ORD-103447,CUST-830,2026-02-06 23:53:29.146027,2026-02-07 08:53:29.146027,Apparel,9,140.32,0.007,user1112@example.com,555-111-5627,East
ORD-101589,CUST-96,2026-01-25 23:53:29.146027,2026-01-26 10:53:29.146027,Sports,9,33.83,0.17,user802@example.com,555-455-1266,North
ORD-101008,CUST-848,2026-08-13 23:53:29.146027,2026-08-14 18:53:29.146027,Home & Garden,1,374.17,0.185,user774@example.com,555-567-6212,South
ORD-102684,CUST-214,2026-01-14 23:53:29.146027,2026-01-16 19:53:29.146027,Home & Garden,4,384.11,0.238,user183@example.com,555-117-9700,East
ORD-101579,CUST-854,2026-04-06 23:53:29.146027,2026-04-08 09:53:29.146027,Toys,8,303.11,0.043,user198@example.com,555-372-5654,West
ORD-103834,CUST-391,2026-09-29 23:53:29.146027,2026-10-01 17:53:29.146027,Sports,4,108.22,0.041,user121@example.com,555-238-7792,North
ORD-104484,CUST-482,2026-02-18 23:53:29.146027,2026-02-20 20:53:29.146027,Groceries,8,163.9,0.092,user1181@example.com,555-779-6574,East
ORD-100346,CUST-966,2026-01-31 23:53:29.146027,2026-02-02 04:53:29.146027,Electronics,9,131.41,0.173,user130@example.com,555-643-1902,West
ORD-100502,CUST-703,2026-07-04 23:53:29.146027,2026-07-06 21:53:29.146027,Electronics,4,167.97,0.063,user607@example.com,555-876-7914,North
ORD-101232,CUST-568,2026-09-18 23:53:29.146027,2026-09-19 13:53:29.146027,Home & Garden,4,228.18,0.269,user250@example.com,555-743-1726,North
ORD-101643,CUST-759,2026-01-23 23:53:29.146027,2026-01-25 09:53:29.146027,Toys,9,439.14,0.073,user327@example.com,555-997-3272,North
ORD-100833,CUST-1192,2026-08-20 23:53:29.146027,2026-08-21 20:53:29.146027,Home & Garden,5,92.37,0.267,user531@example.com,555-651-7791,North
ORD-104178,CUST-217,2026-08-29 23:53:29.146027,2026-08-31 15:53:29.146027,Apparel,5,210.51,0.053,user330@example.com,555-729-6938,South
ORD-103998,CUST-242,2026-07-28 23:53:29.146027,2026-07-29 01:53:29.146027,Apparel,2,205.16,0.009,user560@example.com,555-547-7319,North
ORD-101164,CUST-983,2026-02-14 23:53:29.146027,2026-02-15 12:53:29.146027,Apparel,1,419.42,0.19,user894@example.com,555-645-6799,North
ORD-103582,CUST-182,2026-07-30 23:53:29.146027,2026-07-31 19:53:29.146027,Sports,1,104.21,0.103,user703@example.com,555-322-5232,West
ORD-104492,CUST-149,2026-04-20 23:53:29.146027,2026-04-22 02:53:29.146027,Apparel,7,477.35,0.282,user1070@example.com,555-471-8724,North
ORD-101425,CUST-823,2026-06-03 23:53:29.146027,2026-06-05 11:53:29.146027,Home & Garden,9,8.73,0.212,user567@example.com,555-109-2933,West
ORD-100542,CUST-594,2026-08-25 23:53:29.146027,2026-08-27 18:53:29.146027,Toys,4,234.88,0.235,user835@example.com,555-721-2795,North
ORD-101491,CUST-757,2026-03-31 23:53:29.146027,2026-04-01 07:53:29.146027,Electronics,2,421.83,0.12,user951@example.com,555-786-9109,East
ORD-103294,CUST-341,2026-09-25 23:53:29.146027,2026-09-26 12:53:29.146027,Apparel,9,156.47,0.141,user993@example.com,555-202-7460,North
ORD-104073,CUST-969,2026-03-04 23:53:29.146027,2026-03-06 09:53:29.146027,Apparel,6,174.99,0.002,user950@example.com,555-323-6496,North
ORD-104847,CUST-605,2026-05-07 23:53:29.146027,2026-05-08 23:53:29.146027,Sports,9,432.75,0.007,user184@example.com,555-518-8029,South
ORD-100565,CUST-754,2026-01-24 23:53:29.146027,2026-01-26 02:53:29.146027,Home & Garden,9,192.47,0.248,user180@example.com,555-350-9235,North
ORD-100263,CUST-26,2026-06-10 23:53:29.146027,2026-06-12 12:53:29.146027,Toys,-1,210.98,0.251,user1041@example.com,555-543-8633,East
ORD-104758,CUST-734,2026-07-27 23:53:29.146027,2026-07-28 07:53:29.146027,Apparel,1,347.15,0.107,user18@example.com,555-368-1884,West
ORD-101324,CUST-132,2026-02-25 23:53:29.146027,2026-02-27 05:53:29.146027,Sports,9,489.44,0.247,user119@example.com,555-194-4266,South
ORD-100381,CUST-847,2026-02-26 23:53:29.146027,2026-02-27 02:53:29.146027,Groceries,1,29.9,0.191,user723@example.com,555-960-2873,South
ORD-103861,CUST-202,2026-08-17 23:53:29.146027,2026-08-19 17:53:29.146027,Home & Garden,6,286.72,0.192,user846@example.com,555-629-6301,East
ORD-100613,CUST-801,2026-04-19 23:53:29.146027,2026-04-21 20:53:29.146027,Home & Garden,6,411.47,0.055,user918@example.com,555-491-7078,North
ORD-104686,CUST-257,2026-03-29 23:53:29.146027,2026-03-31 14:53:29.146027,Toys,4,6.04,0.164,user244@example.com,555-663-9756,South
ORD-104657,CUST-1079,2026-07-31 23:53:29.146027,2026-08-01 03:53:29.146027,Toys,-3,90.97,0.259,user1004@example.com,555-304-8618,North
ORD-103179,CUST-1162,2026-04-02 23:53:29.146027,2026-04-03 11:53:29.146027,Groceries,8,111.63,0.086,user246@example.com,555-609-6137,North
ORD-101102,CUST-615,2026-03-10 23:53:29.146027,2026-03-11 02:53:29.146027,Electronics,4,319.52,0.103,user406@example.com,555-608-1518,North
ORD-101978,CUST-1164,2026-05-31 23:53:29.146027,2026-06-01 15:53:29.146027,Home & Garden,1,217.28,0.061,user504@example.com,555-989-9855,North
ORD-103683,CUST-167,2026-07-24 23:53:29.146027,2026-07-26 15:53:29.146027,Home & Garden,3,361.55,0.192,user1094@example.com,555-107-1495,West
ORD-102527,CUST-336,2026-07-16 23:53:29.146027,2026-07-17 11:53:29.146027,Sports,6,49.66,0.234,user669@example.com,555-718-2761,West
ORD-104037,CUST-681,2026-06-16 23:53:29.146027,2026-06-17 02:53:29.146027,Electronics,9,22.3,0.227,user309@example.com,555-463-8989,North
ORD-101693,CUST-567,2026-06-15 23:53:29.146027,2026-06-17 21:53:29.146027,Groceries,3,284.87,0.276,user34@example.com,555-855-5924,North
ORD-101617,CUST-702,2026-05-09 23:53:29.146027,2026-05-11 21:53:29.146027,Sports,2,20.18,0.206,user141@example.com,555-598-2536,East
ORD-100032,CUST-715,2026-05-24 23:53:29.146027,2026-05-25 00:53:29.146027, Groceries ,4,310.71,0.206,user881@example.com,555-321-5209,East
ORD-103166,CUST-739,2026-09-01 23:53:29.146027,2026-09-02 06:53:29.146027, Electronics ,5,83.22,0.142,user370@example.com,555-235-6008,South
ORD-100114,CUST-1126,2026-04-25 23:53:29.146027,2026-04-26 14:53:29.146027,Sports,3,50.38,0.022,user280@example.com,555-836-3376,North
ORD-104851,CUST-153,2026-03-07 23:53:29.146027,2026-03-09 11:53:29.146027,Sports,2,391.72,0.17,user257@example.com,555-220-6382,South
ORD-103066,CUST-523,2026-05-24 23:53:29.146027,2026-05-26 15:53:29.146027,Toys,5,370.26,0.134,user451@example.com,555-286-3385,East
ORD-100820,CUST-160,2026-05-11 23:53:29.146027,2026-05-12 00:53:29.146027,Groceries,6,372.98,0.053,user1166@example.com,555-173-5161,North
ORD-103684,CUST-813,2026-08-07 23:53:29.146027,2026-08-08 00:53:29.146027,Apparel,6,183.39,0.28,,555-268-8945,South
ORD-101347,CUST-483,2026-09-02 23:53:29.146027,2026-09-04 11:53:29.146027,Toys,8,347.82,0.052,user80@example.com,555-398-9703,North
ORD-101098,CUST-700,2026-01-25 23:53:29.146027,2026-01-26 04:53:29.146027,Electronics,3,279.56,0.134,user671@example.com,555-237-9207,North
ORD-101363,CUST-967,2026-05-27 23:53:29.146027,2026-05-29 05:53:29.146027,Sports,4,478.95,0.041,user752@example.com,555-245-7429,South
ORD-100393,CUST-250,2026-01-12 23:53:29.146027,2026-01-13 02:53:29.146027,Electronics,6,34.34,0.223,user978@example.com,555-834-2507,North
ORD-103104,CUST-908,2026-05-15 23:53:29.146027,2026-05-16 07:53:29.146027,Apparel,1,172.65,0.217,user620@example.com,555-869-1890,South
ORD-103635,CUST-921,2026-06-12 23:53:29.146027,2026-06-13 18:53:29.146027,Home & Garden,4,341.44,0.261,user73@example.com,555-881-3226,North
ORD-104534,CUST-209,2026-06-23 23:53:29.146027,2026-06-25 19:53:29.146027,Groceries,5,142.54,0.233,user916@example.com,555-846-5654,East
ORD-103807,CUST-609,2026-06-26 23:53:29.146027,2026-06-27 00:53:29.146027,Electronics,3,17.75,0.215,user1005@example.com,555-703-6412,West
ORD-101851,CUST-581,2026-03-01 23:53:29.146027,2026-03-03 19:53:29.146027,Groceries,7,73.79,0.288,user64@example.com,555-973-5501,West
ORD-101522,CUST-599,2026-04-26 23:53:29.146027,2026-04-28 09:53:29.146027,Electronics,6,396.84,0.087,user1095@example.com,555-394-8942,North
ORD-100217,CUST-403,2026-04-12 23:53:29.146027,2026-04-13 02:53:29.146027,Electronics,2,260.27,0.001,user776@example.com,555-624-9200,South
ORD-103351,CUST-803,2026-02-26 23:53:29.146027,2026-02-27 08:53:29.146027,Groceries,8,418.9,0.216,user70@example.com,555-377-4789,North
ORD-103786,CUST-545,2026-05-13 23:53:29.146027,2026-05-15 04:53:29.146027,Toys,2,364.21,0.039,user1016@example.com,555-197-5408,South
ORD-100983,CUST-16,2026-03-20 23:53:29.146027,2026-03-22 09:53:29.146027,Groceries,6,429.75,0.231,user89@example.com,555-793-8452,South
ORD-100189,CUST-925,2026-04-03 23:53:29.146027,2026-04-04 17:53:29.146027,Toys,4,206.0,0.201,user418@example.com,555-909-1892,North
ORD-103902,CUST-1094,2026-01-11 23:53:29.146027,2026-01-13 10:53:29.146027,Home & Garden,2,26.24,0.233,user450@example.com,555-901-5710,West
ORD-104249,CUST-594,2026-01-13 23:53:29.146027,2026-01-14 00:53:29.146027,Apparel,8,458.22,0.198,user359@example.com,555-776-4073,East
ORD-101621,CUST-821,2026-09-19 23:53:29.146027,2026-09-21 14:53:29.146027,Home & Garden,3,391.64,0.197,user1004@example.com,555-411-9584,West
ORD-100553,CUST-744,2026-02-02 23:53:29.146027,2026-02-03 07:53:29.146027,groceries,6,461.73,0.042,,555-488-6025,East
ORD-104356,CUST-335,2026-04-18 23:53:29.146027,2026-04-19 07:53:29.146027,Sports,9,355.3,0.008,user608@example.com,555-701-6510,East
ORD-102853,CUST-1140,2026-03-06 23:53:29.146027,2026-03-07 15:53:29.146027,Electronics,1,241.13,0.299,user610@example.com,555-927-1240,East
ORD-103014,CUST-963,2026-09-17 23:53:29.146027,2026-09-19 03:53:29.146027,Groceries,2,253.77,0.041,user1104@example.com,555-563-5458,East
ORD-101380,CUST-816,2026-09-27 23:53:29.146027,2026-09-28 01:53:29.146027,Home & Garden,4,148.53,0.103,user250@example.com,555-962-1171,East
ORD-101253,CUST-11,2026-08-15 23:53:29.146027,2026-08-17 13:53:29.146027,Groceries,6,186.02,0.206,user851@example.com,555-568-7071,East
ORD-102531,CUST-331,2026-01-11 23:53:29.146027,2026-01-13 04:53:29.146027,Home & Garden,5,40.12,0.042,user80@example.com,555-148-5947,South
ORD-102264,CUST-741,2026-07-01 23:53:29.146027,2026-07-03 11:53:29.146027,Apparel,1,42.26,0.062,user1035@example.com,555-405-8852,East
ORD-102940,CUST-383,2026-05-15 23:53:29.146027,2026-05-17 05:53:29.146027,Sports,9,165.05,0.115,user1053@example.com,555-395-9218,North
ORD-102958,CUST-198,2026-06-20 23:53:29.146027,2026-06-21 15:53:29.146027,Toys,2,278.23,0.131,user424@example.com,555-186-9247,South
ORD-100404,CUST-80,2026-03-06 23:53:29.146027,2026-03-07 20:53:29.146027,Toys,2,175.88,0.029,user696@example.com,555-590-7541,South
ORD-101783,CUST-757,2026-09-07 23:53:29.146027,2026-09-09 12:53:29.146027,Sports,8,94.55,0.04,user71@example.com,555-928-2958,North
ORD-100666,CUST-243,2026-08-25 23:53:29.146027,2026-08-26 06:53:29.146027,Electronics,6,287.65,0.25,user1015@example.com,555-117-5400,South
ORD-103170,CUST-1042,2026-01-25 23:53:29.146027,2026-01-27 15:53:29.146027,Apparel,7,483.38,0.262,user502@example.com,555-685-8224,South
ORD-101413,CUST-832,2026-06-13 23:53:29.146027,2026-06-15 18:53:29.146027,Sports,6,343.36,0.11,user1014@example.com,555-909-3339,North
ORD-102556,CUST-215,2026-02-01 23:53:29.146027,2026-02-02 11:53:29.146027,Home & Garden,1,59.14,0.145,user809@example.com,555-711-6494,East
ORD-104921,CUST-1159,2026-05-29 23:53:29.146027,2026-05-29 23:53:29.146027, Electronics ,8,427.05,0.013,user45@example.com,555-357-2596,West
ORD-101386,CUST-1074,2026-01-10 23:53:29.146027,2026-01-11 13:53:29.146027,Electronics,9,420.01,0.265,user1188@example.com,555-739-5377,
ORD-103910,CUST-125,2026-04-04 23:53:29.146027,2026-04-06 00:53:29.146027,Groceries,6,493.11,0.208,user210@example.com,555-576-5025,East
ORD-104468,CUST-1096,2026-06-09 23:53:29.146027,2026-06-11 09:53:29.146027,Home & Garden,4,412.03,0.1,user233@example.com,555-858-2372,South
ORD-102060,CUST-766,2026-07-31 23:53:29.146027,2026-08-01 23:53:29.146027,Groceries,2,266.85,0.274,user426@example.com,555-977-4806,South
ORD-100485,CUST-525,2026-05-10 23:53:29.146027,2026-05-11 09:53:29.146027,Electronics,8,34.66,0.11,user365@example.com,555-792-4260,West
ORD-104416,CUST-1040,2026-07-02 23:53:29.146027,2026-07-04 19:53:29.146027,Toys,9,373.66,0.2,user1120@example.com,555-589-9431,West
ORD-104005,CUST-751,2026-09-18 23:53:29.146027,2026-09-20 05:53:29.146027,Groceries,3,107.57,0.196,user973@example.com,555-236-4860,South
ORD-103591,CUST-696,31/02/2025,2026-08-18 07:53:29.146027,Apparel,5,212.3,0.235,,555-758-1924,East
ORD-102290,CUST-1059,2026-02-01 23:53:29.146027,2026-02-02 05:53:29.146027,Groceries,9,252.18,0.233,user307@example.com,555-854-9681,West
ORD-103694,CUST-913,2026-05-05 23:53:29.146027,2026-05-06 11:53:29.146027,Electronics,3,204.27,0.278,user808@example.com,555-466-5869,West
ORD-104269,CUST-692,2026-05-24 23:53:29.146027,2026-05-25 12:53:29.146027,Home & Garden,5,327.18,0.236,user96@example.com,555-666-2465,West
ORD-104490,CUST-98,2026-06-12 23:53:29.146027,2026-06-12 23:53:29.146027,Toys,1,92.47,0.247,user705@example.com,555-568-4473,West
ORD-101597,CUST-439,2026-07-25 23:53:29.146027,2026-07-27 03:53:29.146027,Apparel,7,374.69,0.23,user700@example.com,555-967-4557,West
ORD-100598,CUST-222,2026-06-18 23:53:29.146027,2026-06-20 01:53:29.146027,Toys,9,140.29,0.208,,555-684-4865,East
ORD-100158,CUST-630,2026-03-23 23:53:29.146027,2026-03-24 13:53:29.146027,Apparel,5,0.0,0.121,user598@example.com,555-696-8303,North
ORD-102307,CUST-122,2026-09-20 23:53:29.146027,2026-09-21 14:53:29.146027,Electronics,3,299.98,0.044,user920@example.com,555-841-7388,West
ORD-103032,CUST-1182,2026-09-28 23:53:29.146027,2026-09-29 01:53:29.146027,Electronics,9,56.35,0.061,user258@example.com,555-259-6123,South
ORD-104794,CUST-660,2026-09-03 23:53:29.146027,2026-09-05 05:53:29.146027,Home & Garden,8,130.5,0.11,user396@example.com,555-932-8265,West
ORD-103941,CUST-347,2026-07-01 23:53:29.146027,2026-07-02 01:53:29.146027,Electronics,9,202.34,0.101,user490@example.com,555-890-3125,West
ORD-103027,CUST-1171,2026-06-16 23:53:29.146027,2026-06-18 10:53:29.146027,Toys,7,460.46,0.053,,555-204-2176,North
ORD-102866,CUST-468,2026-07-21 23:53:29.146027,2026-07-23 08:53:29.146027,Groceries,2,445.5,0.131,user302@example.com,555-638-6216,East
ORD-101123,CUST-546,2026-01-11 23:53:29.146027,2026-01-13 22:53:29.146027,Home & Garden,4,69.94,0.112,user99@example.com,555-720-8352,West
ORD-104552,CUST-878,2026-07-13 23:53:29.146027,2026-07-14 04:53:29.146027,sports,3,155.24,0.24,user1170@example.com,555-843-5961,North
ORD-100226,CUST-979,2026-04-28 23:53:29.146027,2026-04-29 21:53:29.146027,Electronics,1,123.2,0.163,user507@example.com,555-607-3730,South
ORD-103443,CUST-667,2026-03-15 23:53:29.146027,2026-03-16 00:53:29.146027,Groceries,-4,434.63,0.014,user1136@example.com,555-719-8575,East
ORD-102516,CUST-752,2026-07-19 23:53:29.146027,2026-07-20 00:53:29.146027,Groceries,3,178.77,0.168,user1161@example.com,555-923-7447,East
ORD-100555,CUST-819,2026-07-22 23:53:29.146027,2026-07-23 14:53:29.146027,Sports,3,27.47,0.134,user1101@example.com,555-638-3549,West
ORD-102670,CUST-35,2026-06-30 23:53:29.146027,2026-07-02 05:53:29.146027,Groceries,8,283.23,0.106,user481@example.com,555-649-9135,North
ORD-104311,CUST-942,2026-09-30 23:53:29.146027,2026-10-01 20:53:29.146027,Home & Garden,7,302.75,0.078,user1179@example.com,555-698-3018,North
ORD-103289,CUST-370,2026-04-09 23:53:29.146027,2026-04-10 11:53:29.146027,Apparel,8,173.74,0.224,user223@example.com,555-390-1536,North
ORD-103008,CUST-961,2026-04-06 23:53:29.146027,2026-04-07 10:53:29.146027,Groceries,4,314.82,0.11,user619@example.com,555-163-1824,South
ORD-103991,CUST-376,2026-04-20 23:53:29.146027,2026-04-20 23:53:29.146027,Groceries,9,262.2,0.112,user731@example.com,555-561-7755,West
ORD-100707,CUST-1150,2026-05-22 23:53:29.146027,2026-05-23 13:53:29.146027,Toys,8,459.6,0.097,user698@example.com,555-610-3705,West
ORD-104864,CUST-577,2026-03-27 23:53:29.146027,2026-03-29 18:53:29.146027,Groceries,3,139.79,0.106,user844@example.com,555-266-1191,West
ORD-103811,CUST-260,2026-01-31 23:53:29.146027,2026-02-02 07:53:29.146027,Groceries,3,390.74,0.205,user750@example.com,555-934-6821,East
ORD-104363,CUST-3,2026-09-17 23:53:29.146027,2026-09-18 16:53:29.146027,GROCERIES,9,312.61,0.107,user893@example.com,555-974-1244,East
ORD-102916,CUST-300,2026-06-27 23:53:29.146027,2026-06-29 19:53:29.146027,Home & Garden,2,235.1,0.297,user1120@example.com,555-584-6751,South
ORD-101171,CUST-650,2026-08-19 23:53:29.146027,2026-08-21 21:53:29.146027,Sports,3,350.93,0.214,user1197@example.com,555-113-5693,South
ORD-101455,CUST-809,2026-09-09 23:53:29.146027,2026-09-10 09:53:29.146027,Groceries,-5,315.7,0.117,user336@example.com,555-769-2274,West
ORD-104398,CUST-391,2026-07-26 23:53:29.146027,2026-07-27 15:53:29.146027,Apparel,9,342.88,0.282,user161@example.com,555-129-5624,South
ORD-104826,CUST-681,2026-09-01 23:53:29.146027,2026-09-03 02:53:29.146027,Toys,5,18.8,0.151,user1026@example.com,555-120-8483,West
ORD-103781,CUST-766,2026-06-17 23:53:29.146027,2026-06-18 04:53:29.146027,Toys,8,118.64,0.171,user626@example.com,555-435-3522,East
ORD-100326,CUST-624,2026-06-16 23:53:29.146027,2026-06-17 20:53:29.146027,Apparel,3,363.64,0.068,user880@example.com,555-587-5789,North
ORD-102319,CUST-826,2026-05-14 23:53:29.146027,2026-05-16 18:53:29.146027,Electronics,3,350.31,0.048,user149@example.com,555-148-5792,North
ORD-100476,CUST-605,2026-02-20 23:53:29.146027,2026-02-21 01:53:29.146027,Apparel,3,139.75,0.08,user860@example.com,555-442-8918,East
ORD-104111,CUST-340,2026-07-07 23:53:29.146027,2026-07-09 03:53:29.146027,Apparel,8,130.29,0.036,user980@example.com,555-734-3814,North
ORD-102659,CUST-741,2026-03-18 23:53:29.146027,2026-03-19 15:53:29.146027,Sports,4,205.35,0.255,user682@example.com,555-518-5776,South
ORD-103918,CUST-267,2026-07-25 23:53:29.146027,2026-07-26 10:53:29.146027,Sports,1,351.27,0.291,user961@example.com,555-926-5378,East
ORD-103672,CUST-1175,2026-07-31 23:53:29.146027,2026-08-01 23:53:29.146027,SPORTS,3,288.71,0.27,user375@example.com,555-517-7191,East
ORD-102850,CUST-432,2026-06-17 23:53:29.146027,2026-06-19 04:53:29.146027,Toys,9,455.49,0.263,user893@example.com,555-677-7221,East
ORD-101419,CUST-151,2026-06-23 23:53:29.146027,2026-06-25 14:53:29.146027,Electronics,3,307.73,0.15,user588@example.com,555-349-9015,East
ORD-102414,CUST-219,2026-07-04 23:53:29.146027,2026-07-05 20:53:29.146027,Electronics,3,354.62,0.128,user320@example.com,555-167-6064,South
ORD-102323,CUST-840,2026-05-18 23:53:29.146027,2026-05-19 00:53:29.146027,Apparel,1,93.52,0.014,user497@example.com,555-948-7579,East
ORD-103892,CUST-1153,2026-07-10 23:53:29.146027,2026-07-12 17:53:29.146027,Apparel,4,346.48,0.048,user680@example.com,555-574-4678,North
ORD-100523,CUST-719,2026-08-01 23:53:29.146027,2026-08-02 09:53:29.146027,Home & Garden,7,84.63,0.001,user687@example.com,555-859-2587,West
ORD-100992,CUST-524,2026-03-08 23:53:29.146027,2026-03-10 01:53:29.146027,Sports,2,169.44,0.255,user717@example.com,555-736-8863,North
ORD-101830,CUST-572,2026-07-11 23:53:29.146027,2026-07-13 17:53:29.146027,SPORTS,6,75.16,0.194,user534@example.com,555-308-3105,North
ORD-102960,CUST-841,2026-05-11 23:53:29.146027,2026-05-13 12:53:29.146027,Home & Garden,8,281.69,0.292,user448@example.com,555-816-7688,East
ORD-100730,CUST-840,2026-05-16 23:53:29.146027,2026-05-17 18:53:29.146027,Electronics,8,321.25,0.28,user39@example.com,555-646-5981,South
ORD-103586,CUST-1005,2026-03-03 23:53:29.146027,2026-03-05 01:53:29.146027,Apparel,1,136.14,0.072,user635@example.com,555-905-2422,East
ORD-103809,CUST-574,2026-09-11 23:53:29.146027,2026-09-13 03:53:29.146027,Groceries,8,13.06,0.062,user26@example.com,555-360-3757,East
ORD-103125,CUST-51,2026-07-03 23:53:29.146027,2026-07-04 22:53:29.146027,Electronics,7,379.06,0.135,user419@example.com,555-903-7945,North
ORD-104979,CUST-851,2026-04-30 23:53:29.146027,2026-05-02 10:53:29.146027,Groceries,1,218.53,0.185,user292@example.com,555-533-4421,West
ORD-101939,CUST-61,2026-07-03 23:53:29.146027,2026-07-05 04:53:29.146027,Sports,9,93.54,0.027,user276@example.com,555-596-8400,North
ORD-101396,CUST-838,2026-05-28 23:53:29.146027,2026-05-29 16:53:29.146027,Sports,2,242.43,0.241,user926@example.com,555-585-6584,West
ORD-100751,CUST-526,2026-09-25 23:53:29.146027,2026-09-27 05:53:29.146027,Electronics,7,388.29,0.215,,555-980-2821,North
ORD-103696,CUST-625,2026-03-04 23:53:29.146027,2026-03-06 03:53:29.146027,Home & Garden,3,341.78,0.033,,555-640-9621,South
ORD-100488,CUST-835,2026-06-16 23:53:29.146027,2026-06-17 06:53:29.146027,Sports,9,89.82,0.127,user97@example.com,555-178-5246,South
ORD-102246,CUST-976,2026-03-18 23:53:29.146027,2026-03-19 07:53:29.146027,Apparel,4,20239.0,0.228,user871@example.com,555-759-9819,East
ORD-101016,CUST-873,2026-03-29 23:53:29.146027,2026-03-31 16:53:29.146027,Electronics,3,404.05,0.056,user208@example.com,555-135-4567,South
ORD-102106,CUST-694,2026-04-03 23:53:29.146027,2026-04-04 04:53:29.146027,Home & Garden,5,379.95,0.295,user516@example.com,555-353-7993,West
ORD-104790,CUST-164,2026-06-09 23:53:29.146027,2026-06-10 14:53:29.146027,Groceries,7,223.84,0.227,user162@example.com,555-760-2364,South
ORD-102003,CUST-175,2026-09-01 23:53:29.146027,2026-09-03 18:53:29.146027,Toys,7,227.22,0.227,,555-977-6728,South
ORD-104358,CUST-890,2026-06-17 23:53:29.146027,2026-06-18 07:53:29.146027,Groceries,6,264.14,0.099,user1039@example.com,555-504-6241,
ORD-104132,CUST-935,2026-08-04 23:53:29.146027,2026-08-06 21:53:29.146027,Apparel,8,251.72,0.161,user798@example.com,555-825-8568,East
ORD-104782,CUST-1019,2026-09-23 23:53:29.146027,2026-09-25 05:53:29.146027,Toys,5,240.37,0.083,user16@example.com,555-303-6725,North
ORD-101724,CUST-892,2026-03-23 23:53:29.146027,2026-03-24 08:53:29.146027,Toys,2,470.4,0.039,user244@example.com,555-205-6104,North
ORD-100010,CUST-570,2026-03-24 23:53:29.146027,2026-03-26 12:53:29.146027,Apparel,9,297.32,0.122,user200@example.com,555-757-8073,North
ORD-102200,CUST-377,2026-05-04 23:53:29.146027,2026-05-06 17:53:29.146027,Electronics,5,376.34,0.23,,555-762-9646,West
ORD-102097,CUST-1004,2026-08-12 23:53:29.146027,2026-08-13 12:53:29.146027,Toys,8,248.94,0.09,,555-331-1623,North
ORD-100978,CUST-231,2026-03-23 23:53:29.146027,2026-03-24 05:53:29.146027,Home & Garden,7,417.47,0.293,user349@example.com,555-863-4449,East
ORD-100774,CUST-299,2026-02-03 23:53:29.146027,2026-02-05 05:53:29.146027,Toys,2,191.4,0.154,user806@example.com,555-772-9535,East
ORD-100759,CUST-647,2026-09-11 23:53:29.146027,2026-09-13 17:53:29.146027,Sports,5,244.98,0.112,,555-800-9209,South
ORD-101611,CUST-825,2026-09-04 23:53:29.146027,2026-09-06 20:53:29.146027,Sports,7,8.85,0.119,user1@example.com,555-686-3532,West
ORD-103192,CUST-131,2026-01-24 23:53:29.146027,2026-01-25 02:53:29.146027,Electronics,7,310.53,0.013,user501@example.com,555-718-3380,South
ORD-102220,CUST-67,2026-03-04 23:53:29.146027,2026-03-06 03:53:29.146027,Sports,7,47.73,0.186,user197@example.com,555-410-6268,
ORD-102882,CUST-718,2026-02-17 23:53:29.146027,2026-02-19 11:53:29.146027,Apparel,9,352.31,0.152,user566@example.com,555-957-7624,South
ORD-102075,CUST-603,2026-03-29 23:53:29.146027,2026-03-30 14:53:29.146027,Apparel,1,388.69,0.266,user555@example.com,555-329-2953,South
ORD-100110,CUST-413,2026-03-08 23:53:29.146027,2026-03-10 04:53:29.146027,Apparel,4,160.09,0.032,user833@example.com,555-733-3478,South
ORD-104156,CUST-485,2026-07-10 23:53:29.146027,2026-07-11 02:53:29.146027,Electronics,8,338.33,0.128,user296@example.com,555-511-9050,North
ORD-104332,CUST-909,2026-09-28 23:53:29.146027,2026-09-30 15:53:29.146027,Electronics,8,475.3,0.227,user357@example.com,555-143-8883,South
ORD-100490,CUST-216,2026-06-15 23:53:29.146027,2026-06-16 11:53:29.146027,Sports,7,391.9,0.101,user209@example.com,555-359-7578,South
ORD-101190,CUST-1092,2026-04-20 23:53:29.146027,2026-04-21 00:53:29.146027,Electronics,7,343.3,0.265,user1124@example.com,555-491-3298,West
ORD-103690,CUST-1118,2026-07-21 23:53:29.146027,2026-07-22 21:53:29.146027,Apparel,7,105.75,0.06,user1067@example.com,555-364-5557,East
ORD-103373,CUST-36,2026-07-15 23:53:29.146027,2026-07-16 09:53:29.146027,Home & Garden,8,402.11,0.095,user300@example.com,555-777-5100,East
ORD-101479,CUST-193,2026-02-14 23:53:29.146027,2026-02-16 11:53:29.146027,Home & Garden,2,271.72,0.251,user816@example.com,555-170-4163,West
ORD-102609,CUST-1005,2026-07-10 23:53:29.146027,2026-07-11 16:53:29.146027,Sports,2,192.93,0.082,user207@example.com,555-265-9632,South
ORD-102474,CUST-834,2026-01-11 23:53:29.146027,2026-01-12 01:53:29.146027,Home & Garden,4,408.9,0.146,user347@example.com,555-114-5251,East
ORD-101906,CUST-1165,2026-04-28 23:53:29.146027,2026-04-29 13:53:29.146027,Electronics,9,372.4,0.179,user238@example.com,555-631-4417,North
ORD-104473,CUST-906,2026-01-09 23:53:29.146027,2026-01-10 08:53:29.146027,Home & Garden,5,375.65,0.099,user208@example.com,555-733-8774,East
ORD-101298,CUST-1168,2026-04-04 23:53:29.146027,2026-04-06 08:53:29.146027,Apparel,2,311.56,0.045,user994@example.com,555-938-4086,South
ORD-102072,CUST-858,2026-03-23 23:53:29.146027,2026-03-25 00:53:29.146027,Sports,6,113.26,0.232,user609@example.com,555-400-8938,West
ORD-104715,CUST-576,2026-08-30 23:53:29.146027,2026-09-01 03:53:29.146027,Toys,2,321.92,0.183,user902@example.com,555-505-1215,South
ORD-100071,CUST-1051,2026-03-02 23:53:29.146027,2026-03-04 17:53:29.146027,Toys,4,378.87,0.06,user1131@example.com,555-610-7551,South
ORD-103462,CUST-7,2026-07-13 23:53:29.146027,2026-07-14 05:53:29.146027,Home & Garden,9,25.36,0.035,user266@example.com,555-961-9300,East
ORD-103700,CUST-940,2026-01-18 23:53:29.146027,2026-01-20 21:53:29.146027,Groceries,2,52.09,0.23,user1079@example.com,555-213-6555,East
ORD-101852,CUST-424,2026-03-09 23:53:29.146027,2026-03-10 22:53:29.146027,Toys,5,208.61,0.151,user607@example.com,555-307-1433,North
ORD-101942,CUST-156,2026-05-25 23:53:29.146027,2026-05-26 00:53:29.146027,Home & Garden,6,255.96,0.05,user852@example.com,555-415-3658,South
ORD-101254,CUST-52,2026-05-26 23:53:29.146027,2026-05-27 16:53:29.146027,Groceries,1,103.89,0.059,user208@example.com,555-504-5926,North
ORD-102463,CUST-234,2026-04-05 23:53:29.146027,2026-04-06 01:53:29.146027,Toys,-8,190.69,0.155,user966@example.com,555-977-5238,North
ORD-100184,CUST-383,2026-06-09 23:53:29.146027,2026-06-10 03:53:29.146027,Home & Garden,3,492.76,0.051,user380@example.com,555-124-9134,East
ORD-100824,CUST-54,2026-08-16 23:53:29.146027,2026-08-18 08:53:29.146027,Apparel,3,62.5,0.15,user47@example.com,555-420-4459,South
ORD-100386,CUST-884,2026-03-30 23:53:29.146027,2026-04-01 21:53:29.146027,Groceries,3,244.27,0.067,user181@example.com,555-919-9832,South
ORD-101719,CUST-831,2026-01-18 23:53:29.146027,2026-01-20 06:53:29.146027,Groceries,3,137.19,0.21,user289@example.com,555-308-7854,North
ORD-103435,CUST-1116,2026-04-26 23:53:29.146027,2026-04-27 16:53:29.146027,Toys,7,251.29,0.035,user741@example.com,555-271-7361,South
ORD-103808,CUST-732,2026-04-09 23:53:29.146027,2026-04-10 19:53:29.146027,Apparel,1,382.58,0.295,user359@example.com,555-552-8246,West
ORD-102512,CUST-1127,2026-05-29 23:53:29.146027,2026-05-30 17:53:29.146027,Home & Garden,5,285.84,0.04,user553@example.com,555-753-3098,North
ORD-100468,CUST-240,2026-02-13 23:53:29.146027,2026-02-15 01:53:29.146027,Toys,2,157.05,0.249,user1158@example.com,555-537-1260,South
ORD-101418,CUST-235,2026-05-31 23:53:29.146027,2026-06-02 01:53:29.146027,Sports,5,495.34,0.242,user774@example.com,555-430-1969,West
ORD-103079,CUST-675,2026-01-28 23:53:29.146027,2026-01-30 17:53:29.146027,Groceries,4,341.65,0.275,user387@example.com,555-220-2487,North
ORD-100536,CUST-387,2026-08-22 23:53:29.146027,2026-08-23 10:53:29.146027,Home & Garden,2,381.91,0.041,user762@example.com,555-730-9385,East
ORD-102281,CUST-431,2026-05-25 23:53:29.146027,2026-05-26 04:53:29.146027,Home & Garden,5,359.56,0.275,user655@example.com,555-328-7780,North
ORD-100341,CUST-999,2026-05-12 23:53:29.146027,2026-05-13 18:53:29.146027,Toys,1,224.74,0.068,user1149@example.com,555-454-6118,East
ORD-102976,CUST-12,2026-07-10 23:53:29.146027,2026-07-11 19:53:29.146027,Apparel,2,400.28,0.015,user280@example.com,555-283-4842,East
ORD-103929,CUST-1131,2026-03-10 23:53:29.146027,2026-03-11 07:53:29.146027,Apparel,9,37.7,0.116,user256@example.com,555-533-3198,South
ORD-101995,CUST-803,2026-02-24 23:53:29.146027,2026-02-24 23:53:29.146027,Electronics,7,317.32,0.065,user254@example.com,555-765-3742,North
ORD-103357,CUST-795,2026-02-21 23:53:29.146027,2026-02-22 10:53:29.146027,Toys,2,491.68,0.087,user774@example.com,555-203-1198,North
ORD-101619,CUST-213,2026-09-18 23:53:29.146027,2026-09-19 19:53:29.146027,Groceries,8,329.87,0.285,user583@example.com,555-780-7485,East
ORD-103416,CUST-1175,2026-03-05 23:53:29.146027,2026-03-06 01:53:29.146027,Electronics,6,309.11,0.013,user769@example.com,555-565-8715,East
ORD-102571,CUST-144,2026-08-23 23:53:29.146027,2026-08-25 07:53:29.146027,Sports,7,145.45,0.209,user611@example.com,555-825-6864,South
ORD-102956,CUST-761,2026-02-04 23:53:29.146027,2026-02-06 03:53:29.146027,toys,5,402.4,0.205,user580@example.com,555-253-4112,East
ORD-104632,CUST-517,2026-06-06 23:53:29.146027,2026-06-08 19:53:29.146027,Apparel,-5,469.87,0.282,user238@example.com,555-449-2714,South
ORD-101927,CUST-786,2026-03-16 23:53:29.146027,2026-03-18 18:53:29.146027,Home & Garden,8,14.79,0.175,user336@example.com,555-547-8956,South
ORD-102582,CUST-347,2026-06-14 23:53:29.146027,2026-06-16 12:53:29.146027,Electronics,5,298.36,0.189,user860@example.com,555-277-4146,West
ORD-100719,CUST-443,2026-07-06 23:53:29.146027,2026-07-07 19:53:29.146027,Sports,7,157.16,0.248,user326@example.com,555-949-6139,South
ORD-101083,CUST-334,2026-07-03 23:53:29.146027,2026-07-05 12:53:29.146027,Sports,-8,372.07,0.121,user803@example.com,555-354-4634,South
ORD-102691,CUST-850,2026-05-21 23:53:29.146027,2026-05-23 04:53:29.146027,Sports,2,206.46,0.02,user1186@example.com,555-992-9043,North
ORD-102841,CUST-518,2026-04-16 23:53:29.146027,2026-04-18 06:53:29.146027,Home & Garden,5,322.13,0.182,user1104@example.com,555-527-6123,West
ORD-100749,CUST-695,2026-03-10 23:53:29.146027,2026-03-12 01:53:29.146027,Apparel,3,78.1,0.143,user1060@example.com,555-259-3531,East
ORD-103214,CUST-781,2026-08-03 23:53:29.146027,2026-08-05 08:53:29.146027,Groceries,1,198.26,0.223,user275@example.com,555-416-4173,West
ORD-102343,CUST-1055,2026-08-07 23:53:29.146027,2026-08-08 12:53:29.146027,Electronics,6,425.32,0.042,user552@example.com,555-794-4945,South
ORD-102783,CUST-793,2026-03-11 23:53:29.146027,2026-03-12 11:53:29.146027,Apparel,8,93.03,0.145,user172@example.com,555-423-6423,West
ORD-101558,CUST-56,2026-07-10 23:53:29.146027,2026-07-12 19:53:29.146027,Toys,6,39.97,0.154,user248@example.com,555-426-4589,East
ORD-101081,CUST-778,2026-09-13 23:53:29.146027,2026-09-14 18:53:29.146027,Sports,2,346.66,0.119,user160@example.com,555-995-4460,South
ORD-100920,CUST-29,2026-05-01 23:53:29.146027,2026-05-03 11:53:29.146027,Toys,7,212.61,0.238,user710@example.com,555-573-9290,East
ORD-102722,CUST-879,2026-09-24 23:53:29.146027,2026-09-26 08:53:29.146027,Apparel,3,151.6,0.024,user1016@example.com,555-657-2717,West
ORD-101853,CUST-422,2026-07-18 23:53:29.146027,2026-07-20 17:53:29.146027,Electronics,7,299.71,0.023,user250@example.com,555-384-3799,East
ORD-103105,CUST-203,2026-05-05 23:53:29.146027,2026-05-05 23:53:29.146027,Sports,2,26.64,0.227,user1092@example.com,555-307-5324,West
ORD-104827,CUST-764,2026-08-07 23:53:29.146027,2026-08-08 15:53:29.146027,Home & Garden,2,358.86,0.165,user827@example.com,555-805-7282,North
ORD-100848,CUST-798,2026-08-10 23:53:29.146027,2026-08-11 13:53:29.146027,Groceries,9,39.57,0.009,user653@example.com,555-545-7113,West
ORD-101603,CUST-209,2026-02-18 23:53:29.146027,2026-02-20 04:53:29.146027,Sports,2,144.49,0.155,user1193@example.com,555-689-3894,West
ORD-104007,CUST-846,2026-07-22 23:53:29.146027,2026-07-23 19:53:29.146027,Electronics,9,370.96,0.096,user848@example.com,555-116-6093,East
ORD-104299,CUST-969,2026-09-14 23:53:29.146027,2026-09-15 08:53:29.146027,Sports,6,342.61,0.256,user904@example.com,555-617-1383,South
ORD-102306,CUST-214,2026-02-05 23:53:29.146027,2026-02-07 12:53:29.146027,Toys,9,249.53,0.117,user783@example.com,555-683-3521,South
ORD-104941,CUST-69,2026-03-20 23:53:29.146027,2026-03-22 05:53:29.146027, Groceries ,1,376.91,0.261,user1011@example.com,555-915-3786,East
ORD-104471,CUST-1137,2026-09-21 23:53:29.146027,2026-09-23 01:53:29.146027,Electronics,2,207.82,0.037,user611@example.com,555-180-4457,South
ORD-102957,CUST-802,2026-10-01 23:53:29.146027,2026-10-02 03:53:29.146027,Apparel,6,404.87,0.023,user577@example.com,555-461-1871,North
ORD-104551,CUST-1122,2026-07-18 23:53:29.146027,2026-07-19 19:53:29.146027,Home & Garden,2,341.46,0.284,user119@example.com,555-846-3473,East
ORD-104908,CUST-1097,2026-06-06 23:53:29.146027,2026-06-07 09:53:29.146027,Apparel,5,358.39,0.078,user631@example.com,555-739-9642,East
ORD-104573,CUST-739,2026-08-13 23:53:29.146027,2026-08-14 11:53:29.146027,Home & Garden,1,228.05,0.194,user1065@example.com,555-377-7375,North
ORD-101294,CUST-541,2026-02-14 23:53:29.146027,2026-02-15 21:53:29.146027,Home & Garden,6,13.24,0.023,user1182@example.com,555-785-5508,North
ORD-102189,CUST-467,2026-04-05 23:53:29.146027,2026-04-06 13:53:29.146027,Home & Garden,2,465.13,0.188,user717@example.com,555-761-2301,West
ORD-101531,CUST-630,2026-07-29 23:53:29.146027,2026-07-31 21:53:29.146027,Toys,5,490.68,0.155,,555-808-6149,West
ORD-104527,CUST-159,2026-02-27 23:53:29.146027,2026-02-28 07:53:29.146027,Toys,6,266.49,0.203,user995@example.com,555-435-6349,South
ORD-101387,CUST-483,2026-02-17 23:53:29.146027,2026-02-19 06:53:29.146027,Groceries,1,220.78,0.014,user811@example.com,555-944-7895,West
ORD-102541,CUST-209,2026-06-21 23:53:29.146027,2026-06-22 10:53:29.146027,Sports,8,340.4,0.156,user539@example.com,555-877-5803,West
ORD-101251,CUST-424,2026-02-10 23:53:29.146027,2026-02-12 22:53:29.146027,Electronics,7,100.44,0.125,user978@example.com,555-683-5328,East
ORD-101892,CUST-431,2026-04-03 23:53:29.146027,2026-04-05 16:53:29.146027,Sports,4,309.19,0.117,user1012@example.com,555-495-4117,South
ORD-100568,CUST-458,2026-09-18 23:53:29.146027,2026-09-19 12:53:29.146027,Toys,6,207.09,0.042,user439@example.com,555-442-9850,West
ORD-104554,CUST-503,2026-01-19 23:53:29.146027,2026-01-21 00:53:29.146027,Toys,1,284.43,0.113,user1146@example.com,555-919-4917,West
ORD-100436,CUST-707,2026-03-30 23:53:29.146027,2026-04-01 03:53:29.146027,Groceries,3,32.71,0.085,user572@example.com,555-298-4688,South
ORD-101559,CUST-736,2026-02-15 23:53:29.146027,2026-02-16 19:53:29.146027,Apparel,3,311.68,0.079,user1072@example.com,555-611-6110,East
ORD-103133,CUST-239,2026-05-19 23:53:29.146027,2026-05-20 14:53:29.146027,Sports,8,352.7,0.258,user741@example.com,555-986-1237,West
ORD-100655,CUST-297,2026-09-30 23:53:29.146027,2026-10-02 05:53:29.146027,Electronics,7,414.51,0.15,user124@example.com,555-553-9011,East
ORD-102547,CUST-113,2026-04-22 23:53:29.146027,2026-04-23 14:53:29.146027,Electronics,7,461.92,0.172,user957@example.com,555-928-9264,North
ORD-100780,CUST-448,2026-08-20 23:53:29.146027,2026-08-22 18:53:29.146027,Electronics,9,321.76,0.259,user916@example.com,555-201-8370,East
ORD-103017,CUST-818,2026-07-10 23:53:29.146027,2026-07-12 08:53:29.146027,Toys,2,418.06,0.268,user774@example.com,555-508-5092,South
ORD-104966,CUST-360,2026-03-30 23:53:29.146027,2026-04-01 19:53:29.146027,Toys,5,264.56,0.246,user922@example.com,555-908-4640,South
ORD-103725,CUST-420,2026-05-30 23:53:29.146027,2026-05-31 07:53:29.146027,Sports,8,342.37,0.05,user98@example.com,555-502-7339,East
ORD-101197,CUST-772,2026-07-13 23:53:29.146027,2026-07-14 07:53:29.146027,Toys,8,168.14,0.167,user504@example.com,555-920-6668,East
ORD-102608,CUST-849,2026-03-22 23:53:29.146027,2026-03-23 22:53:29.146027,Apparel,5,167.87,0.08,user912@example.com,555-437-1449,North
ORD-104448,CUST-338,2026-09-01 23:53:29.146027,2026-09-02 15:53:29.146027,Groceries,8,439.82,0.234,user768@example.com,555-913-7780,East
ORD-101987,CUST-168,2026-09-23 23:53:29.146027,2026-09-24 03:53:29.146027,Apparel,3,329.52,0.297,user542@example.com,555-400-4597,South
ORD-100845,CUST-380,2026-01-24 23:53:29.146027,2026-01-26 18:53:29.146027,Home & Garden,8,190.78,0.035,user1063@example.com,555-907-3185,South
ORD-100602,CUST-699,2026-03-01 23:53:29.146027,2026-03-02 17:53:29.146027,Home & Garden,8,267.16,0.275,user533@example.com,555-178-2135,South
ORD-103686,CUST-1068,2026-02-11 23:53:29.146027,2026-02-13 17:53:29.146027,Sports,3,86.31,0.018,user773@example.com,555-938-2816,East
ORD-103801,CUST-884,2026-03-14 23:53:29.146027,2026-03-15 12:53:29.146027,Home & Garden,6,447.23,0.293,user741@example.com,555-418-4639,West
ORD-100108,CUST-456,2026-06-17 23:53:29.146027,2026-06-19 16:53:29.146027,Home & Garden,5,457.23,0.201,user886@example.com,555-478-3280,West
ORD-104329,CUST-487,2026-02-14 23:53:29.146027,2026-02-16 10:53:29.146027,Electronics,9,106.9,0.026,user787@example.com,555-397-3197,West
ORD-103005,CUST-560,2026-02-04 23:53:29.146027,2026-02-06 00:53:29.146027,Toys,1,118.83,0.013,user949@example.com,555-953-9585,West
ORD-101947,CUST-719,2026-05-20 23:53:29.146027,2026-05-22 03:53:29.146027,Sports,9,184.36,0.229,user364@example.com,555-390-4422,East
ORD-101302,CUST-1126,2026-03-09 23:53:29.146027,2026-03-10 16:53:29.146027,Electronics,N/A,39.17,0.196,user392@example.com,555-520-6607,South
ORD-100828,CUST-497,2026-03-09 23:53:29.146027,2026-03-10 19:53:29.146027,home & garden,1,27.7,0.046,user695@example.com,555-847-1642,North
ORD-100151,CUST-630,2026-08-23 23:53:29.146027,2026-08-25 01:53:29.146027,Groceries,4,70.48,0.175,user927@example.com,555-518-4197,East
ORD-103759,CUST-119,2026-01-08 23:53:29.146027,2026-01-09 06:53:29.146027,Home & Garden,4,89.84,0.081,user1075@example.com,555-541-1868,North
ORD-103148,CUST-513,2026-03-16 23:53:29.146027,2026-03-18 20:53:29.146027,Groceries,7,74.8,0.104,user390@example.com,555-743-8919,South
ORD-104813,CUST-1187,2026-06-16 23:53:29.146027,2026-06-18 20:53:29.146027,Home & Garden,4,148.49,0.033,user1057@example.com,555-902-1549,West
ORD-104423,CUST-182,2026-09-08 23:53:29.146027,2026-09-10 14:53:29.146027,Toys,1,104.83,0.203,user583@example.com,555-753-5374,North
ORD-102084,CUST-557,2026-09-10 23:53:29.146027,2026-09-12 15:53:29.146027,Electronics,9,490.36,0.094,user253@example.com,555-600-5738,West
ORD-102073,CUST-1111,2026-01-14 23:53:29.146027,2026-01-15 04:53:29.146027,Sports,1,87.09,0.151,user1116@example.com,555-914-3774,South
ORD-103699,CUST-1065,2026-09-06 23:53:29.146027,2026-09-07 19:53:29.146027,Apparel,3,47.64,0.07,user501@example.com,555-522-1238,South
ORD-100397,CUST-332,2026-09-17 23:53:29.146027,2026-09-19 06:53:29.146027,Apparel,7,465.2,0.265,user385@example.com,555-327-9380,West
ORD-100166,CUST-1134,2026-01-20 23:53:29.146027,2026-01-22 02:53:29.146027,Apparel,4,141.59,0.238,user820@example.com,555-408-4811,
ORD-103383,CUST-931,2026-03-20 23:53:29.146027,2026-03-21 13:53:29.146027,Sports,2,471.24,0.033,user148@example.com,555-172-1861,North
ORD-101225,CUST-450,2026-08-25 23:53:29.146027,2026-08-25 23:53:29.146027,Groceries,9,72.03,0.202,user175@example.com,555-637-8008,South
ORD-101796,CUST-576,2026-07-07 23:53:29.146027,2026-07-09 08:53:29.146027,Electronics,9,499.87,0.22,user841@example.com,555-760-3241,South
ORD-101642,CUST-613,2026-02-16 23:53:29.146027,2026-02-18 17:53:29.146027,Home & Garden,8,444.98,0.083,user352@example.com,555-692-8788,East
ORD-100142,CUST-1006,2026-01-10 23:53:29.146027,2026-01-12 10:53:29.146027,Home & Garden,5,489.81,0.18,,555-450-7460,West
ORD-101240,CUST-227,2026-08-09 23:53:29.146027,2026-08-10 00:53:29.146027,Electronics,8,22.0,0.248,user266@example.com,555-678-8933,East
ORD-101986,CUST-415,2026-01-23 23:53:29.146027,2026-01-25 15:53:29.146027,Toys,8,362.42,0.134,user902@example.com,555-890-9377,East
ORD-102933,CUST-1036,2026-02-27 23:53:29.146027,2026-02-28 08:53:29.146027,Toys,5,267.56,0.059,user860@example.com,555-823-9040,West
ORD-102223,CUST-95,2026-05-25 23:53:29.146027,2026-05-26 14:53:29.146027,Electronics,7,57.53,0.053,user221@example.com,555-515-3730,South
ORD-100237,CUST-492,2026-04-30 23:53:29.146027,2026-05-02 19:53:29.146027,Groceries,1,424.2,0.162,user989@example.com,555-652-2467,West
ORD-100989,CUST-780,2026-07-11 23:53:29.146027,2026-07-12 13:53:29.146027,Home & Garden,1,485.57,0.069,user1090@example.com,555-998-4398,North
ORD-104258,CUST-64,2026-05-29 23:53:29.146027,2026-05-29 23:53:29.146027,Toys,5,229.28,0.064,user1030@example.com,555-880-6354,North
ORD-101758,CUST-370,2026-04-21 23:53:29.146027,2026-04-22 03:53:29.146027,Groceries,5,221.03,0.132,user629@example.com,555-577-7493,South
ORD-101021,CUST-102,2026-07-16 23:53:29.146027,2026-07-18 03:53:29.146027,Home & Garden,4,228.54,0.039,user381@example.com,555-339-6927,West
ORD-104192,CUST-276,2026-02-23 23:53:29.146027,2026-02-24 04:53:29.146027,Sports,6,83.59,0.144,user322@example.com,555-289-7763,West
ORD-100866,CUST-651,2026-04-25 23:53:29.146027,2026-04-27 02:53:29.146027,Apparel,8,256.67,0.238,user740@example.com,555-457-8665,North
ORD-104510,CUST-98,2026-01-26 23:53:29.146027,2026-01-27 16:53:29.146027,Apparel,7,440.26,0.136,user420@example.com,555-235-2691,West
ORD-102801,CUST-825,2026-05-11 23:53:29.146027,2026-05-13 02:53:29.146027,Home & Garden,4,226.44,0.244,user845@example.com,555-226-6606,North
ORD-104447,CUST-528,2026-09-07 23:53:29.146027,2026-09-08 10:53:29.146027,Groceries,3,167.46,0.261,user948@example.com,555-114-3413,West
ORD-102509,CUST-193,2026-09-17 23:53:29.146027,2026-09-19 02:53:29.146027,Groceries,7,114.27,0.285,user780@example.com,555-274-8987,East
ORD-101697,CUST-863,2026-07-16 23:53:29.146027,2026-07-18 18:53:29.146027,Apparel,7,74.05,0.278,user429@example.com,555-164-2038,North
ORD-102478,CUST-919,2026-07-15 23:53:29.146027,2026-07-17 12:53:29.146027,Home & Garden,6,104.05,0.165,user910@example.com,555-828-5944,West
ORD-102217,CUST-1073,2026-07-28 23:53:29.146027,2026-07-30 21:53:29.146027,Apparel,1,443.93,0.149,user411@example.com,555-461-5521,East
ORD-103110,CUST-915,2026-08-31 23:53:29.146027,2026-09-01 20:53:29.146027,Apparel,7,104.14,0.137,user1019@example.com,555-530-6548,West
ORD-103280,CUST-1166,2026-10-01 23:53:29.146027,2026-10-02 22:53:29.146027,Sports,9,442.16,0.121,user644@example.com,555-680-9841,North
ORD-104251,CUST-535,2026-01-30 23:53:29.146027,2026-01-31 10:53:29.146027,Electronics,3,473.07,0.244,user644@example.com,555-512-6376,West
ORD-101582,CUST-857,2026-09-12 23:53:29.146027,2026-09-13 22:53:29.146027,Toys,9,6.99,0.194,user1064@example.com,555-909-2256,South
ORD-100803,CUST-972,2026-09-16 23:53:29.146027,2026-09-18 22:53:29.146027,Groceries,1,257.67,0.168,user599@example.com,555-950-3156,West
ORD-101226,CUST-105,2026-02-26 23:53:29.146027,2026-02-27 00:53:29.146027,Toys,2,348.47,0.136,user602@example.com,555-746-4298,East
ORD-101203,CUST-899,2026-07-29 23:53:29.146027,2026-07-30 01:53:29.146027,Appparel,7,359.4,0.169,user317@example.com,555-130-5925,East
ORD-104017,CUST-713,2026-04-07 23:53:29.146027,2026-04-08 05:53:29.146027,Apparel,3,366.5,0.067,user408@example.com,555-733-8057,East
ORD-103242,CUST-164,2026-05-06 23:53:29.146027,2026-05-07 10:53:29.146027,Electronics,8,39.98,0.173,user330@example.com,555-902-7826,North
ORD-102762,CUST-627,2026-03-05 23:53:29.146027,2026-03-06 18:53:29.146027,Home & Garden,5,183.07,0.255,user526@example.com,555-929-3818,North
ORD-102917,CUST-796,2026-10-01 23:53:29.146027,2026-10-03 22:53:29.146027,Sports,8,333.4,0.103,user6@example.com,555-507-5887,North
ORD-104770,CUST-1192,2026-08-16 23:53:29.146027,2026-08-18 20:53:29.146027,Electronics,2,26.56,0.029,user1095@example.com,555-539-1699,East
ORD-100401,CUST-559,2026-08-14 23:53:29.146027,2026-08-16 09:53:29.146027,Groceries,-4,128.18,0.171,user320@example.com,555-546-6548,East
ORD-102817,CUST-1167,2026-08-17 23:53:29.146027,2026-08-18 21:53:29.146027,Electronics,5,289.96,0.03,user58@example.com,555-569-1213,South
ORD-104957,CUST-840,2026-08-12 23:53:29.146027,2026-08-13 07:53:29.146027,Home & Garden,7,143.86,0.016,user585@example.com,555-948-7242,East
ORD-101267,CUST-1088,2026-03-22 23:53:29.146027,2026-03-23 07:53:29.146027,Apparel,1,103.46,0.043,user566@example.com,555-641-1440,North
ORD-100805,CUST-919,2026-02-17 23:53:29.146027,2026-02-19 07:53:29.146027,Electronics,6,315.77,0.254,user230@example.com,555-428-6571,East
ORD-101443,CUST-179,2026-08-15 23:53:29.146027,2026-08-16 01:53:29.146027,Groceries,-8,168.99,0.045,user565@example.com,555-197-9270,West
ORD-100959,CUST-713,2026-02-25 23:53:29.146027,2026-02-27 07:53:29.146027,Apparel,4,315.25,0.133,user491@example.com,555-664-1929,South
ORD-104391,CUST-40,2026-02-19 23:53:29.146027,2026-02-20 12:53:29.146027,Sports,9,370.54,0.26,user204@example.com,555-155-4918,West
ORD-100185,CUST-362,2026-05-13 23:53:29.146027,2026-05-14 12:53:29.146027,Electronics,3,360.03,0.01,user404@example.com,555-439-8269,East
ORD-103830,CUST-433,2026-10-01 23:53:29.146027,2026-10-03 16:53:29.146027,Sports,5,452.51,0.254,user678@example.com,555-601-2157,East
ORD-102085,CUST-953,2026-01-30 23:53:29.146027,2026-01-31 14:53:29.146027,Electronics,1,384.13,0.191,user720@example.com,555-793-1296,North
ORD-100096,CUST-625,2026-07-22 23:53:29.146027,2026-07-24 17:53:29.146027,Toys,1,243.83,0.29,user377@example.com,555-134-3950,North
ORD-104531,CUST-609,2026-01-29 23:53:29.146027,2026-01-30 20:53:29.146027,Groceries,2,482.3,0.043,user17@example.com,555-370-4651,West
ORD-104801,CUST-343,2026-02-17 23:53:29.146027,2026-02-19 06:53:29.146027,Apparel,8,265.35,0.088,user931@example.com,555-871-3898,West
ORD-102119,CUST-909,2026-08-01 23:53:29.146027,2026-08-02 09:53:29.146027,Apparel,5,309.14,0.035,user476@example.com,555-322-2853,North
ORD-103763,CUST-236,2026-04-06 23:53:29.146027,2026-04-07 14:53:29.146027,Electronics,4,246.01,0.005,,555-519-9298,West
ORD-103421,CUST-67,31/02/2025,2026-05-23 01:53:29.146027,Groceries,1,196.35,0.245,user634@example.com,555-229-9598,West
ORD-100669,CUST-806,2026-09-10 23:53:29.146027,2026-09-12 22:53:29.146027,Toys,5,339.91,0.001,user740@example.com,555-489-7378,South
ORD-101752,CUST-606,2026-06-14 23:53:29.146027,2026-06-15 02:53:29.146027,Home & Garden,8,63.22,0.052,user10@example.com,555-311-8611,North
ORD-102987,CUST-729,2026-03-27 23:53:29.146027,2026-03-29 02:53:29.146027,Electronics,7,112.01,0.066,user747@example.com,555-828-5095,West
ORD-102572,CUST-146,2026-02-08 23:53:29.146027,2026-02-09 22:53:29.146027,Toys,1,53.63,0.007,user927@example.com,555-495-2133,West
ORD-102881,CUST-871,2026-03-31 23:53:29.146027,2026-03-31 23:53:29.146027,Electronics,7,108.04,0.06,user909@example.com,555-443-9384,West
ORD-101659,CUST-192,2026-03-30 23:53:29.146027,2026-03-31 15:53:29.146027,Electronics,4,158.03,0.057,user867@example.com,555-811-7041,North
ORD-103465,CUST-748,2026-08-25 23:53:29.146027,2026-08-26 04:53:29.146027,Toys,4,82.14,0.23,user1142@example.com,555-507-9463,West
ORD-102950,CUST-934,2026-08-28 23:53:29.146027,2026-08-29 21:53:29.146027,Toys,6,386.34,0.102,user525@example.com,555-293-8350,South
ORD-102697,CUST-684,2026-01-26 23:53:29.146027,2026-01-28 01:53:29.146027,Groceries,8,225.04,0.111,user320@example.com,555-848-4133,East
ORD-103349,CUST-529,2026-09-16 23:53:29.146027,2026-09-17 11:53:29.146027,Sports,4,293.95,0.016,user1013@example.com,555-459-3387,South
ORD-101377,CUST-1172,2026-05-09 23:53:29.146027,2026-05-10 16:53:29.146027,Apparel,8,406.48,0.079,user1148@example.com,555-592-9665,South
ORD-103244,CUST-167,2026-08-23 23:53:29.146027,2026-08-25 12:53:29.146027,Apparel,2,298.24,0.164,user948@example.com,555-976-1318,East
ORD-103553,CUST-751,2026-09-18 23:53:29.146027,2026-09-19 10:53:29.146027,Sports,8,42.0,0.296,user453@example.com,555-547-1090,North
ORD-104924,CUST-413,2026-06-17 23:53:29.146027,2026-06-19 10:53:29.146027,Electronics,9,55.1,0.04,user799@example.com,555-801-7170,South
ORD-102632,CUST-986,2026-03-08 23:53:29.146027,2026-03-09 19:53:29.146027,Electronics,4,169.93,0.17,user261@example.com,555-462-8401,North
ORD-103593,CUST-689,2026-02-01 23:53:29.146027,2026-02-02 07:53:29.146027,Electronics,3,282.28,0.105,user844@example.com,555-281-5150,East
ORD-104658,CUST-223,2026-01-22 23:53:29.146027,2026-01-23 08:53:29.146027,Groceries,4,198.81,0.264,user394@example.com,555-293-2581,South
ORD-101252,CUST-108,2026-04-01 23:53:29.146027,2026-04-03 16:53:29.146027,Home & Garden,9,365.66,0.04,user1033@example.com,555-586-4700,North
ORD-102757,CUST-711,2026-09-29 23:53:29.146027,2026-09-30 00:53:29.146027,Groceries,2,388.32,0.14,,555-995-1503,South
ORD-104695,CUST-897,2026-06-22 23:53:29.146027,2026-06-24 19:53:29.146027,Toys,9,417.48,0.165,user130@example.com,555-970-9046,South
ORD-100943,CUST-484,2026-04-22 23:53:29.146027,2026-04-24 17:53:29.146027,Groceries,5,76.85,0.179,user1042@example.com,555-719-8753,South
ORD-104074,CUST-335,2026-04-19 23:53:29.146027,2026-04-20 11:53:29.146027,Toys,6,128.32,0.0,user677@example.com,555-147-7104,South
ORD-104685,CUST-817,2026-07-19 23:53:29.146027,2026-07-20 12:53:29.146027,Groceries,2,252.39,0.275,user707@example.com,555-864-4873,East
ORD-100241,CUST-1055,2026-01-10 23:53:29.146027,2026-01-12 21:53:29.146027,Toys,3,171.34,0.073,user920@example.com,555-100-7428,North
ORD-101789,CUST-80,2026-01-30 23:53:29.146027,2026-01-31 23:53:29.146027,Home & Garden,9,229.85,0.056,,555-833-6225,East
ORD-101926,CUST-1112,2026-05-31 23:53:29.146027,2026-06-02 16:53:29.146027,Apparel,7,16.05,0.282,,555-460-6807,West
ORD-100526,CUST-705,2026-05-22 23:53:29.146027,2026-05-23 14:53:29.146027,Groceries,2,29.71,0.156,user575@example.com,555-774-4007,West
ORD-104935,CUST-234,2026-01-16 23:53:29.146027,2026-01-18 11:53:29.146027,Sports,7,499.35,0.25,user1081@example.com,555-454-1421,East
ORD-102587,CUST-485,2026-09-23 23:53:29.146027,2026-09-25 02:53:29.146027,Home & Garden,7,476.8,0.204,user1059@example.com,555-672-1738,North
ORD-103880,CUST-328,2026-04-25 23:53:29.146027,2026-04-26 22:53:29.146027,Apparel,1,495.77,0.006,,555-506-6382,North
ORD-102252,CUST-921,2026-01-31 23:53:29.146027,2026-02-01 20:53:29.146027,Groceries,2,456.93,0.03,user423@example.com,555-243-7962,West
ORD-104146,CUST-963,2026-05-19 23:53:29.146027,2026-05-21 10:53:29.146027,Toys,8,413.91,0.185,user1092@example.com,555-940-2502,West
ORD-102136,CUST-401,2026-08-18 23:53:29.146027,2026-08-19 07:53:29.146027,Electronics,1,133.88,0.14,user666@example.com,555-276-8287,South
ORD-104424,CUST-865,2026-01-10 23:53:29.146027,2026-01-12 04:53:29.146027,Electronics,3,202.13,0.099,user684@example.com,555-918-4147,East
ORD-100429,CUST-448,2026-08-10 23:53:29.146027,2026-08-11 20:53:29.146027,Groceries,2,30.17,0.135,user655@example.com,555-715-1252,North
ORD-104980,CUST-813,2026-08-08 23:53:29.146027,2026-08-10 03:53:29.146027,Sports,2,73.84,0.168,user329@example.com,555-935-8798,South
ORD-102066,CUST-843,2026-08-14 23:53:29.146027,2026-08-16 17:53:29.146027,Groceries,9,453.15,0.026,user500@example.com,555-948-1826,South
ORD-102325,CUST-978,2026-09-24 23:53:29.146027,2026-09-26 21:53:29.146027,Toys,5,327.23,0.064,user1065@example.com,555-679-7013,West
ORD-104459,CUST-536,2026-05-17 23:53:29.146027,2026-05-18 00:53:29.146027,Apparel,9,449.22,0.105,user556@example.com,555-925-1724,West
ORD-104614,CUST-356,2026-03-18 23:53:29.146027,2026-03-19 09:53:29.146027,Toys,1,480.8,0.045,user922@example.com,555-123-3892,West
ORD-101478,CUST-280,2026-07-14 23:53:29.146027,2026-07-16 19:53:29.146027,Sports,8,154.1,0.196,,555-414-4324,North
ORD-100338,CUST-759,2026-02-09 23:53:29.146027,2026-02-11 10:53:29.146027,Apparel,4,167.37,0.2,user446@example.com,555-342-9927,North
ORD-102074,CUST-185,2026-07-15 23:53:29.146027,2026-07-16 02:53:29.146027,Apparel,4,85.03,0.24,user269@example.com,555-376-2886,East
ORD-102011,CUST-270,2026-05-27 23:53:29.146027,2026-05-29 10:53:29.146027,Electronics,3,405.72,0.106,user1155@example.com,555-741-3736,West
ORD-100253,CUST-397,2026-03-01 23:53:29.146027,2026-03-03 17:53:29.146027,Apparel,9,340.81,0.233,user303@example.com,555-721-3770,East
ORD-100320,CUST-549,2026-05-13 23:53:29.146027,2026-05-15 16:53:29.146027,Groceries,8,476.27,0.084,user23@example.com,555-159-5665,South
ORD-102048,CUST-1052,2026-07-15 23:53:29.146027,2026-07-16 10:53:29.146027,Apparel,5,406.97,0.225,user972@example.com,555-521-6270,North
ORD-100946,CUST-832,31/02/2025,2026-03-27 13:53:29.146027,Sports,3,20.14,0.085,user1111@example.com,555-721-6989,South
ORD-102573,CUST-679,2026-04-09 23:53:29.146027,2026-04-11 08:53:29.146027,Sports,-1,17.02,0.125,user54@example.com,555-485-9762,South
ORD-101084,CUST-617,2026-06-16 23:53:29.146027,2026-06-17 00:53:29.146027,Electronics,4,70.61,0.079,user119@example.com,555-408-2987,South
ORD-101191,CUST-101,2026-05-25 23:53:29.146027,2026-05-27 18:53:29.146027,Home & Garden,8,174.44,0.092,user732@example.com,555-724-1120,East
ORD-100620,CUST-537,2026-05-03 23:53:29.146027,2026-05-05 05:53:29.146027,Sports,5,175.84,0.173,user36@example.com,555-879-8602,West
ORD-102098,CUST-964,2026-05-02 23:53:29.146027,2026-05-03 23:53:29.146027,Apparel,2,347.28,0.186,user178@example.com,555-150-7768,North
ORD-100750,CUST-816,2026-07-09 23:53:29.146027,2026-07-10 21:53:29.146027,Home & Garden,2,23.26,0.232,user1090@example.com,555-460-4260,North
ORD-103691,CUST-192,2026-04-13 23:53:29.146027,2026-04-14 03:53:29.146027,Groceries,3,51.65,0.09,user316@example.com,555-142-5603,East
ORD-103951,CUST-668,2026-05-07 23:53:29.146027,2026-05-08 23:53:29.146027,Groceries,8,169.05,0.268,user1193@example.com,555-871-3655,East
ORD-101864,CUST-727,2026-08-29 23:53:29.146027,2026-08-30 15:53:29.146027,Home & Garden,9,169.49,0.293,user268@example.com,555-312-5946,East
ORD-101958,CUST-816,2026-07-28 23:53:29.146027,2026-07-29 00:53:29.146027,Home & Garden,7,131.56,0.279,user712@example.com,555-326-4573,West
ORD-103041,CUST-864,2026-01-07 23:53:29.146027,2026-01-08 04:53:29.146027,Toys,8,0.0,0.143,user1133@example.com,555-104-7611,West
ORD-103774,CUST-63,2026-07-11 23:53:29.146027,2026-07-13 20:53:29.146027,Electronics,5,75.0,0.097,user571@example.com,555-689-2795,East
ORD-101777,CUST-562,2026-06-26 23:53:29.146027,2026-06-27 00:53:29.146027,GROCERIES,8,490.96,0.101,user858@example.com,555-537-2126,North
ORD-100577,CUST-706,2026-07-28 23:53:29.146027,2026-07-29 22:53:29.146027,Apparel,5,295.58,0.256,user349@example.com,555-820-3899,South
ORD-101667,CUST-613,2026-06-27 23:53:29.146027,2026-06-29 11:53:29.146027,Apparel,5,438.62,0.244,user683@example.com,555-454-4043,North
ORD-101395,CUST-1057,2026-06-12 23:53:29.146027,2026-06-14 13:53:29.146027,Toys,7,474.6,0.248,user106@example.com,555-818-8725,North
ORD-102183,CUST-566,2026-06-18 23:53:29.146027,2026-06-20 06:53:29.146027,Sports,9,426.51,0.273,user852@example.com,555-112-2181,East
ORD-101805,CUST-234,2026-09-21 23:53:29.146027,2026-09-23 15:53:29.146027,Sports,6,198.16,0.214,user610@example.com,555-287-3326,West
ORD-104410,CUST-658,2026-02-04 23:53:29.146027,2026-02-06 22:53:29.146027,Sports,4,417.53,0.11,user121@example.com,555-604-9502,North
ORD-100270,CUST-532,2026-03-07 23:53:29.146027,2026-03-09 04:53:29.146027,Electronics,9,179.18,0.035,user668@example.com,555-931-5859,East
ORD-100170,CUST-440,2026-09-25 23:53:29.146027,2026-09-26 01:53:29.146027,Sports,2,146.2,0.065,user204@example.com,555-268-2951,West
ORD-102041,CUST-217,2026-07-05 23:53:29.146027,2026-07-07 22:53:29.146027,Home & Garden,2,153.17,0.195,user412@example.com,555-862-6436,North
ORD-103143,CUST-1165,2026-04-07 23:53:29.146027,2026-04-09 19:53:29.146027,Electronics,9,213.29,0.229,user1181@example.com,555-496-5577,East
ORD-104155,CUST-975,2026-07-26 23:53:29.146027,2026-07-27 18:53:29.146027,Sports,1,130.13,0.227,user279@example.com,555-189-4993,North
ORD-101815,CUST-717,2026-09-04 23:53:29.146027,2026-09-06 20:53:29.146027,Apparel,4,484.53,0.054,user637@example.com,555-482-5166,West
ORD-103659,CUST-662,2026-05-27 23:53:29.146027,2026-05-28 04:53:29.146027,Electronics,3,214.91,0.195,user470@example.com,555-678-6576,South
ORD-102585,CUST-1191,2026-07-01 23:53:29.146027,2026-07-02 08:53:29.146027,Apparel,5,208.12,0.236,user370@example.com,555-972-3660,East
ORD-101496,CUST-717,2026-05-17 23:53:29.146027,2026-05-19 10:53:29.146027,Groceries,3,309.55,0.162,user1092@example.com,555-723-2259,South
ORD-102883,CUST-1186,2026-03-30 23:53:29.146027,2026-04-01 17:53:29.146027,Groceries,6,248.34,0.133,user1165@example.com,555-270-2731,East
ORD-101275,CUST-135,2026-06-25 23:53:29.146027,2026-06-26 01:53:29.146027,Groceries,2,152.5,0.098,user424@example.com,555-983-4972,West
ORD-103913,CUST-993,2026-08-11 23:53:29.146027,2026-08-13 17:53:29.146027,Groceries,3,399.59,0.297,user1114@example.com,555-957-5447,West
ORD-101786,CUST-625,2026-05-28 23:53:29.146027,2026-05-30 22:53:29.146027,Electronics,7,230.13,0.1,user313@example.com,555-256-3222,West
ORD-103054,CUST-803,2026-02-12 23:53:29.146027,2026-02-13 09:53:29.146027,Groceries,9,178.63,0.292,user655@example.com,555-938-7627,North
ORD-103823,CUST-206,2026-04-21 23:53:29.146027,2026-04-22 15:53:29.146027,Sports,3,175.93,0.07,user891@example.com,555-133-5658,East
ORD-103400,CUST-616,2026-10-03 23:53:29.146027,2026-10-05 09:53:29.146027,Apparel,2,323.59,0.033,,555-774-6531,East
ORD-103957,CUST-801,2026-05-29 23:53:29.146027,2026-05-31 04:53:29.146027,Apparel,8,27.7,0.118,user432@example.com,555-457-8421,East
ORD-102170,CUST-330,2026-09-10 23:53:29.146027,2026-09-12 03:53:29.146027,Home & Garden,4,317.04,0.293,user630@example.com,555-118-3181,West
ORD-102301,CUST-17,2026-04-20 23:53:29.146027,2026-04-21 13:53:29.146027,Sports,8,494.7,0.196,user274@example.com,555-148-4567,West
ORD-103976,CUST-451,2026-02-18 23:53:29.146027,2026-02-19 14:53:29.146027,Electronics,2,267.13,0.183,user564@example.com,555-166-2025,
ORD-102777,CUST-108,2026-07-14 23:53:29.146027,2026-07-16 03:53:29.146027,Home & Garden,4,475.93,0.282,user1060@example.com,555-405-4126,East
ORD-100295,CUST-887,2026-05-03 23:53:29.146027,2026-05-05 01:53:29.146027,Sports,8,483.26,0.231,user712@example.com,555-136-7553,East
ORD-101070,CUST-1194,2026-08-12 23:53:29.146027,2026-08-14 14:53:29.146027,Sports,2,291.04,0.043,user1042@example.com,555-818-8601,East
ORD-100053,CUST-660,2026-05-12 23:53:29.146027,2026-05-14 11:53:29.146027,Toys,6,439.56,0.059,user565@example.com,555-278-9886,North
ORD-104722,CUST-1143,2026-08-02 23:53:29.146027,2026-08-04 20:53:29.146027,Groceries,5,393.88,0.038,user1056@example.com,555-706-4833,South
ORD-104555,CUST-548,2030-01-01 00:00:00,2026-01-30 09:53:29.146027,Toys,2,311.69,0.167,user151@example.com,555-703-8078,East
ORD-104367,CUST-127,2026-09-17 23:53:29.146027,2026-09-18 05:53:29.146027,Apparel,7,105.65,0.195,user997@example.com,555-703-8023,North
ORD-102786,CUST-770,2026-05-02 23:53:29.146027,2026-05-03 07:53:29.146027,Toys,6,68.63,0.057,user819@example.com,555-218-4271,East
ORD-102006,CUST-37,2026-04-18 23:53:29.146027,2026-04-19 23:53:29.146027,Sports,6,223.6,0.022,user926@example.com,555-679-2869,North
ORD-100301,CUST-44,2026-03-15 23:53:29.146027,2026-03-16 11:53:29.146027,Groceries,5,102.75,0.234,user1110@example.com,555-413-3480,East
ORD-100365,CUST-205,2026-08-31 23:53:29.146027,2026-09-02 03:53:29.146027,Sports,8,62.62,0.068,user1110@example.com,555-690-6474,East
ORD-100102,CUST-605,2026-06-29 23:53:29.146027,2026-06-30 06:53:29.146027,Toys,8,142.98,0.161,user177@example.com,555-345-5448,
ORD-104536,CUST-303,2026-09-13 23:53:29.146027,2026-09-14 04:53:29.146027,Electronics,9,309.61,0.045,user604@example.com,555-689-1168,West
ORD-103891,CUST-119,2026-02-10 23:53:29.146027,2026-02-11 15:53:29.146027,Home & Garden,8,91.66,0.033,user481@example.com,555-416-4800,West
ORD-103175,CUST-317,2026-03-22 23:53:29.146027,2026-03-23 13:53:29.146027,Sports,6,419.27,0.184,user826@example.com,555-220-4058,East
ORD-102796,CUST-241,2026-08-03 23:53:29.146027,2026-08-05 04:53:29.146027,Electronics,9,372.04,0.282,user1118@example.com,555-415-7092,West
ORD-102638,CUST-753,2026-02-05 23:53:29.146027,2026-02-06 03:53:29.146027,Apparel,6,121.93,0.017,user226@example.com,555-169-8130,West
ORD-104287,CUST-694,2026-04-02 23:53:29.146027,2026-04-04 07:53:29.146027,Groceries,5,470.09,0.185,user995@example.com,555-472-4141,North
ORD-101487,CUST-29,2026-02-07 23:53:29.146027,2026-02-09 16:53:29.146027,Groceries,9,250.23,0.093,user290@example.com,555-713-9491,South
ORD-103303,CUST-546,2026-07-20 23:53:29.146027,2026-07-21 11:53:29.146027, Electronics ,4,357.24,0.064,user968@example.com,555-768-8862,South
ORD-100374,CUST-21,2026-05-04 23:53:29.146027,2026-05-06 12:53:29.146027,Toys,3,209.2,0.147,user1027@example.com,555-239-8212,South
ORD-101213,CUST-353,2026-03-30 23:53:29.146027,2026-04-01 08:53:29.146027,Toys,1,269.32,0.259,user767@example.com,555-917-6481,South
ORD-100544,CUST-384,2026-01-12 23:53:29.146027,2026-01-14 18:53:29.146027,Home & Garden,1,387.7,0.117,user1098@example.com,555-788-6330,East
ORD-101351,CUST-288,2026-08-12 23:53:29.146027,2026-08-13 09:53:29.146027,Home & Garden,8,18.74,0.114,user952@example.com,555-368-4607,South
ORD-100291,CUST-627,2026-09-13 23:53:29.146027,2026-09-14 20:53:29.146027,Apparel,2,398.57,0.119,user666@example.com,555-653-5883,South
ORD-103396,CUST-596,2026-02-28 23:53:29.146027,2026-03-02 04:53:29.146027,Home & Garden,2,482.54,0.152,user878@example.com,555-803-9350,North
ORD-100389,CUST-634,2026-02-20 23:53:29.146027,2026-02-21 13:53:29.146027,Home & Garden,2,388.12,0.289,user950@example.com,555-716-1297,West
ORD-104439,CUST-1108,2026-09-13 23:53:29.146027,2026-09-14 01:53:29.146027,Toys,5,295.06,0.123,user404@example.com,555-522-4617,West
ORD-102926,CUST-150,2026-07-08 23:53:29.146027,2026-07-09 05:53:29.146027,Groceries,6,200.21,0.04,user112@example.com,555-487-7692,North
ORD-101870,CUST-1056,2026-03-01 23:53:29.146027,2026-03-02 21:53:29.146027,Sports,4,52.2,0.227,user171@example.com,555-139-1977,East
ORD-104169,CUST-916,2026-01-17 23:53:29.146027,2026-01-19 12:53:29.146027,Groceries,4,315.94,0.185,user1112@example.com,555-328-6224,North
ORD-100247,CUST-347,2026-05-25 23:53:29.146027,2026-05-26 10:53:29.146027,Groceries,6,125.57,0.056,,555-298-8915,West
ORD-104469,CUST-818,2026-03-16 23:53:29.146027,2026-03-17 05:53:29.146027,Electronics,4,213.78,0.109,user431@example.com,555-401-3384,West
ORD-102164,CUST-217,2026-02-01 23:53:29.146027,2026-02-02 23:53:29.146027,Sports,6,319.12,0.06,user313@example.com,555-783-2265,West
ORD-100567,CUST-204,2026-05-27 23:53:29.146027,2026-05-28 03:53:29.146027,electronics,7,81.22,0.273,user32@example.com,555-410-2809,East
ORD-103708,CUST-17,2026-01-22 23:53:29.146027,2026-01-23 00:53:29.146027,Sports,4,453.88,0.185,user260@example.com,555-217-3440,South
ORD-104723,CUST-241,2026-03-08 23:53:29.146027,2026-03-09 13:53:29.146027,Toys,3,170.42,0.008,user1124@example.com,555-357-7753,South
ORD-100410,CUST-484,2026-04-18 23:53:29.146027,2026-04-19 00:53:29.146027,Toys,5,27.95,0.142,user276@example.com,555-608-4815,North
ORD-102005,CUST-785,2026-06-23 23:53:29.146027,2026-06-25 21:53:29.146027,Toys,4,450.58,0.274,user87@example.com,555-773-8905,South
ORD-104375,CUST-492,2030-01-01 00:00:00,2026-07-16 12:53:29.146027,sports,9,29.84,0.107,user23@example.com,555-674-8167,West
ORD-101894,CUST-385,2026-07-11 23:53:29.146027,2026-07-13 22:53:29.146027,Home & Garden,7,93.19,0.08,user553@example.com,555-734-9878,North
ORD-101184,CUST-601,2026-03-01 23:53:29.146027,2026-03-03 13:53:29.146027,Apparel,3,214.56,0.242,user1193@example.com,555-239-5333,South
ORD-103573,CUST-1119,2026-02-28 23:53:29.146027,2026-03-01 18:53:29.146027,Sports,6,268.7,0.092,user236@example.com,555-722-1054,North
ORD-100832,CUST-119,2026-03-11 23:53:29.146027,2026-03-12 13:53:29.146027,Toys,4,319.94,0.274,user658@example.com,555-111-7114,East
ORD-102227,CUST-343,2026-06-04 23:53:29.146027,2026-06-05 07:53:29.146027,Home & Garden,9,170.95,0.299,,555-325-2292,South
ORD-101803,CUST-509,31/02/2025,2026-06-14 07:53:29.146027,Home & Garden,7,235.74,0.114,,555-677-2500,North
ORD-100690,CUST-922,2026-09-17 23:53:29.146027,2026-09-19 00:53:29.146027,Toys,4,250.22,0.11,user811@example.com,555-903-7160,North
ORD-104894,CUST-147,2026-04-22 23:53:29.146027,2026-04-23 15:53:29.146027,Sports,5,411.08,0.047,user117@example.com,555-567-7392,West
ORD-102518,CUST-168,2026-03-13 23:53:29.146027,2026-03-15 02:53:29.146027,Electronics,9,181.37,0.076,user161@example.com,555-955-7129,North
ORD-103338,CUST-623,2026-06-24 23:53:29.146027,2026-06-26 03:53:29.146027,Groceries,3,260.13,0.048,user534@example.com,555-714-9463,South
ORD-103988,CUST-370,2026-04-01 23:53:29.146027,2026-04-03 20:53:29.146027,Home & Garden,3,409.29,0.147,user800@example.com,555-456-9360,East
ORD-104452,CUST-1167,2026-08-12 23:53:29.146027,2026-08-14 17:53:29.146027,Home & Garden,-7,296.44,0.109,user307@example.com,555-387-1996,East
ORD-104273,CUST-903,2026-04-18 23:53:29.146027,2026-04-20 05:53:29.146027,Sports,6,149.97,0.145,user700@example.com,555-697-3001,East
ORD-101075,CUST-986,2026-04-03 23:53:29.146027,2026-04-04 22:53:29.146027,home & garden,2,121.16,0.291,user169@example.com,555-437-3614,East
ORD-102869,CUST-441,2026-05-24 23:53:29.146027,2026-05-26 08:53:29.146027,Home & Garden,1,493.63,0.161,user289@example.com,555-207-1780,West
ORD-103513,CUST-1029,2030-01-01 00:00:00,2026-05-09 17:53:29.146027,Toys,9,304.94,0.229,user134@example.com,555-548-9432,
ORD-102439,CUST-246,2026-02-02 23:53:29.146027,2026-02-03 08:53:29.146027,Groceries,8,128.56,0.284,user284@example.com,555-289-2083,South
ORD-102111,CUST-584,2026-04-22 23:53:29.146027,2026-04-23 15:53:29.146027,Electronics,9,411.93,0.184,user309@example.com,555-198-3520,East
ORD-100769,CUST-331,2026-03-11 23:53:29.146027,2026-03-13 13:53:29.146027,Sports,4,427.29,0.05,user81@example.com,555-227-2700,North
ORD-104077,CUST-754,2026-04-25 23:53:29.146027,2026-04-26 14:53:29.146027,Electronics,6,13814.500000000002,0.288,,555-920-8747,North
ORD-103592,CUST-105,2026-06-24 23:53:29.146027,2026-06-25 07:53:29.146027,Apparel,9,74.97,0.28,user725@example.com,555-901-6281,North
ORD-101946,CUST-538,2026-09-25 23:53:29.146027,2026-09-26 08:53:29.146027,Home & Garden,7,451.45,0.062,user992@example.com,555-852-9387,East
ORD-100554,CUST-116,2026-07-04 23:53:29.146027,2026-07-06 15:53:29.146027,Groceries,8,157.5,0.188,user1091@example.com,555-194-7033,East
ORD-100752,CUST-276,2026-08-18 23:53:29.146027,2026-08-20 12:53:29.146027,Toys,3,88.97,0.048,user260@example.com,555-365-9554,East
ORD-104499,CUST-1114,2026-07-10 23:53:29.146027,2026-07-11 13:53:29.146027,Toys,6,393.39,0.109,user507@example.com,555-711-7468,South
ORD-104496,CUST-804,2026-03-16 23:53:29.146027,2026-03-18 07:53:29.146027,Electronics,5,452.97,0.038,user472@example.com,555-944-9492,North
ORD-101041,CUST-245,2026-04-18 23:53:29.146027,2026-04-19 07:53:29.146027,Apparel,9,340.84,0.206,user408@example.com,555-461-2594,East
ORD-104044,CUST-684,2026-03-17 23:53:29.146027,2026-03-18 23:53:29.146027,Apparel,2,188.51,0.244,,555-398-8041,
ORD-104786,CUST-269,2026-03-24 23:53:29.146027,2026-03-25 17:53:29.146027,Home & Garden,5,442.36,0.037,user78@example.com,555-880-4957,East
ORD-100363,CUST-569,2026-08-11 23:53:29.146027,2026-08-13 00:53:29.146027,Sports,8,243.86,0.114,user815@example.com,555-871-8410,East
ORD-103743,CUST-1109,2026-07-13 23:53:29.146027,2026-07-14 05:53:29.146027,Toys,7,14.74,0.057,user570@example.com,555-713-3886,South
ORD-101135,CUST-1152,2026-06-22 23:53:29.146027,2026-06-24 09:53:29.146027,Toys,1,349.94,0.004,user983@example.com,555-380-1937,South
ORD-103387,CUST-1075,2026-10-02 23:53:29.146027,2026-10-03 20:53:29.146027,Home & Garden,9,443.62,0.203,user291@example.com,555-933-7535,East
ORD-101679,CUST-69,2026-06-27 23:53:29.146027,2026-06-29 10:53:29.146027,Electronics,4,456.71,0.094,user622@example.com,555-666-7897,East
ORD-100550,CUST-452,2026-03-31 23:53:29.146027,2026-04-02 21:53:29.146027,Groceries,8,385.66,0.284,user17@example.com,555-214-5527,North
ORD-104006,CUST-1029,2026-05-10 23:53:29.146027,2026-05-11 19:53:29.146027,Toys,4,98.61,0.228,user383@example.com,555-700-3815,South
ORD-102900,CUST-285,2026-08-02 23:53:29.146027,2026-08-04 05:53:29.146027,Groceries,4,340.15,0.092,user1061@example.com,555-278-2184,East
ORD-101622,CUST-224,2026-07-07 23:53:29.146027,2026-07-08 16:53:29.146027,Sports,2,80.58,0.005,user850@example.com,555-309-5904,North
ORD-102520,CUST-486,2026-05-05 23:53:29.146027,2026-05-07 07:53:29.146027,Sports,4,304.88,0.076,user355@example.com,555-244-5986,East
ORD-104058,CUST-1133,2026-06-26 23:53:29.146027,2026-06-27 05:53:29.146027,Sports,5,275.08,0.149,user365@example.com,555-582-8570,North
ORD-102700,CUST-804,2026-08-09 23:53:29.146027,2026-08-11 04:53:29.146027,Groceries,8,264.82,0.025,user670@example.com,555-423-8845,North
ORD-103850,CUST-588,2026-03-24 23:53:29.146027,2026-03-25 20:53:29.146027,Groceries,7,174.28,0.252,user1118@example.com,555-436-8865,West
ORD-104748,CUST-847,2026-05-09 23:53:29.146027,2026-05-10 14:53:29.146027,Home & Garden,2,411.16,0.183,user983@example.com,555-289-4242,North
ORD-100842,CUST-317,2026-05-30 23:53:29.146027,2026-05-31 12:53:29.146027,Sports,8,420.65,0.206,user45@example.com,555-569-8954,East
ORD-102495,CUST-431,2026-06-22 23:53:29.146027,2026-06-23 12:53:29.146027,Home & Garden,9,194.45,0.223,user1070@example.com,555-109-8218,East
ORD-102068,CUST-563,2026-08-24 23:53:29.146027,2026-08-25 01:53:29.146027,Apparel,3,251.56,0.153,user457@example.com,555-896-3421,East
ORD-104618,CUST-507,2026-08-15 23:53:29.146027,2026-08-16 19:53:29.146027,Sports,7,430.25,0.108,user914@example.com,555-198-7549,South
ORD-100879,CUST-54,2026-01-27 23:53:29.146027,2026-01-29 01:53:29.146027,Groceries,7,339.09,0.186,user920@example.com,555-399-6492,South
ORD-104569,CUST-982,2026-07-28 23:53:29.146027,2026-07-30 05:53:29.146027,Groceries,8,205.68,0.133,user586@example.com,555-881-8160,East
ORD-102811,CUST-1125,2026-08-21 23:53:29.146027,2026-08-22 23:53:29.146027,Sports,1,154.33,0.149,user247@example.com,555-131-2064,East
ORD-100863,CUST-896,2026-01-29 23:53:29.146027,2026-01-30 16:53:29.146027,Electronics,4,270.37,0.244,user1180@example.com,555-149-2629,North
ORD-103660,CUST-44,2026-02-11 23:53:29.146027,2026-02-12 11:53:29.146027,Sports,7,49.97,0.114,user1105@example.com,555-702-3022,East
ORD-103341,CUST-591,2026-06-01 23:53:29.146027,2026-06-03 17:53:29.146027,Groceries,8,324.08,0.267,user348@example.com,555-153-5124,North
ORD-102402,CUST-272,2026-02-16 23:53:29.146027,2026-02-18 11:53:29.146027,Electronics,8,42.31,0.07,user967@example.com,555-759-4215,East
ORD-102059,CUST-236,2026-04-23 23:53:29.146027,2026-04-24 18:53:29.146027,Home & Garden,6,124.65,0.072,user238@example.com,555-590-8336,North
ORD-102872,CUST-81,2026-06-13 23:53:29.146027,2026-06-15 17:53:29.146027,Sports,3,431.99,0.253,user763@example.com,555-815-4969,North
ORD-102577,CUST-670,2026-09-07 23:53:29.146027,2026-09-09 06:53:29.146027,Toys,9,383.77,0.037,user563@example.com,555-888-9884,South
ORD-101911,CUST-739,2026-02-28 23:53:29.146027,2026-03-02 13:53:29.146027,Electronics,4,318.22,0.025,user628@example.com,555-611-6868,West
ORD-104235,CUST-216,2026-05-30 23:53:29.146027,2026-06-01 03:53:29.146027,Home & Garden,6,367.99,0.172,user319@example.com,555-601-4048,East
ORD-104407,CUST-439,2026-02-02 23:53:29.146027,2026-02-04 14:53:29.146027,Home & Garden,2,134.68,0.088,user198@example.com,555-359-7470,North
ORD-101073,CUST-894,2026-02-12 23:53:29.146027,2026-02-13 20:53:29.146027,Toys,7,236.05,0.097,user707@example.com,555-517-3442,North
ORD-101753,CUST-571,2026-07-17 23:53:29.146027,2026-07-18 16:53:29.146027,Apparel,3,386.5,0.252,user883@example.com,555-953-3585,South
ORD-101159,CUST-319,2026-03-05 23:53:29.146027,2026-03-06 06:53:29.146027,Sports,4,35.45,0.156,user124@example.com,555-623-7204,East
ORD-100058,CUST-804,2026-05-06 23:53:29.146027,2026-05-08 22:53:29.146027,Groceries,3,211.59,0.101,user681@example.com,555-233-1660,South
ORD-101326,CUST-557,2026-07-16 23:53:29.146027,2026-07-17 06:53:29.146027,Groceries,7,239.22,0.011,user18@example.com,555-620-8819,West
ORD-104321,CUST-506,2026-07-23 23:53:29.146027,2026-07-24 11:53:29.146027,Electronics,9,284.87,0.117,user1099@example.com,555-278-6377,North
ORD-102294,CUST-901,2026-08-17 23:53:29.146027,2026-08-18 13:53:29.146027,Toys,5,429.56,0.072,user799@example.com,555-511-9112,South
ORD-103021,CUST-1106,2026-03-28 23:53:29.146027,2026-03-30 09:53:29.146027,Home & Garden,9,392.0,0.024,user958@example.com,555-750-7359,North
ORD-101238,CUST-1038,2026-01-20 23:53:29.146027,2026-01-21 08:53:29.146027,toys,6,61.71,0.166,user857@example.com,555-954-2941,South
ORD-102398,CUST-507,2026-01-27 23:53:29.146027,2026-01-28 04:53:29.146027,Electronics,9,269.01,0.065,user539@example.com,555-952-2470,East
ORD-102603,CUST-769,2026-07-17 23:53:29.146027,2026-07-19 17:53:29.146027,Sports,4,459.82,0.274,user253@example.com,555-182-4005,East
ORD-102529,CUST-480,2026-09-26 23:53:29.146027,2026-09-27 22:53:29.146027,Sports,6,107.63,0.111,user243@example.com,555-844-9446,
ORD-104454,CUST-334,2026-09-07 23:53:29.146027,2026-09-09 22:53:29.146027,Apparel,N/A,252.73,0.049,user521@example.com,555-683-4998,West
ORD-103471,CUST-454,2026-04-29 23:53:29.146027,2026-05-01 10:53:29.146027,Sports,7,110.43,0.173,user898@example.com,555-656-9487,South
ORD-101513,CUST-519,2026-01-21 23:53:29.146027,2026-01-23 05:53:29.146027,Sports,8,365.46,0.172,user629@example.com,555-435-1695,North
ORD-102196,CUST-787,2026-01-25 23:53:29.146027,2026-01-26 18:53:29.146027,Home & Garden,9,149.09,0.013,user1169@example.com,555-248-8872,East
ORD-104211,CUST-702,2026-04-07 23:53:29.146027,2026-04-09 07:53:29.146027,Electronics,8,210.53,0.249,,555-446-7010,North
ORD-102782,CUST-818,2026-02-06 23:53:29.146027,2026-02-06 23:53:29.146027,Apparel,8,404.41,0.227,user963@example.com,555-758-1940,West
ORD-101068,CUST-896,2026-04-20 23:53:29.146027,2026-04-22 19:53:29.146027,Groceries,1,22.03,0.271,user92@example.com,555-823-9221,South
ORD-102195,CUST-176,2026-04-17 23:53:29.146027,2026-04-19 04:53:29.146027,Groceries,9,294.61,0.132,user303@example.com,555-823-4584,North
ORD-104852,CUST-786,2026-04-08 23:53:29.146027,2026-04-09 07:53:29.146027,Sports,8,111.28,0.287,user642@example.com,555-765-3057,North
ORD-100076,CUST-1189,2026-06-22 23:53:29.146027,2026-06-24 00:53:29.146027,Sports,1,486.3,0.086,,555-826-8647,North
ORD-100516,CUST-741,2026-08-03 23:53:29.146027,2026-08-04 21:53:29.146027,Electronics,1,304.11,0.202,user316@example.com,555-564-9032,South
ORD-103466,CUST-65,2026-08-17 23:53:29.146027,2026-08-18 19:53:29.146027,Apparel,7,6762.0,0.154,user761@example.com,555-658-8698,West
ORD-101799,CUST-839,2026-02-03 23:53:29.146027,2026-02-04 23:53:29.146027,Apparel,2,493.88,0.085,user152@example.com,555-868-9261,North
ORD-103671,CUST-724,2026-01-11 23:53:29.146027,2026-01-12 10:53:29.146027,Groceries,3,232.67,0.221,user1055@example.com,555-713-9971,West
ORD-104195,CUST-652,2026-08-23 23:53:29.146027,2026-08-24 16:53:29.146027,Electronics,8,311.82,0.161,user190@example.com,555-904-6684,North
ORD-102500,CUST-46,2026-02-26 23:53:29.146027,2026-02-28 20:53:29.146027,Electronics,9,151.81,0.177,user865@example.com,555-298-8652,South
ORD-104909,CUST-1002,2026-08-24 23:53:29.146027,2026-08-25 17:53:29.146027,Toys,4,219.24,0.204,user413@example.com,555-521-2214,West
ORD-104928,CUST-295,2026-07-28 23:53:29.146027,2026-07-29 21:53:29.146027,Electronics,4,488.74,0.13,user177@example.com,555-853-1924,West
ORD-100192,CUST-116,2026-01-21 23:53:29.146027,2026-01-23 03:53:29.146027,Electronics,9,357.73,0.277,user793@example.com,555-251-8164,North
ORD-104219,CUST-476,2026-05-22 23:53:29.146027,2026-05-24 13:53:29.146027,Apparel,8,156.09,0.263,user299@example.com,555-181-2352,North
ORD-101038,CUST-994,2026-04-14 23:53:29.146027,2026-04-15 17:53:29.146027,Groceries,2,312.88,0.083,user625@example.com,555-526-3762,South
ORD-102178,CUST-922,2026-05-30 23:53:29.146027,2026-05-31 16:53:29.146027,Home & Garden,2,195.74,0.24,user1063@example.com,555-686-1766,West
ORD-101959,CUST-432,2026-07-20 23:53:29.146027,2026-07-22 14:53:29.146027,Electronics,6,178.88,0.102,user912@example.com,555-278-8681,South
ORD-104607,CUST-317,2026-03-26 23:53:29.146027,2026-03-28 11:53:29.146027,Toys,3,142.44,0.033,user397@example.com,555-551-3780,West
ORD-104955,CUST-953,2026-04-24 23:53:29.146027,2026-04-26 21:53:29.146027,Groceries,-7,137.05,0.291,user114@example.com,555-923-7644,West
ORD-102505,CUST-1137,2026-05-30 23:53:29.146027,2026-05-31 08:53:29.146027,Toys,9,187.82,0.245,user377@example.com,555-708-5818,West
ORD-101303,CUST-22,2026-03-03 23:53:29.146027,2026-03-05 07:53:29.146027,Sports,2,473.96,0.184,user447@example.com,555-680-7624,East
ORD-100626,CUST-369,2026-01-12 23:53:29.146027,2026-01-13 08:53:29.146027,Home & Garden,N/A,144.66,0.227,user265@example.com,555-634-8331,North
ORD-103132,CUST-416,2026-08-12 23:53:29.146027,2026-08-13 01:53:29.146027,Home & Garden,6,445.06,0.025,user422@example.com,555-843-3853,South
ORD-102921,CUST-736,2026-02-15 23:53:29.146027,2026-02-17 09:53:29.146027,Sports,1,141.24,0.176,user565@example.com,555-630-7189,East
ORD-101099,CUST-338,2026-02-14 23:53:29.146027,2026-02-16 07:53:29.146027,Groceries,9,394.69,0.086,user332@example.com,555-348-5742,East
ORD-104584,CUST-648,2026-06-21 23:53:29.146027,2026-06-22 06:53:29.146027,Toys,3,228.81,0.23,user682@example.com,555-302-6432,East
ORD-101908,CUST-309,2026-05-03 23:53:29.146027,2026-05-05 22:53:29.146027,Groceries,5,215.93,0.063,user344@example.com,555-801-2223,North
ORD-104384,CUST-1039,2026-09-14 23:53:29.146027,2026-09-16 05:53:29.146027,Apparel,8,276.84,0.293,user308@example.com,555-895-4863,West
ORD-102738,CUST-621,2026-03-24 23:53:29.146027,2026-03-26 04:53:29.146027,Apparel,9,214.9,0.004,user775@example.com,555-238-2627,North
ORD-103853,CUST-1036,2026-03-26 23:53:29.146027,2026-03-27 00:53:29.146027,Toys,9,345.3,0.176,user252@example.com,555-919-7035,North
ORD-101910,CUST-483,2026-10-01 23:53:29.146027,2026-10-02 12:53:29.146027,Electronics,2,368.25,0.244,user429@example.com,555-274-2845,East
ORD-102198,CUST-284,2026-04-25 23:53:29.146027,2026-04-26 04:53:29.146027,Apparel,6,227.23,0.264,user696@example.com,555-115-6104,West
ORD-104506,CUST-11,2026-07-11 23:53:29.146027,2026-07-12 20:53:29.146027,Apparel,7,402.72,0.167,user1146@example.com,555-307-9404,East
ORD-102970,CUST-1130,2026-06-25 23:53:29.146027,2026-06-26 09:53:29.146027,Home & Garden,4,134.73,0.299,user854@example.com,555-531-2637,East
ORD-104976,CUST-437,2026-03-10 23:53:29.146027,2026-03-11 06:53:29.146027,Groceries,4,96.63,0.19,user819@example.com,555-918-6762,East
ORD-100309,CUST-69,2026-06-25 23:53:29.146027,2026-06-26 21:53:29.146027,Groceries,7,368.08,0.119,user987@example.com,555-890-9241,East
ORD-101412,CUST-562,2026-05-10 23:53:29.146027,2026-05-12 17:53:29.146027,Apparel,1,16.85,0.21,user841@example.com,555-236-6850,West
ORD-100775,CUST-78,2030-01-01 00:00:00,2026-08-02 08:53:29.146027,Apparel,1,402.24,0.125,user676@example.com,555-150-3446,East
ORD-100484,CUST-395,2026-09-02 23:53:29.146027,2026-09-03 02:53:29.146027,Electronics,2,345.34,0.229,user421@example.com,555-410-2447,North
ORD-104675,CUST-556,2026-07-01 23:53:29.146027,2026-07-02 19:53:29.146027,Toys,8,356.81,0.144,user472@example.com,555-258-4436,West
ORD-100367,CUST-97,2026-05-28 23:53:29.146027,2026-05-30 17:53:29.146027,Groceries,7,353.61,0.017,user412@example.com,555-177-8860,East
ORD-100570,CUST-710,2026-08-15 23:53:29.146027,2026-08-17 04:53:29.146027,Electronics,6,454.65,0.289,user849@example.com,555-193-6382,West
ORD-103114,CUST-490,2026-05-08 23:53:29.146027,2026-05-10 09:53:29.146027,Apparel,2,224.09,0.052,user745@example.com,555-251-8338,South
ORD-100649,CUST-1048,2026-09-12 23:53:29.146027,2026-09-14 13:53:29.146027,Electronics,5,214.73,0.013,user776@example.com,555-206-9654,West
ORD-104654,CUST-569,2026-04-12 23:53:29.146027,2026-04-14 01:53:29.146027,Sports,9,108.9,0.153,user603@example.com,555-773-2789,North
ORD-100441,CUST-30,2026-09-02 23:53:29.146027,2026-09-04 08:53:29.146027,Apparel,2,412.46,0.104,,555-827-2035,West
ORD-101593,CUST-8,2026-05-10 23:53:29.146027,2026-05-11 13:53:29.146027,Home & Garden,2,477.51,0.183,user219@example.com,555-341-3586,East
ORD-102263,CUST-260,2026-04-04 23:53:29.146027,2026-04-06 12:53:29.146027,Groceries,3,412.79,0.106,user725@example.com,555-826-6958,East
ORD-100896,CUST-120,2026-02-05 23:53:29.146027,2026-02-06 20:53:29.146027,Electronics,2,387.13,0.233,user462@example.com,555-462-9861,West
ORD-103926,CUST-553,2026-04-15 23:53:29.146027,2026-04-17 12:53:29.146027,Electronics,2,392.26,0.277,user908@example.com,555-481-6915,West
ORD-101541,CUST-31,2026-09-03 23:53:29.146027,2026-09-04 21:53:29.146027,Electronics,1,303.04,0.281,user70@example.com,555-183-2124,North
ORD-101404,CUST-792,2026-08-01 23:53:29.146027,2026-08-02 11:53:29.146027,Toys,9,102.69,0.176,user860@example.com,555-459-5856,West
ORD-103547,CUST-176,2026-06-23 23:53:29.146027,2026-06-25 10:53:29.146027,Apparel,4,401.53,0.19,user650@example.com,555-171-6014,South
ORD-103765,CUST-372,2026-02-05 23:53:29.146027,2026-02-07 06:53:29.146027,Home & Garden,7,51.19,0.163,user471@example.com,555-272-2140,East
ORD-104284,CUST-609,2026-09-23 23:53:29.146027,2026-09-25 08:53:29.146027,Toys,4,335.84,0.112,user582@example.com,555-955-8019,South
ORD-103840,CUST-831,2026-03-30 23:53:29.146027,2026-03-31 11:53:29.146027,Sports,7,117.51,0.084,user822@example.com,555-901-6661,South
ORD-104544,CUST-1041,2026-01-08 23:53:29.146027,2026-01-09 09:53:29.146027,Groceries,3,444.6,0.236,user988@example.com,555-605-8325,West
ORD-103058,CUST-996,2026-05-26 23:53:29.146027,2026-05-28 16:53:29.146027,Home & Garden,3,335.26,0.071,user226@example.com,555-102-3755,West
ORD-102031,CUST-705,2026-02-26 23:53:29.146027,2026-02-27 05:53:29.146027,Home & Garden,6,75.46,0.108,user172@example.com,555-800-9895,East
ORD-100945,CUST-1040,2026-08-27 23:53:29.146027,2026-08-27 23:53:29.146027,Electronics,4,68.96,0.221,user454@example.com,555-891-5942,South
ORD-101689,CUST-142,2026-04-11 23:53:29.146027,2026-04-13 05:53:29.146027,Toys,5,408.46,0.148,user630@example.com,555-531-7250,West
ORD-104289,CUST-1176,2026-06-11 23:53:29.146027,2026-06-12 12:53:29.146027,Apparel,8,422.44,0.245,user415@example.com,555-994-8010,North
ORD-100072,CUST-62,2026-07-20 23:53:29.146027,2026-07-21 00:53:29.146027,Electronics,8,352.7,0.012,user436@example.com,555-295-5305,North
ORD-104237,CUST-886,2026-07-24 23:53:29.146027,2026-07-26 09:53:29.146027,Toys,3,473.45,0.081,user541@example.com,555-362-7909,East
ORD-103222,CUST-849,2026-03-19 23:53:29.146027,2026-03-21 17:53:29.146027,Toys,2,110.91,0.214,user847@example.com,555-152-4610,West
ORD-100994,CUST-210,2026-03-09 23:53:29.146027,2026-03-10 04:53:29.146027,Groceries,8,3.15,0.277,user1060@example.com,555-548-6221,South
ORD-100762,CUST-615,2026-07-31 23:53:29.146027,2026-08-01 03:53:29.146027,Sports,9,206.05,0.224,user544@example.com,555-368-7696,South
ORD-102137,CUST-696,2026-06-28 23:53:29.146027,2026-06-30 04:53:29.146027,Apparel,5,244.42,0.223,user1137@example.com,555-635-1930,
ORD-100173,CUST-991,2026-06-09 23:53:29.146027,2026-06-11 16:53:29.146027,Apparel,6,473.42,0.222,user675@example.com,555-156-2761,North
ORD-102065,CUST-685,2026-07-07 23:53:29.146027,2026-07-09 03:53:29.146027,Sports,5,130.83,0.12,user830@example.com,555-378-3295,West
ORD-101734,CUST-134,2026-07-20 23:53:29.146027,2026-07-21 09:53:29.146027,Groceries,2,189.2,0.086,user498@example.com,555-322-1893,East
ORD-104558,CUST-1041,2026-08-18 23:53:29.146027,2026-08-19 00:53:29.146027,Toys,5,217.49,0.083,user837@example.com,555-286-5143,East
ORD-100275,CUST-996,2026-05-26 23:53:29.146027,2026-05-28 22:53:29.146027,Toys,5,172.14,0.181,user59@example.com,555-425-4818,West
ORD-102511,CUST-565,2026-02-22 23:53:29.146027,2026-02-23 19:53:29.146027,Toys,7,209.46,0.275,user261@example.com,555-677-1644,East
ORD-104517,CUST-197,2026-02-05 23:53:29.146027,2026-02-07 06:53:29.146027,Toys,4,407.68,0.001,user1044@example.com,555-130-3278,South
ORD-102351,CUST-68,2026-03-29 23:53:29.146027,2026-03-31 03:53:29.146027,Apparel,7,260.48,0.071,user810@example.com,555-670-2657,West
ORD-101775,CUST-788,2026-02-10 23:53:29.146027,2026-02-12 05:53:29.146027,Groceries,2,125.71,0.096,user750@example.com,555-698-6137,North
ORD-101534,CUST-858,2026-03-05 23:53:29.146027,2026-03-07 11:53:29.146027,Home & Garden,7,281.95,0.286,user270@example.com,555-932-9725,West
ORD-100838,CUST-817,2026-04-29 23:53:29.146027,2026-04-30 16:53:29.146027,Toys,-7,148.31,0.175,,555-712-2379,East
ORD-100864,CUST-1010,2026-09-20 23:53:29.146027,2026-09-22 07:53:29.146027,Electronics,3,118.75,0.121,user349@example.com,555-213-9424,East
ORD-103438,CUST-570,2026-02-10 23:53:29.146027,2026-02-12 07:53:29.146027,Apparel,8,324.18,0.171,user44@example.com,555-704-9568,North
ORD-103533,CUST-793,2026-07-11 23:53:29.146027,2026-07-12 22:53:29.146027,Groceries,7,493.12,0.117,user1040@example.com,555-654-9586,East
ORD-101903,CUST-408,2026-03-04 23:53:29.146027,2026-03-04 23:53:29.146027,Sports,6,64.3,0.254,user60@example.com,555-509-1048,West
ORD-100298,CUST-820,2026-06-02 23:53:29.146027,2026-06-04 03:53:29.146027,Groceries,5,475.41,0.185,user483@example.com,555-720-6273,North
ORD-100371,CUST-481,2026-01-19 23:53:29.146027,2026-01-21 18:53:29.146027,Toys,6,130.86,0.228,user1124@example.com,555-209-8062,South
ORD-101899,CUST-466,2026-07-23 23:53:29.146027,2026-07-24 12:53:29.146027,Home & Garden,5,289.76,0.173,user841@example.com,555-202-2058,West
ORD-101293,CUST-511,2026-07-14 23:53:29.146027,2026-07-15 16:53:29.146027,Toys,7,299.37,0.237,user931@example.com,555-468-1038,East
ORD-100266,CUST-1122,2026-02-13 23:53:29.146027,2026-02-14 08:53:29.146027,Electronics,5,388.34,0.131,user969@example.com,555-584-2963,East
ORD-103285,CUST-1061,2026-02-22 23:53:29.146027,2026-02-23 06:53:29.146027,Sports,5,425.65,0.223,user777@example.com,555-392-4282,West
ORD-101784,CUST-398,2026-05-02 23:53:29.146027,2026-05-04 09:53:29.146027,Toys,6,65.27,0.045,user1080@example.com,555-864-9247,South
ORD-101029,CUST-89,2026-08-15 23:53:29.146027,2026-08-16 10:53:29.146027,Apparel,2,464.56,0.204,user663@example.com,555-345-7412,South
ORD-100519,CUST-587,2026-03-28 23:53:29.146027,2026-03-30 02:53:29.146027,Apparel,3,423.21,0.17,user842@example.com,555-572-8114,West
ORD-104907,CUST-238,2026-07-06 23:53:29.146027,2026-07-07 13:53:29.146027,Groceries,9,146.29,0.114,,555-455-3328,East
ORD-102446,CUST-411,2026-08-09 23:53:29.146027,2026-08-10 13:53:29.146027, Groceries ,6,38.81,0.175,user906@example.com,555-151-7237,South
ORD-102775,CUST-345,2026-01-13 23:53:29.146027,2026-01-14 12:53:29.146027,Home & Garden,6,147.38,0.159,user806@example.com,555-410-8106,North
ORD-101914,CUST-1025,2026-05-18 23:53:29.146027,2026-05-20 11:53:29.146027,Electronics,9,209.03,0.244,user319@example.com,555-550-3349,West
ORD-102936,CUST-555,2026-07-24 23:53:29.146027,2026-07-26 16:53:29.146027,Home & Garden,-9,81.07,0.131,user752@example.com,555-303-6711,East
ORD-103795,CUST-613,2026-01-30 23:53:29.146027,2026-01-31 17:53:29.146027,Toys,8,310.92,0.215,user1147@example.com,555-711-6894,South
ORD-101609,CUST-795,2026-08-06 23:53:29.146027,2026-08-07 22:53:29.146027,Apparel,6,274.51,0.092,user122@example.com,555-279-7267,West
ORD-104023,CUST-1171,2026-08-06 23:53:29.146027,2026-08-07 02:53:29.146027,Groceries,5,384.62,0.205,user566@example.com,555-181-7945,West
ORD-103260,CUST-17,2026-04-23 23:53:29.146027,2026-04-25 06:53:29.146027,Groceries,1,20.69,0.097,user481@example.com,555-387-4832,East
ORD-100395,CUST-503,2026-03-31 23:53:29.146027,2026-04-01 04:53:29.146027,Home & Garden,4,354.85,0.152,user960@example.com,555-250-5565,North
ORD-100094,CUST-693,2026-03-14 23:53:29.146027,2026-03-15 04:53:29.146027,Apparel,7,49.84,0.024,user536@example.com,555-442-5230,North
ORD-102728,CUST-335,2026-05-18 23:53:29.146027,2026-05-19 00:53:29.146027,Sports,3,258.85,0.255,user750@example.com,555-412-2556,South
ORD-104163,CUST-493,2026-05-27 23:53:29.146027,2026-05-29 14:53:29.146027,Toys,9,45.09,0.232,user216@example.com,555-893-9288,South
ORD-101785,CUST-1145,2026-04-07 23:53:29.146027,2026-04-09 17:53:29.146027,Electronics,2,487.1,0.236,user407@example.com,555-369-9556,South
ORD-101983,CUST-615,2026-02-02 23:53:29.146027,2026-02-03 08:53:29.146027,Apparel,4,206.17,0.131,user141@example.com,555-749-7884,West
ORD-101936,CUST-517,2026-10-03 23:53:29.146027,2026-10-04 06:53:29.146027,Sports,6,404.09,0.271,user1047@example.com,555-715-1570,East
ORD-100901,CUST-501,2026-05-12 23:53:29.146027,2026-05-14 07:53:29.146027,Home & Garden,8,226.01,0.139,user638@example.com,555-782-3868,West
ORD-103045,CUST-830,2026-08-24 23:53:29.146027,2026-08-26 11:53:29.146027,Sports,6,478.46,0.135,user898@example.com,555-325-6965,West
ORD-103106,CUST-521,2026-09-03 23:53:29.146027,2026-09-05 09:53:29.146027,Home & Garden,2,203.5,0.128,user1111@example.com,555-567-9301,North
ORD-104932,CUST-663,2026-04-18 23:53:29.146027,2026-04-19 09:53:29.146027,electronics,5,295.49,0.29,user924@example.com,555-834-3929,East
ORD-103300,CUST-1144,2026-04-14 23:53:29.146027,2026-04-15 14:53:29.146027,Sports,8,164.5,0.019,user399@example.com,555-219-9289,South
ORD-104989,CUST-596,2026-05-24 23:53:29.146027,2026-05-25 19:53:29.146027,Electronics,9,266.35,0.028,user515@example.com,555-562-6017,
ORD-103784,CUST-1177,2026-10-03 23:53:29.146027,2026-10-04 00:53:29.146027,Toys,9,25.61,0.26,user839@example.com,555-922-4978,South
ORD-102989,CUST-1166,2026-04-30 23:53:29.146027,2026-05-02 07:53:29.146027,Groceries,5,195.09,0.092,user403@example.com,555-546-6595,East
ORD-103293,CUST-461,2026-05-30 23:53:29.146027,2026-06-01 07:53:29.146027,Apparel,6,280.02,0.118,user1183@example.com,555-910-2968,West
ORD-100881,CUST-814,2026-06-16 23:53:29.146027,2026-06-17 18:53:29.146027,Apparel,1,393.56,0.261,user629@example.com,555-571-2098,East
ORD-101431,CUST-1146,2026-03-20 23:53:29.146027,2026-03-21 01:53:29.146027,Groceries,9,241.44,0.057,user234@example.com,555-239-7233,West
ORD-100195,CUST-948,2026-04-17 23:53:29.146027,2026-04-18 08:53:29.146027,Apparel,5,42.93,0.019,user193@example.com,555-285-8568,West
ORD-103118,CUST-1089,2026-08-25 23:53:29.146027,2026-08-27 00:53:29.146027,Electronics,6,209.25,0.004,user1066@example.com,555-367-2056,South
ORD-103077,CUST-1119,2026-05-31 23:53:29.146027,2026-06-01 01:53:29.146027,Apparel,5,66.24,0.276,user716@example.com,555-809-2448,South
ORD-100112,CUST-290,2026-04-20 23:53:29.146027,2026-04-21 14:53:29.146027,Electronics,1,486.67,0.282,user986@example.com,555-589-4283,West
ORD-102365,CUST-1181,2026-04-27 23:53:29.146027,2026-04-29 19:53:29.146027,Sports,8,391.67,0.238,user1078@example.com,555-822-9747,South
ORD-101321,CUST-790,2026-03-07 23:53:29.146027,2026-03-09 18:53:29.146027,Electronics,3,52.54,0.238,user428@example.com,555-181-6846,West
ORD-103752,CUST-1101,2026-04-02 23:53:29.146027,2026-04-03 03:53:29.146027,Sports,1,158.22,0.299,user192@example.com,555-244-8779,South
ORD-102576,CUST-1138,2026-02-22 23:53:29.146027,2026-02-23 11:53:29.146027,Toys,9,96.76,0.067,user1153@example.com,555-811-3298,East
ORD-100947,CUST-368,2026-06-12 23:53:29.146027,2026-06-13 21:53:29.146027,Apparel,5,253.45,0.193,user449@example.com,555-958-5155,North
ORD-104355,CUST-680,2026-06-25 23:53:29.146027,2026-06-26 17:53:29.146027,Groceries,1,23.57,0.256,user888@example.com,555-351-2580,South
ORD-101587,CUST-90,2026-06-21 23:53:29.146027,2026-06-22 17:53:29.146027,Home & Garden,5,367.04,0.272,user214@example.com,555-213-8756,West
ORD-101177,CUST-1041,2026-06-21 23:53:29.146027,2026-06-22 10:53:29.146027,Apparel,8,91.15,0.262,user1135@example.com,555-297-8650,South
ORD-102641,CUST-1134,2026-07-27 23:53:29.146027,2026-07-28 06:53:29.146027,Electronics,5,340.84,0.269,user177@example.com,555-103-8943,South
ORD-104353,CUST-224,2026-01-30 23:53:29.146027,2026-01-31 08:53:29.146027,Apparel,4,182.83,0.112,user509@example.com,555-346-7661,East
ORD-102592,CUST-99,2026-08-12 23:53:29.146027,2026-08-13 07:53:29.146027,Apparel,4,469.31,0.08,user655@example.com,555-933-4419,East
ORD-100630,CUST-825,2026-01-15 23:53:29.146027,2026-01-16 12:53:29.146027,Toys,3,319.29,0.024,user941@example.com,555-352-2405,South
ORD-103829,CUST-443,2026-09-08 23:53:29.146027,2026-09-09 07:53:29.146027,home & garden,9,160.11,0.006,user667@example.com,555-437-6456,West
ORD-103616,CUST-27,2026-01-21 23:53:29.146027,2026-01-23 19:53:29.146027,Groceries,2,232.84,0.113,user118@example.com,555-574-1480,West
ORD-103317,CUST-487,2026-05-26 23:53:29.146027,2026-05-27 22:53:29.146027,Electronics,7,238.23,0.017,user1051@example.com,555-727-4481,West
ORD-102683,CUST-620,2026-06-20 23:53:29.146027,2026-06-22 07:53:29.146027,Groceries,4,324.64,0.282,user533@example.com,555-577-6811,West
ORD-101614,CUST-406,2026-05-18 23:53:29.146027,2026-05-20 10:53:29.146027,Toys,4,186.29,0.01,user256@example.com,555-320-8202,South
ORD-104655,CUST-221,2026-02-12 23:53:29.146027,2026-02-14 06:53:29.146027,Electronics,6,286.4,0.103,user651@example.com,555-298-3200,North
ORD-103032,CUST-1182,2026-09-28 23:53:29.146027,2026-09-29 01:53:29.146027,Electronics,9,0.0,0.061,user258@example.com,555-259-6123,South
ORD-102156,CUST-100,2026-09-06 23:53:29.146027,2026-09-07 15:53:29.146027,Electronics,7,19.0,0.285,user687@example.com,555-312-3661,West
ORD-101742,CUST-1043,2026-06-04 23:53:29.146027,2026-06-05 08:53:29.146027,Groceries,3,215.82,0.07,user990@example.com,555-808-6570,West
ORD-103615,CUST-671,2026-02-23 23:53:29.146027,2026-02-25 08:53:29.146027,Apparel,2,199.63,0.155,user334@example.com,555-349-5169,South
ORD-103526,CUST-101,2026-09-28 23:53:29.146027,2026-09-30 16:53:29.146027,Sports,8,239.86,0.133,user764@example.com,555-380-2169,East
ORD-101877,CUST-135,2026-01-21 23:53:29.146027,2026-01-22 23:53:29.146027,Groceries,9,271.64,0.255,user850@example.com,555-800-9237,West
ORD-104751,CUST-182,2026-02-11 23:53:29.146027,2026-02-12 11:53:29.146027,Electronics,4,95.77,0.242,user397@example.com,555-104-6178,East
ORD-102089,CUST-678,2026-06-15 23:53:29.146027,2026-06-17 12:53:29.146027,Sports,6,117.72,0.205,user742@example.com,555-112-8124,East
ORD-104522,CUST-557,2026-05-05 23:53:29.146027,2026-05-06 17:53:29.146027,Electronics,4,485.67,0.094,user14@example.com,555-708-4008,West
ORD-102162,CUST-744,2026-02-03 23:53:29.146027,2026-02-04 00:53:29.146027,Toys,5,279.45,0.205,user734@example.com,555-598-2871,North
ORD-104725,CUST-818,2026-03-17 23:53:29.146027,2026-03-19 18:53:29.146027,Sports,6,254.72,0.187,user387@example.com,555-853-6431,East
ORD-101923,CUST-840,2026-07-04 23:53:29.146027,2026-07-05 15:53:29.146027,Home & Garden,8,391.59,0.197,,555-689-9323,North
ORD-100287,CUST-454,2026-09-01 23:53:29.146027,2026-09-02 09:53:29.146027,Electronics,4,14.31,0.289,user1001@example.com,555-402-9211,West
ORD-102998,CUST-596,2026-05-31 23:53:29.146027,2026-06-01 19:53:29.146027,Home & Garden,7,191.1,0.057,user407@example.com,555-956-2733,North
ORD-104402,CUST-189,2026-07-07 23:53:29.146027,2026-07-08 19:53:29.146027,Home & Garden,6,0.0,0.051,user558@example.com,555-611-7655,West
ORD-103415,CUST-938,2026-03-16 23:53:29.146027,2026-03-17 21:53:29.146027,Toys,6,176.0,0.138,user678@example.com,555-135-1132,East
ORD-102369,CUST-374,2026-09-11 23:53:29.146027,2026-09-13 13:53:29.146027,Sports,9,471.45,0.102,user833@example.com,555-879-9672,West
ORD-103742,CUST-32,2026-08-18 23:53:29.146027,2026-08-20 15:53:29.146027,Sports,2,177.79,0.117,user1012@example.com,555-891-7763,East
ORD-103283,CUST-167,2026-05-11 23:53:29.146027,2026-05-12 11:53:29.146027,Groceries,2,265.29,0.018,user1034@example.com,555-742-8541,North
ORD-101109,CUST-679,2026-02-22 23:53:29.146027,2026-02-23 19:53:29.146027,Electronics,5,405.05,0.291,user599@example.com,555-755-9290,East
ORD-101224,CUST-306,2026-04-19 23:53:29.146027,2026-04-20 14:53:29.146027,Apparel,4,245.13,0.255,user146@example.com,555-208-9445,East
ORD-104435,CUST-884,2026-02-22 23:53:29.146027,2026-02-24 05:53:29.146027,Apparel,6,44.92,0.248,user130@example.com,555-347-8779,North
ORD-103414,CUST-252,2026-07-03 23:53:29.146027,2026-07-05 13:53:29.146027,Electronics,9,445.23,0.09,user750@example.com,555-119-3076,North
ORD-103566,CUST-291,2026-07-15 23:53:29.146027,2026-07-17 21:53:29.146027,Apparel,7,144.74,0.007,user729@example.com,555-870-6443,North
ORD-100525,CUST-919,2026-02-11 23:53:29.146027,2026-02-13 06:53:29.146027,Electronics,8,72.15,0.26,user123@example.com,555-135-9392,East
ORD-103445,CUST-805,2026-08-06 23:53:29.146027,2026-08-07 02:53:29.146027,Home & Garden,3,264.2,0.293,user1152@example.com,555-390-7155,East
ORD-104453,CUST-1199,2026-03-08 23:53:29.146027,2026-03-09 18:53:29.146027,Apparel,3,123.4,0.164,user1184@example.com,555-466-8188,North
ORD-103085,CUST-1021,2026-02-27 23:53:29.146027,2026-02-28 05:53:29.146027,Groceries,1,190.89,0.123,user556@example.com,555-708-6735,West
ORD-100506,CUST-52,2026-07-17 23:53:29.146027,2026-07-19 10:53:29.146027,Electronics,9,315.11,0.017,user721@example.com,555-766-7772,South
ORD-104962,CUST-1060,2026-03-25 23:53:29.146027,2026-03-26 15:53:29.146027,Sports,-5,393.09,0.098,user1199@example.com,555-501-6100,South
ORD-102062,CUST-390,2026-03-31 23:53:29.146027,2026-04-01 13:53:29.146027,Electronics,3,27.8,0.098,user38@example.com,555-741-1051,South
ORD-101223,CUST-245,2026-07-09 23:53:29.146027,2026-07-10 13:53:29.146027,Sports,4,451.0,0.166,user1090@example.com,555-813-8409,East
ORD-102444,CUST-534,2026-07-09 23:53:29.146027,2026-07-10 14:53:29.146027,Electronics,9,207.76,0.292,user394@example.com,555-452-8306,South
ORD-103474,CUST-802,2026-06-27 23:53:29.146027,2026-06-29 19:53:29.146027,Groceries,6,44.34,0.091,user1061@example.com,555-121-5024,West
ORD-103862,CUST-935,2026-01-17 23:53:29.146027,2026-01-19 18:53:29.146027,Toys,2,151.78,0.174,user436@example.com,555-982-2768,West
ORD-101695,CUST-380,2026-02-17 23:53:29.146027,2026-02-19 12:53:29.146027,Electronics,1,357.7,0.219,user565@example.com,555-436-6759,South
ORD-101449,CUST-1004,2026-03-15 23:53:29.146027,2026-03-17 04:53:29.146027,Home & Garden,9,12.54,0.147,user140@example.com,555-317-5451,East
ORD-101626,CUST-379,2026-07-03 23:53:29.146027,2026-07-04 02:53:29.146027,Toys,4,271.58,0.181,user183@example.com,555-937-4825,East
ORD-101264,CUST-261,2026-05-23 23:53:29.146027,2026-05-25 01:53:29.146027,Electronics,3,48.66,0.052,user314@example.com,555-588-3394,North
ORD-104480,CUST-485,2026-03-04 23:53:29.146027,2026-03-05 22:53:29.146027,Electronics,2,352.05,0.226,user863@example.com,555-326-4738,East
ORD-100877,CUST-539,2026-06-04 23:53:29.146027,2026-06-06 06:53:29.146027,Toys,4,171.02,0.173,user1058@example.com,555-164-2523,East
ORD-103529,CUST-961,2026-01-27 23:53:29.146027,2026-01-29 03:53:29.146027,Groceries,8,346.37,0.262,user229@example.com,555-945-2543,West
ORD-103568,CUST-982,2026-02-07 23:53:29.146027,2026-02-08 10:53:29.146027,Groceries,6,492.02,0.138,user768@example.com,555-285-8238,North
ORD-100013,CUST-666,2026-01-08 23:53:29.146027,2026-01-10 20:53:29.146027,Groceries,4,464.79,0.071,user488@example.com,555-578-6402,North
ORD-100481,CUST-1174,2026-04-19 23:53:29.146027,2026-04-20 15:53:29.146027,Home & Garden,4,374.77,0.024,user301@example.com,555-730-6252,West
ORD-103065,CUST-173,2026-07-11 23:53:29.146027,2026-07-12 08:53:29.146027,Apparel,1,374.93,0.27,user322@example.com,555-701-3709,North
ORD-104254,CUST-184,2026-02-17 23:53:29.146027,2026-02-19 22:53:29.146027,Home & Garden,5,247.28,0.245,user884@example.com,555-348-2497,East
ORD-104743,CUST-1065,2026-07-16 23:53:29.146027,2026-07-18 08:53:29.146027,Sports,1,252.93,0.054,user987@example.com,555-936-3108,South
ORD-102424,CUST-756,2026-04-24 23:53:29.146027,2026-04-25 06:53:29.146027,Home & Garden,7,369.48,0.232,user292@example.com,555-881-4254,East
ORD-103228,CUST-1188,31/02/2025,2026-07-27 00:53:29.146027,Sports,7,475.09,0.116,user131@example.com,555-351-8318,South
ORD-103640,CUST-416,2026-03-06 23:53:29.146027,2026-03-08 09:53:29.146027,Electronics,8,129.01,0.297,user495@example.com,555-310-1061,West
ORD-104650,CUST-885,2026-08-30 23:53:29.146027,2026-08-31 12:53:29.146027,Apparel,5,345.04,0.042,user335@example.com,555-720-5612,North
ORD-100857,CUST-177,2026-07-20 23:53:29.146027,2026-07-21 16:53:29.146027,Groceries,6,115.16,0.007,user982@example.com,555-438-8714,West
ORD-102551,CUST-1080,2026-05-13 23:53:29.146027,2026-05-15 08:53:29.146027,Toys,4,36.6,0.246,user511@example.com,555-408-1733,West
ORD-100046,CUST-825,2026-02-06 23:53:29.146027,2026-02-08 16:53:29.146027,Apparel,1,487.72,0.166,user1128@example.com,555-475-7409,North
ORD-102314,CUST-612,2026-09-03 23:53:29.146027,2026-09-04 17:53:29.146027,Home & Garden,1,228.09,0.278,user448@example.com,555-569-4456,West
ORD-103532,CUST-767,2026-04-07 23:53:29.146027,2026-04-08 19:53:29.146027,Groceries,5,437.06,0.013,,555-326-2001,East
ORD-102385,CUST-265,2026-09-10 23:53:29.146027,2026-09-11 23:53:29.146027,Electronics,6,203.68,0.158,user1066@example.com,555-467-4242,South
ORD-100899,CUST-326,2026-08-12 23:53:29.146027,2026-08-14 22:53:29.146027,Home & Garden,4,462.45,0.056,user800@example.com,555-508-7423,West
ORD-101022,CUST-1017,2026-08-11 23:53:29.146027,2026-08-12 16:53:29.146027,Electronics,1,377.16,0.172,user313@example.com,555-467-7576,North
ORD-100232,CUST-249,2026-07-26 23:53:29.146027,2026-07-28 08:53:29.146027,Sports,1,96.05,0.075,user42@example.com,555-622-6325,East
ORD-100941,CUST-33,2026-01-16 23:53:29.146027,2026-01-18 16:53:29.146027,Toys,7,4.42,0.151,user1122@example.com,555-656-2979,North
ORD-104728,CUST-1001,2026-08-09 23:53:29.146027,2026-08-11 21:53:29.146027,Groceries,4,273.39,0.168,user533@example.com,555-146-9935,South
ORD-104798,CUST-716,2026-10-03 23:53:29.146027,2026-10-04 21:53:29.146027,Electronics,1,295.82,0.209,user1034@example.com,555-170-3487,East
ORD-104940,CUST-1025,2026-05-15 23:53:29.146027,2026-05-16 13:53:29.146027,Apparel,2,140.68,0.083,user1054@example.com,555-983-8562,West
ORD-103655,CUST-961,2026-09-27 23:53:29.146027,2026-09-28 18:53:29.146027,Home & Garden,2,149.44,0.294,user590@example.com,555-621-8139,East
ORD-103028,CUST-588,2026-04-27 23:53:29.146027,2026-04-28 21:53:29.146027,Toys,4,490.44,0.244,user457@example.com,555-943-4234,West
ORD-103209,CUST-627,2026-04-19 23:53:29.146027,2026-04-20 23:53:29.146027,Groceries,5,493.1,0.225,user348@example.com,555-376-5108,East
ORD-102221,CUST-1034,2026-02-15 23:53:29.146027,2026-02-17 04:53:29.146027,apparel,7,222.35,0.142,user197@example.com,555-937-4266,
ORD-101165,CUST-494,2026-02-06 23:53:29.146027,2026-02-08 18:53:29.146027,Home & Garden,9,295.27,0.083,user943@example.com,555-876-1388,South
ORD-100204,CUST-974,2026-07-22 23:53:29.146027,2026-07-23 22:53:29.146027,Toys,9,497.48,0.223,user1016@example.com,555-134-5216,North
ORD-104513,CUST-65,2026-02-04 23:53:29.146027,2026-02-05 13:53:29.146027,SPORTS,-9,494.76,0.059,user279@example.com,555-262-6349,North
ORD-103789,CUST-738,2026-03-20 23:53:29.146027,2026-03-22 12:53:29.146027,Electronics,3,82.08,0.21,user685@example.com,555-949-9082,East
ORD-104507,CUST-205,2026-09-05 23:53:29.146027,2026-09-06 07:53:29.146027,Apparel,7,199.82,0.114,user712@example.com,555-533-5272,North
ORD-101162,CUST-191,2026-01-19 23:53:29.146027,2026-01-20 03:53:29.146027,Home & Garden,6,480.63,0.221,user694@example.com,555-607-2231,East
ORD-103777,CUST-49,2026-07-29 23:53:29.146027,2026-07-30 04:53:29.146027,Toys,5,473.23,0.007,user465@example.com,555-873-7121,East
ORD-102729,CUST-287,2026-04-14 23:53:29.146027,2026-04-15 07:53:29.146027,Electronics,6,203.21,0.128,user486@example.com,555-334-4705,South
ORD-101600,CUST-926,2026-06-23 23:53:29.146027,2026-06-24 17:53:29.146027,Electronics,1,464.21,0.139,user107@example.com,555-570-8359,East
ORD-100086,CUST-144,2026-09-17 23:53:29.146027,2026-09-18 08:53:29.146027,Apparel,1,40.59,0.277,user401@example.com,555-672-7035,South
ORD-101869,CUST-82,2026-02-02 23:53:29.146027,2026-02-04 08:53:29.146027,Electronics,-4,66.76,0.264,user611@example.com,555-126-9570,East
ORD-102844,CUST-151,2026-05-11 23:53:29.146027,2026-05-12 20:53:29.146027,Toys,9,89.38,0.039,user686@example.com,555-864-7042,West
ORD-104668,CUST-1196,2026-09-24 23:53:29.146027,2026-09-25 18:53:29.146027,Electronics,2,184.83,0.01,user5@example.com,555-403-9905,West
ORD-103314,CUST-918,2026-07-03 23:53:29.146027,2026-07-05 18:53:29.146027,Groceries,5,441.98,0.062,user127@example.com,555-981-4178,West
ORD-100621,CUST-486,2026-06-02 23:53:29.146027,2026-06-03 18:53:29.146027,Apparel,8,498.22,0.14,user981@example.com,555-516-4033,South
ORD-103506,CUST-1119,2026-08-30 23:53:29.146027,2026-08-31 09:53:29.146027,TOYS,1,207.11,0.227,user1109@example.com,555-821-8830,East
ORD-102894,CUST-1028,2026-01-12 23:53:29.146027,2026-01-13 22:53:29.146027,Groceries,2,390.4,0.286,user914@example.com,555-619-9155,South
ORD-103543,CUST-524,2026-08-23 23:53:29.146027,2026-08-24 10:53:29.146027,Apparel,7,138.19,0.1,user267@example.com,555-365-2438,West
ORD-100364,CUST-577,2026-07-26 23:53:29.146027,2026-07-28 01:53:29.146027,Home & Garden,8,204.57,0.253,user227@example.com,555-161-4159,West
ORD-102955,CUST-85,2026-07-08 23:53:29.146027,2026-07-10 09:53:29.146027,Apparel,-8,39.37,0.168,user283@example.com,555-807-8610,South
ORD-104040,CUST-665,2026-02-08 23:53:29.146027,2026-02-09 03:53:29.146027,Home & Garden,2,482.59,0.242,user809@example.com,555-970-7699,North
ORD-101292,CUST-681,2026-02-21 23:53:29.146027,2026-02-22 07:53:29.146027,Home & Garden,9,212.48,0.229,user992@example.com,555-815-9292,East
ORD-102764,CUST-1020,2026-07-03 23:53:29.146027,2026-07-04 09:53:29.146027,Sports,4,220.63,0.255,user32@example.com,555-461-2427,South
ORD-104331,CUST-322,2026-03-13 23:53:29.146027,2026-03-15 06:53:29.146027,Groceries,5,7.55,0.012,user914@example.com,555-377-9021,West
ORD-103888,CUST-1054,2026-03-31 23:53:29.146027,2026-04-01 09:53:29.146027,Sports,7,33.15,0.284,user948@example.com,555-808-4836,East
ORD-103235,CUST-1127,2026-05-25 23:53:29.146027,2026-05-26 04:53:29.146027,Home & Garden,1,326.83,0.13,user268@example.com,555-476-2650,South
ORD-101036,CUST-436,2026-06-12 23:53:29.146027,2026-06-13 16:53:29.146027,sports,7,224.27,0.212,,555-643-5656,East
ORD-104548,CUST-472,2026-08-28 23:53:29.146027,2026-08-30 22:53:29.146027,Home & Garden,2,59.31,0.288,user345@example.com,555-771-1345,South
ORD-101653,CUST-1162,2026-03-10 23:53:29.146027,2026-03-12 15:53:29.146027,Groceries,5,428.65,0.178,user487@example.com,555-212-7839,South
ORD-104566,CUST-432,2026-08-04 23:53:29.146027,2026-08-06 14:53:29.146027,Sports,4,139.16,0.016,,555-681-5141,East
ORD-104621,CUST-929,2026-03-07 23:53:29.146027,2026-03-08 20:53:29.146027,Apparel,9,125.94,0.115,user852@example.com,555-960-9179,South
ORD-103111,CUST-1117,2026-03-07 23:53:29.146027,2026-03-08 11:53:29.146027,Sports,8,411.29,0.25,user17@example.com,555-775-2203,North
ORD-102694,CUST-193,2026-02-07 23:53:29.146027,2026-02-08 04:53:29.146027,Home & Garden,8,409.0,0.281,user1145@example.com,555-477-2753,East
ORD-104383,CUST-776,2026-05-23 23:53:29.146027,2026-05-24 19:53:29.146027,Groceries,1,28.4,0.191,user335@example.com,555-565-8226,North
ORD-102927,CUST-553,2026-01-17 23:53:29.146027,2026-01-19 19:53:29.146027,Sports,-1,90.89,0.007,user353@example.com,555-507-2888,West
ORD-100220,CUST-739,2026-05-30 23:53:29.146027,2026-05-31 00:53:29.146027,Toys,1,253.91,0.02,user581@example.com,555-155-6864,South
ORD-102401,CUST-100,2026-01-29 23:53:29.146027,2026-01-30 15:53:29.146027,Home & Garden,3,323.36,0.118,user269@example.com,555-877-3314,North
ORD-104666,CUST-255,2026-05-29 23:53:29.146027,2026-05-30 15:53:29.146027,Home & Garden,5,320.95,0.187,user1066@example.com,555-158-5880,South
ORD-103981,CUST-974,2026-01-13 23:53:29.146027,2026-01-14 14:53:29.146027,Electronics,9,433.83,0.252,user201@example.com,555-733-7565,South
ORD-104503,CUST-688,2026-09-18 23:53:29.146027,2026-09-20 19:53:29.146027,Electronics,7,175.78,0.206,user531@example.com,555-510-8924,North
ORD-103030,CUST-288,2026-08-28 23:53:29.146027,2026-08-30 03:53:29.146027,Home & Garden,9,406.37,0.281,user1088@example.com,555-187-8453,North
ORD-102007,CUST-505,2026-05-27 23:53:29.146027,2026-05-29 18:53:29.146027,Sports,4,425.16,0.28,user502@example.com,555-431-4742,North
ORD-102165,CUST-219,2026-10-02 23:53:29.146027,2026-10-04 19:53:29.146027,Home & Garden,3,96.17,0.015,user744@example.com,555-500-7397,West
ORD-100039,CUST-103,2026-10-01 23:53:29.146027,2026-10-03 09:53:29.146027,Toys,4,455.62,0.236,user949@example.com,555-675-6318,South
ORD-101192,CUST-815,2026-03-19 23:53:29.146027,2026-03-21 11:53:29.146027,Toys,4,207.33,0.023,user1096@example.com,555-380-9096,West
ORD-102880,CUST-68,2026-05-03 23:53:29.146027,2026-05-05 01:53:29.146027,Sports,7,291.9,0.15,user649@example.com,555-814-8412,West
ORD-103517,CUST-637,2026-09-23 23:53:29.146027,2026-09-24 05:53:29.146027,Toys,1,373.36,0.232,user28@example.com,555-442-7315,South
ORD-100563,CUST-1083,2026-04-17 23:53:29.146027,2026-04-19 20:53:29.146027,Electronics,6,62.64,0.088,,555-100-7407,South
ORD-104914,CUST-738,2026-09-13 23:53:29.146027,2026-09-15 14:53:29.146027,Apparel,1,152.67,0.256,user482@example.com,555-566-5165,South
ORD-102538,CUST-606,2026-05-05 23:53:29.146027,2026-05-06 23:53:29.146027,Home & Garden,1,168.57,0.171,user313@example.com,555-834-8733,North
ORD-103632,CUST-1084,2026-02-15 23:53:29.146027,2026-02-17 04:53:29.146027,Sports,5,464.4,0.135,,555-309-8135,East
ORD-103816,CUST-747,2026-06-13 23:53:29.146027,2026-06-13 23:53:29.146027,Groceries,8,466.82,0.022,user1193@example.com,555-863-6693,East
ORD-103649,CUST-1054,2026-08-21 23:53:29.146027,2026-08-23 13:53:29.146027,Groceries,3,470.82,0.257,user206@example.com,555-360-4313,North
ORD-100522,CUST-1144,2026-03-01 23:53:29.146027,2026-03-02 06:53:29.146027,Groceries,1,367.23,0.094,user906@example.com,555-668-9960,South
ORD-100591,CUST-973,2026-10-03 23:53:29.146027,2026-10-04 00:53:29.146027,Home & Garden,7,110.92,0.032,user1012@example.com,555-126-8084,South
ORD-103776,CUST-687,2026-02-28 23:53:29.146027,2026-03-01 20:53:29.146027,Home & Garden,9,33.74,0.078,,555-243-7339,South
ORD-103122,CUST-875,2026-08-09 23:53:29.146027,2026-08-11 16:53:29.146027,Toys,4,170.56,0.195,user229@example.com,555-296-7070,South
ORD-102225,CUST-813,2026-03-28 23:53:29.146027,2026-03-30 22:53:29.146027,Home & Garden,2,135.15,0.117,user1020@example.com,555-371-9271,South
ORD-102259,CUST-295,2026-03-01 23:53:29.146027,2026-03-03 22:53:29.146027,Apparel,3,432.91,0.296,user469@example.com,555-951-4899,North
ORD-104078,CUST-801,2026-06-29 23:53:29.146027,2026-06-30 00:53:29.146027,Groceries,3,147.92,0.237,user559@example.com,555-879-4364,North
ORD-102981,CUST-750,2026-04-02 23:53:29.146027,2026-04-04 17:53:29.146027,Electronics,4,453.57,0.015,user210@example.com,555-984-7389,West
ORD-104876,CUST-190,2026-08-30 23:53:29.146027,2026-09-01 22:53:29.146027,Toys,7,410.42,0.004,user943@example.com,555-208-5817,North
ORD-103826,CUST-583,2026-03-04 23:53:29.146027,2026-03-06 10:53:29.146027,Electronics,5,304.66,0.266,user1090@example.com,555-762-3474,West
ORD-102657,CUST-490,2026-08-03 23:53:29.146027,2026-08-04 22:53:29.146027,Toys,3,244.77,0.073,user883@example.com,555-990-5344,East
ORD-102986,CUST-163,2026-02-04 23:53:29.146027,2026-02-06 14:53:29.146027,Groceries,3,112.8,0.18,user691@example.com,555-351-9318,East
ORD-103299,CUST-1085,2026-07-16 23:53:29.146027,2026-07-17 17:53:29.146027,Sports,2,227.63,0.013,user962@example.com,555-743-5194,West
ORD-102526,CUST-837,2026-03-28 23:53:29.146027,2026-03-29 08:53:29.146027,Electronics,6,334.28,0.282,user1174@example.com,555-560-7353,East
ORD-103478,CUST-845,2026-07-17 23:53:29.146027,2026-07-18 07:53:29.146027,Electronics,3,91.54,0.088,user333@example.com,555-244-6739,South
ORD-100576,CUST-363,2026-03-05 23:53:29.146027,2026-03-06 04:53:29.146027,Apparel,1,131.72,0.171,user557@example.com,555-497-5946,North
ORD-101650,CUST-341,2026-04-18 23:53:29.146027,2026-04-19 22:53:29.146027,Home & Garden,9,391.06,0.116,user969@example.com,555-906-3425,East
ORD-103494,CUST-1171,2026-09-10 23:53:29.146027,2026-09-12 20:53:29.146027,Sports,5,492.41,0.121,user707@example.com,555-306-9515,East
ORD-101960,CUST-882,2026-06-27 23:53:29.146027,2026-06-29 09:53:29.146027,Electronics,5,490.84,0.236,user1081@example.com,555-316-1850,East
ORD-104783,CUST-325,2026-07-02 23:53:29.146027,2026-07-03 14:53:29.146027,Home & Garden,3,77.23,0.164,user955@example.com,555-198-4958,East
ORD-100551,CUST-284,2026-07-17 23:53:29.146027,2026-07-19 09:53:29.146027,Electronics,1,30.01,0.187,user1192@example.com,555-807-5254,East
ORD-101635,CUST-81,2026-05-08 23:53:29.146027,2026-05-09 03:53:29.146027,Sports,8,251.51,0.013,user655@example.com,555-281-8619,West
ORD-101274,CUST-414,2026-06-13 23:53:29.146027,2026-06-15 14:53:29.146027,Apparel,7,276.32,0.239,user834@example.com,555-910-7477,North
ORD-101816,CUST-478,2026-03-30 23:53:29.146027,2026-03-31 20:53:29.146027,Groceries,2,479.85,0.211,user592@example.com,555-297-9342,North
ORD-100755,CUST-399,2026-05-23 23:53:29.146027,2026-05-24 12:53:29.146027,Electronics,6,138.98,0.203,user750@example.com,555-752-9322,South
ORD-103863,CUST-54,2026-03-14 23:53:29.146027,2026-03-16 13:53:29.146027,Toys,5,126.41,0.215,user1107@example.com,555-435-2041,East
ORD-102634,CUST-285,2026-05-16 23:53:29.146027,2026-05-17 04:53:29.146027,Groceries,6,212.52,0.273,,555-383-5058,
ORD-101327,CUST-1195,2026-01-24 23:53:29.146027,2026-01-26 17:53:29.146027,Toys,8,258.15,0.281,user1089@example.com,555-872-3816,West
ORD-100639,CUST-989,2026-07-31 23:53:29.146027,2026-08-02 20:53:29.146027,Groceries,7,156.32,0.111,user651@example.com,555-947-6807,North
ORD-104345,CUST-419,2026-07-29 23:53:29.146027,2026-07-30 11:53:29.146027,Toys,8,204.14,0.094,user638@example.com,555-402-1510,West
ORD-100043,CUST-992,2026-02-19 23:53:29.146027,2026-02-21 09:53:29.146027,Sports,1,436.93,0.164,user143@example.com,555-289-6886,West
ORD-100007,CUST-366,2026-03-08 23:53:29.146027,2026-03-09 11:53:29.146027,Groceries,5,291.91,0.231,user921@example.com,555-742-1158,West
ORD-100480,CUST-1024,2026-09-05 23:53:29.146027,2026-09-06 01:53:29.146027,Sports,1,281.7,0.124,user584@example.com,555-898-3286,
ORD-104681,CUST-953,2026-01-24 23:53:29.146027,2026-01-25 10:53:29.146027,Sports,5,493.82,0.244,user1054@example.com,555-200-3696,East
ORD-100471,CUST-1075,2026-01-14 23:53:29.146027,2026-01-15 21:53:29.146027,Groceries,4,0.0,0.25,user476@example.com,555-181-4675,West
ORD-100421,CUST-1025,2026-04-08 23:53:29.146027,2026-04-09 11:53:29.146027,Home & Garden,1,488.81,0.022,user414@example.com,555-147-4949,South
ORD-103869,CUST-459,2026-07-02 23:53:29.146027,2026-07-04 20:53:29.146027,Home & Garden,2,269.59,0.047,user387@example.com,555-826-7540,West
ORD-103741,CUST-349,2026-08-17 23:53:29.146027,2026-08-18 14:53:29.146027,Electronics,6,139.61,0.027,user280@example.com,555-163-7905,North
ORD-103621,CUST-843,2026-04-14 23:53:29.146027,2026-04-16 07:53:29.146027,Groceries,2,61.42,0.255,user209@example.com,555-177-2344,South
ORD-100654,CUST-918,2026-07-09 23:53:29.146027,2026-07-11 01:53:29.146027,Electronics,9,359.04,0.214,user162@example.com,555-399-1244,North
ORD-103071,CUST-1080,2026-09-24 23:53:29.146027,2026-09-25 05:53:29.146027,Home & Garden,5,149.99,0.198,user352@example.com,555-814-8151,South
ORD-104568,CUST-1198,2026-08-19 23:53:29.146027,2026-08-21 09:53:29.146027,Apparel,9,146.98,0.006,user156@example.com,555-434-3513,North
ORD-104846,CUST-755,2026-01-28 23:53:29.146027,2026-01-30 10:53:29.146027,Apparel,8,166.98,0.267,user533@example.com,555-887-6960,East
ORD-100464,CUST-388,2026-04-01 23:53:29.146027,2026-04-02 01:53:29.146027,Home & Garden,2,295.25,0.133,,555-375-9508,North
ORD-104760,CUST-1148,2026-07-11 23:53:29.146027,2026-07-13 11:53:29.146027,Home & Garden,5,218.49,0.25,user124@example.com,555-282-2891,South
ORD-101691,CUST-1012,2026-06-20 23:53:29.146027,2026-06-21 16:53:29.146027,TOYS,9,462.32,0.152,user1167@example.com,555-750-7607,West
ORD-101033,CUST-390,2026-01-23 23:53:29.146027,2026-01-24 17:53:29.146027,Electronics,6,314.46,0.107,user5@example.com,555-994-4389,North
ORD-100697,CUST-82,2026-03-14 23:53:29.146027,2026-03-16 22:53:29.146027,Electronics,3,417.77,0.295,user1197@example.com,555-839-2881,West
ORD-102230,CUST-417,2026-02-06 23:53:29.146027,2026-02-07 06:53:29.146027,Apparel,8,152.94,0.033,user928@example.com,555-827-2067,West
ORD-104714,CUST-784,2026-03-03 23:53:29.146027,2026-03-04 22:53:29.146027,Electronics,9,286.78,0.148,user1085@example.com,555-851-3203,East
ORD-103365,CUST-242,2026-07-08 23:53:29.146027,2026-07-09 01:53:29.146027,Sports,3,12.76,0.063,user573@example.com,555-988-6824,South
ORD-100065,CUST-639,2026-01-10 23:53:29.146027,2026-01-12 18:53:29.146027,Sports,4,263.04,0.106,user671@example.com,555-432-1781,West
ORD-103422,CUST-142,2026-06-25 23:53:29.146027,2026-06-26 11:53:29.146027,Sports,9,151.32,0.285,user670@example.com,555-117-3719,East
ORD-102991,CUST-214,2026-08-03 23:53:29.146027,2026-08-04 06:53:29.146027,Groceries,9,53.58,0.265,user720@example.com,555-805-4183,West
ORD-102480,CUST-963,2026-01-19 23:53:29.146027,2026-01-20 12:53:29.146027,Toys,9,336.84,0.091,user98@example.com,555-890-4550,East
ORD-101432,CUST-926,2026-08-02 23:53:29.146027,2026-08-03 18:53:29.146027,Groceries,7,204.61,0.054,user1096@example.com,555-184-5049,South
ORD-103554,CUST-1062,2026-08-20 23:53:29.146027,2026-08-22 14:53:29.146027,Apparel,8,468.63,0.035,user1137@example.com,555-835-6892,South
ORD-100676,CUST-732,2026-03-17 23:53:29.146027,2026-03-19 14:53:29.146027,Toys,5,29.58,0.018,user28@example.com,555-506-4260,South
ORD-104161,CUST-135,2026-03-04 23:53:29.146027,2026-03-06 10:53:29.146027,Apparel,8,37.71,0.138,user352@example.com,555-346-1264,North
ORD-102092,CUST-1197,2026-06-09 23:53:29.146027,2026-06-10 06:53:29.146027,Sports,1,223.18,0.26,user299@example.com,555-497-7038,South
ORD-103724,CUST-984,2026-06-29 23:53:29.146027,2026-06-30 16:53:29.146027,Groceries,5,154.13,0.152,user1067@example.com,555-907-8652,South
ORD-100995,CUST-933,2026-04-01 23:53:29.146027,2026-04-03 05:53:29.146027,Apparel,1,179.19,0.248,user371@example.com,555-997-2689,North
ORD-102371,CUST-1174,2026-08-11 23:53:29.146027,2026-08-12 19:53:29.146027,Apparel,6,360.81,0.191,user922@example.com,555-570-8480,North
ORD-104804,CUST-428,2026-07-27 23:53:29.146027,2026-07-29 17:53:29.146027,Home & Garden,9,267.65,0.106,user338@example.com,555-334-2353,South
ORD-103196,CUST-639,2026-05-27 23:53:29.146027,2026-05-28 22:53:29.146027,Home & Garden,1,463.57,0.183,user935@example.com,555-407-3423,East
ORD-104796,CUST-765,2026-09-30 23:53:29.146027,2026-10-02 05:53:29.146027,Electronics,5,10.54,0.004,user392@example.com,555-612-7858,East
ORD-101780,CUST-1043,2026-03-18 23:53:29.146027,2026-03-19 05:53:29.146027, Groceries ,8,330.98,0.039,user412@example.com,555-773-5177,East
ORD-104635,CUST-883,2026-07-16 23:53:29.146027,2026-07-18 22:53:29.146027,Toys,8,107.42,0.073,user61@example.com,555-535-8226,West
ORD-102109,CUST-358,2026-08-28 23:53:29.146027,2026-08-30 15:53:29.146027,Sports,4,0.0,0.239,user167@example.com,555-732-3134,North
ORD-103240,CUST-1131,2026-04-20 23:53:29.146027,2026-04-21 05:53:29.146027,Apparel,7,180.46,0.153,user425@example.com,555-648-7167,North
ORD-103468,CUST-1064,2026-07-13 23:53:29.146027,2026-07-14 18:53:29.146027,Toys,9,8.7,0.006,user617@example.com,555-568-4507,South
ORD-100129,CUST-829,2026-05-05 23:53:29.146027,2026-05-06 19:53:29.146027,Toys,9,156.92,0.299,user846@example.com,555-170-7860,East
ORD-103231,CUST-826,2026-03-01 23:53:29.146027,2026-03-02 06:53:29.146027,Toys,2,229.07,0.072,user387@example.com,555-578-7887,North
ORD-104528,CUST-1052,2026-06-19 23:53:29.146027,2026-06-21 13:53:29.146027,Apparel,1,252.1,0.18,user849@example.com,555-183-4251,East
ORD-100849,CUST-174,2026-01-11 23:53:29.146027,2026-01-13 03:53:29.146027,Apparel,9,442.8,0.293,user446@example.com,555-877-3259,East
ORD-103654,CUST-447,2026-02-02 23:53:29.146027,2026-02-02 23:53:29.146027,Home & Garden,6,294.59,0.032,user673@example.com,555-316-5677,East
ORD-103354,CUST-1031,2026-07-12 23:53:29.146027,2026-07-14 11:53:29.146027,Sports,7,124.95,0.299,user40@example.com,555-334-5279,South
ORD-104002,CUST-341,2026-09-08 23:53:29.146027,2026-09-09 20:53:29.146027, Home & Garden ,8,474.09,0.233,user364@example.com,555-269-4261,East
ORD-104835,CUST-903,2026-03-12 23:53:29.146027,2026-03-13 02:53:29.146027,Apparel,7,17.25,0.066,user1100@example.com,555-900-9145,South
ORD-102285,CUST-528,2026-07-02 23:53:29.146027,2026-07-04 14:53:29.146027,Electronics,3,81.52,0.26,user1141@example.com,555-784-3967,North
ORD-104567,CUST-1164,2026-01-31 23:53:29.146027,2026-02-02 16:53:29.146027,Toys,1,209.82,0.153,user614@example.com,555-146-3476,South
ORD-103108,CUST-1096,2026-06-24 23:53:29.146027,2026-06-25 17:53:29.146027,Home & Garden,3,163.96,0.039,user978@example.com,555-419-7434,West
ORD-104998,CUST-467,2026-03-04 23:53:29.146027,2026-03-05 15:53:29.146027,Groceries,6,160.55,0.094,user216@example.com,555-930-7162,West
ORD-100077,CUST-407,2026-08-19 23:53:29.146027,2026-08-21 08:53:29.146027,Groceries,2,104.76,0.251,user81@example.com,555-997-6347,East
ORD-104861,CUST-109,2026-02-03 23:53:29.146027,2026-02-05 07:53:29.146027,Electronics,9,181.48,0.008,user955@example.com,555-823-3808,North
ORD-101922,CUST-864,2026-02-22 23:53:29.146027,2026-02-24 15:53:29.146027,Electronics,8,85.28,0.194,user74@example.com,555-862-5307,East
ORD-104039,CUST-254,2026-06-03 23:53:29.146027,2026-06-05 21:53:29.146027,Groceries,5,291.09,0.026,user1064@example.com,555-843-3748,North
ORD-103908,CUST-18,2026-07-17 23:53:29.146027,2026-07-18 00:53:29.146027,Apparel,2,172.68,0.161,user1114@example.com,555-133-5545,North
ORD-102570,CUST-893,2026-05-04 23:53:29.146027,2026-05-06 14:53:29.146027,Groceries,9,475.0,0.297,user1023@example.com,555-798-3179,South
ORD-104888,CUST-874,2026-07-04 23:53:29.146027,2026-07-06 16:53:29.146027,Toys,9,499.44,0.177,user1073@example.com,555-908-3501,North
ORD-102102,CUST-172,2026-02-23 23:53:29.146027,2026-02-24 05:53:29.146027,Toys,9,488.4,0.262,user887@example.com,555-305-7994,South
ORD-103507,CUST-131,2026-08-18 23:53:29.146027,2026-08-20 21:53:29.146027,Sports,8,380.38,0.147,user197@example.com,555-708-7661,South
ORD-104727,CUST-539,2026-09-25 23:53:29.146027,2026-09-26 07:53:29.146027,Home & Garden,8,295.92,0.243,user707@example.com,555-337-7869,South
ORD-103792,CUST-190,2026-01-26 23:53:29.146027,2026-01-26 23:53:29.146027,Electronics,2,29.65,0.136,,555-681-1777,West
ORD-104857,CUST-67,2026-03-18 23:53:29.146027,2026-03-20 12:53:29.146027,Toys,1,429.23,0.201,user614@example.com,555-218-1908,North
ORD-101481,CUST-1090,2026-04-12 23:53:29.146027,2026-04-14 07:53:29.146027,Sports,5,90.98,0.103,user123@example.com,555-343-2056,South
ORD-104711,CUST-474,2026-03-16 23:53:29.146027,2026-03-16 23:53:29.146027,Apparel,3,415.2,0.092,user1076@example.com,555-478-3782,West
ORD-100382,CUST-1083,2026-09-26 23:53:29.146027,2026-09-27 19:53:29.146027,Sports,3,58.9,0.233,user846@example.com,555-730-6526,East
ORD-104016,CUST-460,2026-07-21 23:53:29.146027,2026-07-23 15:53:29.146027,Groceries,7,251.67,0.145,user265@example.com,555-939-6500,North
ORD-104487,CUST-349,2026-07-17 23:53:29.146027,2026-07-18 08:53:29.146027,Toys,6,7444.499999999999,0.189,user820@example.com,555-333-2177,East
ORD-104100,CUST-143,2026-03-15 23:53:29.146027,2026-03-16 20:53:29.146027,Groceries,9,412.57,0.057,user756@example.com,555-531-2124,West
ORD-104901,CUST-387,2026-03-06 23:53:29.146027,2026-03-08 15:53:29.146027,Home & Garden,8,379.6,0.031,user210@example.com,555-841-1475,North
ORD-104429,CUST-291,2026-02-21 23:53:29.146027,2026-02-22 19:53:29.146027,Electronics,4,47.67,0.143,user96@example.com,555-788-6198,West
ORD-100558,CUST-1102,2026-05-31 23:53:29.146027,2026-06-02 07:53:29.146027,Sports,1,206.8,0.182,user978@example.com,555-978-9894,North
ORD-100835,CUST-1128,2026-04-07 23:53:29.146027,2026-04-09 14:53:29.146027,Groceries,1,118.37,0.156,user1073@example.com,555-253-6200,East
ORD-100029,CUST-161,2026-05-23 23:53:29.146027,2026-05-25 18:53:29.146027,Groceries,7,143.66,0.3,,555-121-8021,South
ORD-100463,CUST-45,2026-07-20 23:53:29.146027,2026-07-22 12:53:29.146027,Groceries,8,130.4,0.3,user596@example.com,555-355-7697,North
ORD-103618,CUST-615,2026-06-16 23:53:29.146027,2026-06-18 09:53:29.146027,Electronics,1,207.25,0.264,user1085@example.com,555-864-8397,South
ORD-100916,CUST-890,2026-02-21 23:53:29.146027,2026-02-22 04:53:29.146027,Home & Garden,7,362.36,0.202,user266@example.com,555-580-5905,East
ORD-101825,CUST-676,2026-08-07 23:53:29.146027,2026-08-09 07:53:29.146027,Toys,3,196.44,0.299,user557@example.com,555-937-6009,South
ORD-101299,CUST-1129,2026-09-23 23:53:29.146027,2026-09-25 04:53:29.146027,Groceries,7,90.47,0.096,user182@example.com,555-618-4433,East
ORD-104373,CUST-259,2026-08-27 23:53:29.146027,2026-08-28 19:53:29.146027,Electronics,8,9.98,0.295,user266@example.com,555-539-6182,East
ORD-103754,CUST-237,2026-04-03 23:53:29.146027,2026-04-05 12:53:29.146027,Electronics,6,373.07,0.075,user1022@example.com,555-548-1539,West
ORD-104344,CUST-1124,2026-09-14 23:53:29.146027,2026-09-15 22:53:29.146027,Groceries,2,327.15,0.099,user817@example.com,555-383-5384,East
ORD-104025,CUST-216,2026-06-27 23:53:29.146027,2026-06-29 19:53:29.146027,Sports,5,268.91,0.024,user964@example.com,555-661-5863,North
ORD-100518,CUST-763,2026-08-31 23:53:29.146027,2026-09-01 16:53:29.146027,Electronics,7,391.01,0.181,user170@example.com,555-954-3191,East
ORD-103113,CUST-96,2026-08-26 23:53:29.146027,2026-08-28 03:53:29.146027,Toys,3,12.74,0.218,user288@example.com,555-438-8671,East
ORD-104885,CUST-211,2026-08-19 23:53:29.146027,2026-08-20 12:53:29.146027,Groceries,2,64.25,0.001,user1128@example.com,555-639-9212,North
ORD-101872,CUST-1148,2026-04-24 23:53:29.146027,2026-04-26 00:53:29.146027,Apparel,8,46.46,0.042,user848@example.com,555-689-7188,South
ORD-104075,CUST-507,2026-03-04 23:53:29.146027,2026-03-05 07:53:29.146027,Groceries,4,210.82,0.14,user58@example.com,555-446-3779,North
ORD-100595,CUST-626,2026-08-22 23:53:29.146027,2026-08-23 18:53:29.146027,Home & Garden,9,496.74,0.092,user778@example.com,555-910-8983,West
ORD-100469,CUST-634,2026-02-19 23:53:29.146027,2026-02-20 16:53:29.146027,Sports,2,373.87,0.237,user114@example.com,555-378-1984,South
ORD-104189,CUST-262,2026-02-04 23:53:29.146027,2026-02-06 05:53:29.146027,Sports,4,166.69,0.086,user538@example.com,555-322-2121,South
ORD-104639,CUST-343,2026-03-19 23:53:29.146027,2026-03-21 04:53:29.146027,Toys,1,88.38,0.169,user157@example.com,555-349-3188,North
ORD-103858,CUST-1035,2026-07-23 23:53:29.146027,2026-07-25 22:53:29.146027,Home & Garden,4,459.57,0.115,user1187@example.com,555-924-6530,West
ORD-102415,CUST-97,2026-01-07 23:53:29.146027,2026-01-08 02:53:29.146027,Sports,7,118.17,0.26,user938@example.com,555-141-1702,North
ORD-102293,CUST-767,2026-09-01 23:53:29.146027,2026-09-03 22:53:29.146027,Electronics,9,298.97,0.243,user38@example.com,555-988-1893,West
ORD-103218,CUST-144,2026-02-09 23:53:29.146027,2026-02-10 23:53:29.146027,Toys,6,33.0,0.039,user712@example.com,555-756-2177,West
ORD-101554,CUST-407,2026-03-29 23:53:29.146027,2026-03-30 03:53:29.146027,Groceries,4,471.92,0.088,user1128@example.com,555-317-6658,East
ORD-100097,CUST-580,2026-05-24 23:53:29.146027,2026-05-25 02:53:29.146027,Groceries,7,16.92,0.208,user914@example.com,555-139-7503,West
ORD-103856,CUST-701,2026-08-31 23:53:29.146027,2026-09-01 03:53:29.146027,Apparel,4,175.66,0.061,user550@example.com,555-887-2052,South
ORD-103983,CUST-765,2026-03-28 23:53:29.146027,2026-03-30 12:53:29.146027,Home & Garden,7,306.14,0.179,user210@example.com,555-572-7255,North
ORD-102212,CUST-66,2026-09-27 23:53:29.146027,2026-09-28 14:53:29.146027,Apparel,3,316.15,0.231,user172@example.com,555-921-6829,
ORD-102429,CUST-391,2026-09-25 23:53:29.146027,2026-09-26 03:53:29.146027,Apparel,9,160.75,0.087,user40@example.com,555-862-3569,West
ORD-102245,CUST-1036,2026-08-30 23:53:29.146027,2026-08-31 12:53:29.146027,Apparel,3,177.28,0.158,user895@example.com,555-457-6657,North
ORD-103907,CUST-564,2026-07-26 23:53:29.146027,2026-07-28 01:53:29.146027,Toys,6,330.7,0.234,user119@example.com,555-429-6060,East
ORD-102076,CUST-622,2026-04-29 23:53:29.146027,2026-04-30 04:53:29.146027,Apparel,7,185.17,0.221,user426@example.com,555-196-9374,South
ORD-100447,CUST-698,2026-06-28 23:53:29.146027,2026-06-30 18:53:29.146027,Sports,6,420.1,0.102,user998@example.com,555-607-2378,North
ORD-104213,CUST-265,2026-05-23 23:53:29.146027,2026-05-25 20:53:29.146027,Electronics,1,222.62,0.211,user662@example.com,555-722-1420,West
ORD-101733,CUST-1134,2026-01-16 23:53:29.146027,2026-01-17 03:53:29.146027,Home & Garden,4,399.13,0.169,user657@example.com,555-945-2805,East
ORD-101897,CUST-308,2026-06-24 23:53:29.146027,2026-06-26 20:53:29.146027,Sports,8,101.03,0.04,user72@example.com,555-623-9561,West
ORD-101017,CUST-775,2026-03-02 23:53:29.146027,2026-03-04 07:53:29.146027,Home & Garden,6,362.22,0.164,user775@example.com,555-400-9292,West
ORD-102868,CUST-581,2026-07-16 23:53:29.146027,2026-07-17 04:53:29.146027,Home & Garden,3,286.58,0.036,user894@example.com,555-712-4471,North
ORD-100014,CUST-83,2026-05-21 23:53:29.146027,2026-05-22 20:53:29.146027,Groceries,5,163.38,0.047,user899@example.com,555-379-6519,West
ORD-104029,CUST-150,2026-01-19 23:53:29.146027,2026-01-21 00:53:29.146027,Groceries,5,246.83,0.133,user1166@example.com,555-367-1538,East
ORD-103276,CUST-67,2026-06-12 23:53:29.146027,2026-06-13 17:53:29.146027,Groceries,7,127.27,0.173,user49@example.com,555-357-1427,East
ORD-101215,CUST-121,2026-05-07 23:53:29.146027,2026-05-08 19:53:29.146027,Groceries,3,269.39,0.23,user305@example.com,555-935-2028,East
ORD-104739,CUST-516,2026-08-08 23:53:29.146027,2026-08-09 01:53:29.146027,Apparel,1,252.12,0.17,user757@example.com,555-847-5435,West
ORD-103670,CUST-769,2026-08-16 23:53:29.146027,2026-08-17 06:53:29.146027,Electronics,1,98.37,0.15,user574@example.com,555-488-7671,East
ORD-102130,CUST-1007,2026-08-12 23:53:29.146027,2026-08-14 07:53:29.146027,Home & Garden,5,482.03,0.267,user479@example.com,555-895-8620,South
ORD-104648,CUST-261,2026-06-29 23:53:29.146027,2026-06-30 18:53:29.146027,Toys,4,403.6,0.258,user1111@example.com,555-585-1281,West
ORD-102769,CUST-738,2026-09-14 23:53:29.146027,2026-09-15 03:53:29.146027,Sports,6,431.08,0.122,user210@example.com,555-584-5602,West
ORD-104314,CUST-762,2026-04-18 23:53:29.146027,2026-04-20 18:53:29.146027,Apparel,9,184.32,0.293,user46@example.com,555-589-8145,East
ORD-104338,CUST-502,2026-06-04 23:53:29.146027,2026-06-06 20:53:29.146027,Groceries,1,467.46,0.002,user94@example.com,555-888-4800,East
ORD-103546,CUST-398,2026-02-11 23:53:29.146027,2026-02-13 02:53:29.146027,Electronics,4,77.71,0.04,user1000@example.com,555-501-1358,North
ORD-100286,CUST-52,2026-09-19 23:53:29.146027,2026-09-21 09:53:29.146027,Sports,7,436.7,0.069,user612@example.com,555-343-1772,South
ORD-104054,CUST-450,2026-07-19 23:53:29.146027,2026-07-21 12:53:29.146027,Apparel,8,56.09,0.193,user895@example.com,555-484-2275,West
ORD-102312,CUST-173,2026-03-25 23:53:29.146027,2026-03-27 03:53:29.146027,HOME & GARDEN,4,65.01,0.052,user281@example.com,555-645-3125,North
ORD-103250,CUST-407,2026-09-01 23:53:29.146027,2026-09-03 21:53:29.146027,Apparel,9,358.54,0.134,user365@example.com,555-624-4107,North
ORD-100779,CUST-845,2026-07-31 23:53:29.146027,2026-08-02 18:53:29.146027,Toys,8,24.22,0.152,user152@example.com,555-871-7766,East
ORD-104708,CUST-246,2026-07-24 23:53:29.146027,2026-07-25 04:53:29.146027,Toys,4,107.54,0.102,user864@example.com,555-428-7151,West
ORD-104759,CUST-815,2026-09-04 23:53:29.146027,2026-09-05 00:53:29.146027,Electronics,4,8.99,0.189,user1101@example.com,555-942-6019,East
ORD-102052,CUST-788,2026-05-03 23:53:29.146027,2026-05-04 15:53:29.146027,Sports,7,86.1,0.157,user504@example.com,555-679-1581,South
ORD-100428,CUST-390,2026-02-10 23:53:29.146027,2026-02-11 12:53:29.146027,Home & Garden,7,49.41,0.207,user745@example.com,555-425-6475,
ORD-103350,CUST-855,2026-08-23 23:53:29.146027,2026-08-24 05:53:29.146027,Apparel,9,330.43,0.21,user696@example.com,555-977-1688,East
ORD-104190,CUST-336,2026-06-23 23:53:29.146027,2026-06-25 18:53:29.146027,Electronics,8,437.53,0.128,user266@example.com,555-179-6145,North
ORD-101467,CUST-134,2026-01-25 23:53:29.146027,2026-01-26 07:53:29.146027,Home & Garden,7,108.01,0.144,user464@example.com,555-337-3122,West
ORD-104277,CUST-43,2026-06-25 23:53:29.146027,2026-06-27 12:53:29.146027,Toys,8,256.99,0.263,user697@example.com,555-358-8729,North
ORD-104837,CUST-792,2026-08-30 23:53:29.146027,2026-09-01 11:53:29.146027,Electronics,5,497.39,0.027,user574@example.com,555-821-8261,West
ORD-102867,CUST-1141,2026-08-28 23:53:29.146027,2026-08-29 15:53:29.146027,Apparel,3,405.77,0.294,user456@example.com,555-342-7154,
ORD-104839,CUST-276,2026-09-12 23:53:29.146027,2026-09-14 22:53:29.146027,Sports,5,150.0,0.06,user677@example.com,555-957-8661,South
ORD-100350,CUST-83,2026-07-08 23:53:29.146027,2026-07-09 21:53:29.146027,Home & Garden,5,91.07,0.293,user973@example.com,555-116-5873,South
ORD-100165,CUST-815,2026-06-05 23:53:29.146027,2026-06-07 19:53:29.146027,Toys,7,32.18,0.176,user492@example.com,555-769-6512,West
ORD-103284,CUST-216,2026-04-12 23:53:29.146027,2026-04-14 01:53:29.146027,Sports,7,428.28,0.267,user709@example.com,555-919-7175,East
ORD-100660,CUST-1115,2026-05-31 23:53:29.146027,2026-06-01 10:53:29.146027,Home & Garden,6,234.1,0.287,user448@example.com,555-306-7779,South
ORD-102295,CUST-126,2026-06-17 23:53:29.146027,2026-06-18 16:53:29.146027,Sports,7,53.6,0.034,user1002@example.com,555-542-5885,West
ORD-101339,CUST-1020,2026-06-10 23:53:29.146027,2026-06-12 14:53:29.146027,Electronics,3,348.68,0.08,user42@example.com,555-425-3646,South
ORD-102947,CUST-882,2026-08-05 23:53:29.146027,2026-08-06 09:53:29.146027,Electronics,1,135.57,0.096,user16@example.com,555-866-6109,East
ORD-103321,CUST-1149,2026-03-19 23:53:29.146027,2026-03-20 02:53:29.146027,Sports,3,199.12,0.269,user1112@example.com,555-462-1308,East
ORD-102618,CUST-650,2026-04-06 23:53:29.146027,2026-04-07 06:53:29.146027,Groceries,9,150.73,0.125,user51@example.com,555-542-4573,North
ORD-102206,CUST-148,2026-03-18 23:53:29.146027,2026-03-20 17:53:29.146027,Sports,3,278.53,0.168,user312@example.com,555-867-1300,South
ORD-100383,CUST-293,2026-06-09 23:53:29.146027,2026-06-10 04:53:29.146027,Electronics,7,341.4,0.04,user1049@example.com,555-252-1197,North
ORD-103151,CUST-607,2026-02-20 23:53:29.146027,2026-02-21 13:53:29.146027,Sports,1,244.75,0.132,user681@example.com,555-497-5324,East
ORD-102216,CUST-226,2026-04-13 23:53:29.146027,2026-04-14 09:53:29.146027,Home & Garden,3,125.73,0.022,user546@example.com,555-732-7551,West
ORD-102188,CUST-998,2026-09-13 23:53:29.146027,2026-09-14 18:53:29.146027,Electronics,9,159.66,0.255,user115@example.com,555-800-8084,South
ORD-100465,CUST-74,2026-08-29 23:53:29.146027,2026-08-31 09:53:29.146027,Sports,2,450.74,0.18,user525@example.com,555-256-5961,East
ORD-104108,CUST-261,2026-08-17 23:53:29.146027,2026-08-19 18:53:29.146027,Apparel,7,35.03,0.286,user787@example.com,555-555-1364,North
ORD-101132,CUST-363,2026-05-24 23:53:29.146027,2026-05-26 15:53:29.146027,Home & Garden,8,353.07,0.048,user41@example.com,555-421-5382,South
ORD-100299,CUST-1000,2026-09-20 23:53:29.146027,2026-09-21 00:53:29.146027,Toys,2,234.01,0.007,user274@example.com,555-931-9515,South
ORD-102445,CUST-188,2026-04-20 23:53:29.146027,2026-04-21 13:53:29.146027,Home & Garden,5,40.62,0.159,user780@example.com,555-983-9988,North
ORD-101615,CUST-1006,2026-03-19 23:53:29.146027,2026-03-20 20:53:29.146027,Home & Garden,4,100.75,0.093,user22@example.com,555-419-6968,North
ORD-103835,CUST-581,2026-09-13 23:53:29.146027,2026-09-14 11:53:29.146027,Home & Garden,3,351.1,0.244,user845@example.com,555-543-2641,West
ORD-104056,CUST-795,2026-06-29 23:53:29.146027,2026-07-01 18:53:29.146027,Home & Garden,8,219.61,0.203,user1066@example.com,555-962-6779,East
ORD-103971,CUST-812,2026-01-12 23:53:29.146027,2026-01-13 10:53:29.146027,Sports,7,433.66,0.076,user303@example.com,555-775-8017,North
ORD-102317,CUST-65,2026-07-16 23:53:29.146027,2026-07-18 07:53:29.146027,Sports,2,315.2,0.057,user1125@example.com,555-458-4123,North
ORD-104472,CUST-639,2026-04-03 23:53:29.146027,2026-04-04 05:53:29.146027,Electronics,4,239.88,0.195,user1142@example.com,555-938-5822,South
ORD-103339,CUST-940,2026-03-27 23:53:29.146027,2026-03-29 09:53:29.146027,Groceries,7,73.48,0.054,user36@example.com,555-268-3701,East
ORD-101937,CUST-62,2026-03-27 23:53:29.146027,2026-03-29 01:53:29.146027,Home & Garden,2,444.98,0.059,user141@example.com,555-731-7402,North
ORD-104202,CUST-22,2026-07-24 23:53:29.146027,2026-07-26 04:53:29.146027,Home & Garden,4,367.99,0.218,user139@example.com,555-485-4132,North
ORD-103484,CUST-48,2026-02-08 23:53:29.146027,2026-02-09 15:53:29.146027,Home & Garden,5,309.06,0.039,user1001@example.com,555-928-2749,South
ORD-103075,CUST-486,2026-07-19 23:53:29.146027,2026-07-21 01:53:29.146027,Toys,7,286.62,0.208,user712@example.com,555-137-1571,South
ORD-101048,CUST-930,2026-02-27 23:53:29.146027,2026-02-28 12:53:29.146027,Toys,6,154.83,0.184,user897@example.com,555-150-3546,East
ORD-104482,CUST-60,2026-01-25 23:53:29.146027,2026-01-26 07:53:29.146027,Electronics,7,331.2,0.263,user933@example.com,555-602-5530,North
ORD-104168,CUST-1179,2026-01-15 23:53:29.146027,2026-01-16 15:53:29.146027,Electronics,7,202.52,0.179,user833@example.com,555-614-5466,East
ORD-101528,CUST-742,2026-03-17 23:53:29.146027,2026-03-18 08:53:29.146027,Apparel,3,498.73,0.078,user31@example.com,555-259-8717,East
ORD-100052,CUST-408,2026-09-25 23:53:29.146027,2026-09-26 16:53:29.146027,Electronics,6,421.46,0.295,user203@example.com,555-395-6912,West
ORD-100846,CUST-49,2026-07-24 23:53:29.146027,2026-07-26 18:53:29.146027,Groceries,1,413.19,0.203,user1140@example.com,555-407-6711,North
ORD-100251,CUST-53,2026-03-09 23:53:29.146027,2026-03-10 21:53:29.146027,Toys,1,129.02,0.02,user590@example.com,555-965-9149,West
ORD-103034,CUST-1052,2026-04-14 23:53:29.146027,2026-04-16 06:53:29.146027,Sports,4,447.89,0.119,user73@example.com,555-389-2868,South
ORD-101027,CUST-878,2026-07-23 23:53:29.146027,2026-07-25 03:53:29.146027,Apparel,8,192.75,0.155,user846@example.com,555-478-9774,South
ORD-101668,CUST-693,2026-08-06 23:53:29.146027,2026-08-07 12:53:29.146027,Groceries,4,458.56,0.083,user1150@example.com,555-494-5914,West
ORD-100806,CUST-633,2026-03-27 23:53:29.146027,2026-03-29 10:53:29.146027,Groceries,1,456.81,0.241,user698@example.com,555-179-1604,South
ORD-101552,CUST-629,2026-09-26 23:53:29.146027,2026-09-28 22:53:29.146027,Apparel,8,459.07,0.084,user728@example.com,555-711-6692,North
ORD-100031,CUST-902,2026-06-05 23:53:29.146027,2026-06-06 10:53:29.146027,Home & Garden,-8,316.0,0.093,user130@example.com,555-500-2597,North
ORD-100715,CUST-611,2026-05-17 23:53:29.146027,2026-05-18 18:53:29.146027,Home & Garden,6,218.44,0.183,user834@example.com,555-691-6033,East
ORD-102384,CUST-484,2026-04-18 23:53:29.146027,2026-04-19 17:53:29.146027,Toys,1,86.98,0.068,user699@example.com,555-594-8492,North
ORD-103099,CUST-1108,2026-02-03 23:53:29.146027,2026-02-05 04:53:29.146027,Apparel,2,293.92,0.265,user38@example.com,555-362-5402,West
ORD-104803,CUST-1180,2026-03-11 23:53:29.146027,2026-03-12 14:53:29.146027,Toys,7,386.8,0.043,user1141@example.com,555-669-4882,South
ORD-104858,CUST-7,2026-04-29 23:53:29.146027,2026-05-01 06:53:29.146027,Groceries,8,170.35,0.024,user728@example.com,555-505-6740,South
ORD-104709,CUST-96,2026-04-21 23:53:29.146027,2026-04-22 11:53:29.146027,Sports,5,415.63,0.127,user148@example.com,555-901-1201,East
ORD-104185,CUST-605,2026-06-24 23:53:29.146027,2026-06-26 10:53:29.146027,Sports,7,203.16,0.276,user102@example.com,555-410-5080,West
ORD-104327,CUST-119,2026-08-11 23:53:29.146027,2026-08-13 02:53:29.146027,Home & Garden,4,331.41,0.246,user1141@example.com,555-444-2448,East
ORD-103271,CUST-1128,2026-02-10 23:53:29.146027,2026-02-12 04:53:29.146027,Groceries,9,74.25,0.261,user1006@example.com,555-890-7150,West
ORD-101044,CUST-812,2026-09-04 23:53:29.146027,2026-09-05 03:53:29.146027,Toys,7,251.48,0.046,user166@example.com,555-623-8186,East
ORD-102327,CUST-687,2026-03-24 23:53:29.146027,2026-03-25 08:53:29.146027,Home & Garden,5,94.17,0.172,user180@example.com,555-237-2606,East
ORD-102020,CUST-489,2026-09-07 23:53:29.146027,2026-09-08 13:53:29.146027,Sports,N/A,334.13,0.187,user151@example.com,555-475-6953,East
ORD-101759,CUST-110,2026-09-23 23:53:29.146027,2026-09-25 13:53:29.146027,Sports,2,350.06,0.182,user6@example.com,555-446-7886,West
ORD-102144,CUST-331,2026-07-01 23:53:29.146027,2026-07-02 12:53:29.146027,Toys,9,185.72,0.05,user901@example.com,555-778-1843,West
ORD-102489,CUST-194,2026-05-23 23:53:29.146027,2026-05-24 21:53:29.146027,Toys,8,304.04,0.042,user316@example.com,555-735-1799,West
ORD-102356,CUST-117,2026-07-08 23:53:29.146027,2026-07-09 23:53:29.146027,Groceries,5,403.92,0.015,user761@example.com,555-819-6161,South
ORD-103310,CUST-771,2026-08-03 23:53:29.146027,2026-08-05 06:53:29.146027,Sports,2,299.71,0.202,user1170@example.com,555-763-4821,North
ORD-103090,CUST-180,2026-05-25 23:53:29.146027,2026-05-27 00:53:29.146027,Electronics,4,344.95,0.068,user199@example.com,555-161-6151,West
ORD-102961,CUST-93,2026-01-25 23:53:29.146027,2026-01-27 02:53:29.146027,Groceries,8,146.73,0.015,user979@example.com,555-426-6201,East
ORD-103561,CUST-621,2026-07-05 23:53:29.146027,2026-07-06 16:53:29.146027,Groceries,8,496.22,0.073,user186@example.com,555-269-2802,North
ORD-100330,CUST-365,2026-09-09 23:53:29.146027,2026-09-11 20:53:29.146027,Groceries,4,359.76,0.296,user265@example.com,555-675-9727,North
ORD-103503,CUST-713,2026-09-19 23:53:29.146027,2026-09-20 22:53:29.146027,Groceries,1,15.75,0.154,user663@example.com,555-351-4500,North
ORD-104553,CUST-562,2026-01-26 23:53:29.146027,2026-01-28 08:53:29.146027,Electronics,3,264.83,0.245,user221@example.com,555-540-4558,West
ORD-101638,CUST-1150,2026-02-09 23:53:29.146027,2026-02-11 02:53:29.146027,Home & Garden,5,128.49,0.211,user406@example.com,555-617-7068,North
ORD-101515,CUST-351,2026-03-06 23:53:29.146027,2026-03-07 19:53:29.146027,Apparel,3,235.6,0.027,user610@example.com,555-766-8910,West
ORD-100861,CUST-1132,2026-07-23 23:53:29.146027,2026-07-24 02:53:29.146027,Appparel,9,216.33,0.038,user1093@example.com,555-172-5474,East
ORD-104537,CUST-722,2026-07-11 23:53:29.146027,2026-07-13 04:53:29.146027,Groceries,9,98.78,0.165,user928@example.com,555-256-4680,North
ORD-104558,CUST-1041,2026-08-18 23:53:29.146027,2026-08-19 00:53:29.146027,Toys,5,217.49,0.083,user837@example.com,555-286-5143,East
ORD-101198,CUST-955,2026-06-17 23:53:29.146027,2026-06-19 17:53:29.146027,Sports,8,232.91,0.2,user628@example.com,555-168-9623,East
ORD-101111,CUST-378,2026-03-24 23:53:29.146027,2026-03-24 23:53:29.146027,Groceries,9,454.9,0.237,user186@example.com,555-872-3092,South
ORD-100327,CUST-287,2026-02-06 23:53:29.146027,2026-02-08 17:53:29.146027,Toys,9,339.58,0.263,user304@example.com,555-318-8790,West
ORD-101088,CUST-926,2026-04-23 23:53:29.146027,2026-04-24 01:53:29.146027,Groceries,5,196.41,0.035,user110@example.com,555-124-2024,West
ORD-103993,CUST-682,2026-03-07 23:53:29.146027,2026-03-08 02:53:29.146027,Electronics,8,292.34,0.109,user589@example.com,555-281-7048,North
ORD-102515,CUST-840,2026-06-03 23:53:29.146027,2026-06-05 18:53:29.146027,Toys,1,14.69,0.018,user1029@example.com,555-586-9396,South
ORD-100003,CUST-1091,2026-09-06 23:53:29.146027,2026-09-08 06:53:29.146027,Groceries,9,202.86,0.191,user1106@example.com,555-114-9454,West
ORD-102642,CUST-1079,2026-04-20 23:53:29.146027,2026-04-22 15:53:29.146027,Apparel,1,311.09,0.007,user98@example.com,555-899-8239,South
ORD-103364,CUST-361,2026-07-15 23:53:29.146027,2026-07-17 04:53:29.146027,Home & Garden,6,51.0,0.096,user507@example.com,555-160-5172,
ORD-101490,CUST-293,2026-03-18 23:53:29.146027,2026-03-19 01:53:29.146027,Sports,8,114.77,0.25,user936@example.com,555-478-5071,West
ORD-102459,CUST-984,2026-09-10 23:53:29.146027,2026-09-12 19:53:29.146027,Groceries,4,298.86,0.182,,555-578-6303,East
ORD-104688,CUST-606,2026-03-23 23:53:29.146027,2026-03-25 10:53:29.146027,Apparel,4,450.86,0.043,user906@example.com,555-492-4655,East
ORD-100549,CUST-1010,2026-04-18 23:53:29.146027,2026-04-19 22:53:29.146027,Toys,6,15.1,0.043,user757@example.com,555-838-1354,West
ORD-100556,CUST-333,2026-01-25 23:53:29.146027,2026-01-26 03:53:29.146027,Groceries,5,65.86,0.273,user984@example.com,555-357-5904,South
ORD-102202,CUST-968,2026-07-28 23:53:29.146027,2026-07-29 13:53:29.146027,Toys,3,99.56,0.235,user196@example.com,555-549-8373,North
ORD-102589,CUST-767,2026-02-13 23:53:29.146027,2026-02-14 19:53:29.146027,Toys,4,235.98,0.289,user523@example.com,555-643-5022,South
ORD-101485,CUST-1172,2026-07-28 23:53:29.146027,2026-07-28 23:53:29.146027,Groceries,9,5.79,0.162,user1003@example.com,555-253-5932,South
ORD-103877,CUST-417,2026-07-27 23:53:29.146027,2026-07-28 13:53:29.146027,Toys,8,456.73,0.091,user1080@example.com,555-286-8931,West
ORD-100264,CUST-502,2026-09-30 23:53:29.146027,2026-10-01 10:53:29.146027,Groceries,5,164.52,0.099,user266@example.com,555-325-8095,West
ORD-103395,CUST-1085,2026-07-01 23:53:29.146027,2026-07-02 15:53:29.146027,Toys,5,396.78,0.165,,555-626-2689,North
ORD-101471,CUST-462,2026-05-18 23:53:29.146027,2026-05-20 07:53:29.146027,Toys,4,54.51,0.267,user865@example.com,555-862-8832,North
ORD-101234,CUST-464,2026-01-27 23:53:29.146027,2026-01-29 19:53:29.146027,Toys,6,328.51,0.079,user135@example.com,555-161-6670,West
ORD-101154,CUST-788,2026-09-29 23:53:29.146027,2026-10-01 09:53:29.146027,Electronics,4,111.76,0.023,user908@example.com,555-112-9492,North
ORD-101401,CUST-350,2026-06-10 23:53:29.146027,2026-06-12 16:53:29.146027,Sports,3,494.64,0.226,user45@example.com,555-318-7415,East
ORD-104752,CUST-883,2026-08-23 23:53:29.146027,2026-08-24 04:53:29.146027,Electronics,7,212.21,0.074,user65@example.com,555-774-5289,
ORD-100918,CUST-465,2026-09-13 23:53:29.146027,2026-09-15 19:53:29.146027,Toys,3,63.14,0.211,user84@example.com,555-577-7098,South
ORD-104773,CUST-252,2026-05-06 23:53:29.146027,2026-05-07 15:53:29.146027,Groceries,8,10.85,0.008,user100@example.com,555-432-5486,East
ORD-101064,CUST-112,2026-06-29 23:53:29.146027,2026-07-01 17:53:29.146027,Groceries,8,8.32,0.004,user418@example.com,555-401-3830,South
ORD-102348,CUST-490,2026-08-08 23:53:29.146027,2026-08-10 00:53:29.146027,Groceries,8,57.83,0.015,user248@example.com,555-716-2298,East
ORD-104339,CUST-466,2026-09-23 23:53:29.146027,2026-09-24 00:53:29.146027,Sports,8,456.6,0.151,user194@example.com,555-859-9877,West
ORD-103922,CUST-483,2026-06-25 23:53:29.146027,2026-06-27 12:53:29.146027,Sports,8,199.12,0.299,user943@example.com,555-231-7297,South
ORD-102601,CUST-611,2026-04-05 23:53:29.146027,2026-04-06 21:53:29.146027,Apparel,2,286.0,0.249,user247@example.com,555-979-2408,South
ORD-101512,CUST-265,2026-09-26 23:53:29.146027,2026-09-28 21:53:29.146027,Electronics,5,44.78,0.204,user284@example.com,555-384-3121,West
ORD-101821,CUST-1126,2026-07-13 23:53:29.146027,2026-07-13 23:53:29.146027,Sports,7,463.18,0.263,user160@example.com,555-110-8918,West
ORD-100467,CUST-905,2026-09-05 23:53:29.146027,2026-09-07 19:53:29.146027,Electronics,1,112.38,0.144,user913@example.com,555-522-6721,South
ORD-100344,CUST-1147,2026-04-28 23:53:29.146027,2026-04-29 21:53:29.146027,Apparel,9,472.85,0.28,user260@example.com,555-518-6166,West
ORD-104977,CUST-638,2026-06-19 23:53:29.146027,2026-06-21 01:53:29.146027,Apparel,6,488.87,0.185,user1074@example.com,555-228-9529,South
ORD-101492,CUST-174,2026-08-31 23:53:29.146027,2026-09-01 08:53:29.146027,Sports,5,215.12,0.122,user374@example.com,555-825-9614,West
ORD-104268,CUST-809,2026-07-06 23:53:29.146027,2026-07-07 15:53:29.146027,Home & Garden,7,32.76,0.035,user822@example.com,555-789-8358,East
ORD-104053,CUST-666,2026-01-27 23:53:29.146027,2026-01-28 14:53:29.146027,Home & Garden,9,275.77,0.008,user368@example.com,555-214-8999,West
ORD-101417,CUST-72,2026-02-20 23:53:29.146027,2026-02-22 18:53:29.146027,Sports,5,346.28,0.014,user1108@example.com,555-381-3019,South
ORD-100607,CUST-876,2026-07-30 23:53:29.146027,2026-07-30 23:53:29.146027,Electronics,8,131.22,0.143,user998@example.com,555-493-9358,South
ORD-103408,CUST-271,2026-06-10 23:53:29.146027,2026-06-11 01:53:29.146027,Electronics,9,213.93,0.066,user898@example.com,555-359-2673,East
ORD-101448,CUST-868,2026-04-20 23:53:29.146027,2026-04-21 17:53:29.146027,Home & Garden,6,223.34,0.05,user629@example.com,555-653-9295,East
ORD-103967,CUST-134,2026-04-01 23:53:29.146027,2026-04-03 15:53:29.146027,Groceries,4,352.12,0.038,user1100@example.com,555-832-8708,South
ORD-104080,CUST-603,2026-06-23 23:53:29.146027,2026-06-25 04:53:29.146027,Electronics,6,224.07,0.14,user912@example.com,555-624-1974,East
ORD-101888,CUST-1043,2026-03-13 23:53:29.146027,2026-03-14 01:53:29.146027,Groceries,1,119.1,0.243,user1170@example.com,555-342-7382,West
ORD-103866,CUST-79,2026-07-08 23:53:29.146027,2026-07-08 23:53:29.146027,Apparel,6,204.41,0.02,,555-886-7247,West
ORD-101709,CUST-298,2026-10-01 23:53:29.146027,2026-10-02 07:53:29.146027,Electronics,8,478.77,0.068,user182@example.com,555-567-6872,South
ORD-103371,CUST-511,2026-05-25 23:53:29.146027,2026-05-27 08:53:29.146027,Electronics,1,382.48,0.213,user402@example.com,555-274-1688,West
ORD-103128,CUST-77,2026-10-01 23:53:29.146027,2026-10-02 04:53:29.146027,Groceries,7,59.42,0.167,user1050@example.com,555-915-3648,South
ORD-102487,CUST-32,2026-01-20 23:53:29.146027,2026-01-22 19:53:29.146027,Groceries,5,288.32,0.144,,555-434-8970,North
ORD-102024,CUST-27,2026-09-13 23:53:29.146027,2026-09-14 22:53:29.146027,Sports,5,320.51,0.122,user472@example.com,555-470-7912,West
ORD-104230,CUST-1119,2026-03-11 23:53:29.146027,2026-03-12 20:53:29.146027,Electronics,4,15.18,0.131,user702@example.com,555-559-2472,South
ORD-100021,CUST-774,2026-03-29 23:53:29.146027,2026-03-31 16:53:29.146027,Toys,8,207.91,0.288,user857@example.com,555-137-9918,East
ORD-104579,CUST-814,2026-02-02 23:53:29.146027,2026-02-03 20:53:29.146027,Groceries,4,142.18,0.195,user1009@example.com,555-566-1468,North
ORD-104167,CUST-1111,2026-09-16 23:53:29.146027,2026-09-18 18:53:29.146027,Toys,8,385.44,0.272,user1152@example.com,555-917-7442,North
ORD-101079,CUST-962,2026-05-18 23:53:29.146027,2026-05-19 04:53:29.146027,Apparel,7,202.42,0.051,user165@example.com,555-184-7842,East
ORD-102428,CUST-983,2026-06-25 23:53:29.146027,2026-06-27 18:53:29.146027,Toys,8,246.37,0.101,user982@example.com,555-615-1911,East
ORD-103470,CUST-680,2026-07-05 23:53:29.146027,2026-07-07 02:53:29.146027,Groceries,7,48.99,0.17,user978@example.com,555-169-7295,West
ORD-103701,CUST-179,2026-04-20 23:53:29.146027,2026-04-21 16:53:29.146027,Toys,2,455.11,0.178,user1194@example.com,555-632-4378,North
ORD-102403,CUST-144,2026-07-18 23:53:29.146027,2026-07-19 12:53:29.146027,Groceries,3,8.74,0.089,user1187@example.com,555-648-2300,South
ORD-104917,CUST-895,2026-08-13 23:53:29.146027,2026-08-14 19:53:29.146027,Electronics,7,127.73,0.268,user187@example.com,555-429-8666,North
ORD-103600,CUST-549,2026-08-01 23:53:29.146027,2026-08-03 06:53:29.146027,Home & Garden,8,87.23,0.165,user980@example.com,555-879-9865,North
ORD-103521,CUST-698,2026-04-04 23:53:29.146027,2026-04-05 12:53:29.146027,Home & Garden,1,301.19,0.018,,555-711-6484,East
ORD-102535,CUST-367,2026-02-23 23:53:29.146027,2026-02-25 09:53:29.146027,Electronics,2,19.6,0.082,user966@example.com,555-751-3926,South
ORD-102277,CUST-474,2026-08-15 23:53:29.146027,2026-08-17 21:53:29.146027,Apparel,4,440.31,0.089,user490@example.com,555-348-5955,East
ORD-101047,CUST-31,2026-05-15 23:53:29.146027,2026-05-16 04:53:29.146027,Home & Garden,8,181.98,0.018,user701@example.com,555-467-4081,South
ORD-104933,CUST-901,2026-07-13 23:53:29.146027,2026-07-14 11:53:29.146027,sports,8,387.26,0.093,user929@example.com,555-367-3055,South
ORD-102334,CUST-721,2026-04-08 23:53:29.146027,2026-04-09 16:53:29.146027,Groceries,5,305.81,0.012,user863@example.com,555-205-8587,South
ORD-103728,CUST-723,2026-08-26 23:53:29.146027,2026-08-27 09:53:29.146027,Groceries,7,197.23,0.075,user215@example.com,555-545-6108,West
ORD-101977,CUST-527,2026-01-25 23:53:29.146027,2026-01-26 04:53:29.146027,Electronics,-2,492.13,0.223,user842@example.com,555-139-2440,West
ORD-103309,CUST-1007,2026-06-11 23:53:29.146027,2026-06-12 14:53:29.146027,Apparel,2,11.48,0.038,user521@example.com,555-308-2134,East
ORD-100810,CUST-662,2026-02-22 23:53:29.146027,2026-02-23 18:53:29.146027,Home & Garden,4,207.17,0.255,user115@example.com,555-735-7927,West
ORD-104437,CUST-794,2026-05-16 23:53:29.146027,2026-05-17 02:53:29.146027,Electronics,2,161.44,0.024,user907@example.com,555-898-3621,West
ORD-102479,CUST-773,2026-07-23 23:53:29.146027,2026-07-24 14:53:29.146027,Electronics,7,401.84,0.227,user521@example.com,555-201-8902,East
ORD-104972,CUST-1099,2026-01-22 23:53:29.146027,2026-01-24 17:53:29.146027,Toys,3,113.77,0.025,,555-676-3767,South
ORD-104301,CUST-1064,2026-07-19 23:53:29.146027,2026-07-20 01:53:29.146027,Groceries,9,173.87,0.068,user1024@example.com,555-121-9144,South
ORD-102190,CUST-183,2026-07-12 23:53:29.146027,2026-07-13 14:53:29.146027,Electronics,5,335.82,0.09,user837@example.com,555-105-7081,South
ORD-101368,CUST-608,2026-07-30 23:53:29.146027,2026-07-31 10:53:29.146027,Electronics,6,170.26,0.15,user308@example.com,555-469-7530,South
ORD-102668,CUST-306,2026-04-05 23:53:29.146027,2026-04-07 20:53:29.146027,Electronics,2,382.37,0.297,user744@example.com,555-596-5101,South
ORD-104126,CUST-426,2026-03-01 23:53:29.146027,2026-03-03 18:53:29.146027,Apparel,5,379.61,0.284,user881@example.com,555-362-5529,North
ORD-101520,CUST-650,2026-03-09 23:53:29.146027,2026-03-10 20:53:29.146027,Home & Garden,1,264.32,0.038,user640@example.com,555-848-3412,West
ORD-104756,CUST-692,2026-04-23 23:53:29.146027,2026-04-25 06:53:29.146027,Toys,2,240.37,0.078,user488@example.com,555-142-9620,South
ORD-100936,CUST-713,2026-09-23 23:53:29.146027,2026-09-24 07:53:29.146027,Groceries,9,20.61,0.141,user134@example.com,555-659-6635,West
ORD-101205,CUST-748,2026-04-07 23:53:29.146027,2026-04-08 03:53:29.146027,Apparel,7,470.36,0.15,user79@example.com,555-835-3265,North
ORD-101202,CUST-112,31/02/2025,2026-09-21 09:53:29.146027,Home & Garden,3,360.45,0.26,user455@example.com,555-444-5302,East
ORD-103142,CUST-181,2026-06-14 23:53:29.146027,2026-06-15 00:53:29.146027,Apparel,8,150.28,0.101,,555-162-9459,North
ORD-103210,CUST-1004,2026-05-02 23:53:29.146027,2026-05-04 12:53:29.146027,Sports,6,227.52,0.007,user1030@example.com,555-399-9017,East
ORD-103845,CUST-361,2026-03-27 23:53:29.146027,2026-03-28 10:53:29.146027,Apparel,9,271.77,0.085,user472@example.com,555-631-4836,South
ORD-100130,CUST-495,2026-04-13 23:53:29.146027,2026-04-15 08:53:29.146027,Sports,2,294.03,0.291,user555@example.com,555-368-1850,East
ORD-100521,CUST-1000,2026-01-27 23:53:29.146027,2026-01-28 10:53:29.146027,Groceries,9,131.01,0.024,user980@example.com,555-928-4385,East
ORD-100955,CUST-1123,2026-06-13 23:53:29.146027,2026-06-15 17:53:29.146027,Toys,2,126.76,0.134,user1128@example.com,555-297-8745,South
ORD-100913,CUST-169,2026-06-06 23:53:29.146027,2026-06-08 22:53:29.146027,Groceries,4,390.46,0.104,user1030@example.com,555-141-6619,South
ORD-100859,CUST-965,2026-05-28 23:53:29.146027,2026-05-29 10:53:29.146027,Groceries,6,264.69,0.291,user726@example.com,555-351-3856,South
ORD-102033,CUST-1085,2026-06-13 23:53:29.146027,2026-06-15 18:53:29.146027,Home & Garden,9,451.08,0.145,,555-685-9544,South
ORD-101651,CUST-914,2026-08-11 23:53:29.146027,2026-08-12 06:53:29.146027,Apparel,2,398.4,0.08,user475@example.com,555-800-7284,West
ORD-101315,CUST-1173,2026-03-25 23:53:29.146027,2026-03-27 10:53:29.146027,Toys,1,453.78,0.161,user212@example.com,555-771-8378,East
ORD-102399,CUST-963,2026-03-03 23:53:29.146027,2026-03-04 12:53:29.146027,Apparel,1,455.35,0.185,user506@example.com,555-846-8013,North
ORD-102959,CUST-1186,2026-08-10 23:53:29.146027,2026-08-11 16:53:29.146027,Toys,9,324.15,0.062,user68@example.com,555-109-3503,North
ORD-102175,CUST-189,2026-06-04 23:53:29.146027,2026-06-05 20:53:29.146027,Apparel,4,281.51,0.157,user803@example.com,555-603-7649,South
ORD-101809,CUST-852,2026-06-28 23:53:29.146027,2026-06-30 00:53:29.146027,Groceries,-3,347.62,0.225,user342@example.com,555-226-6385,East
ORD-102332,CUST-74,2026-09-29 23:53:29.146027,2026-10-01 17:53:29.146027,Toys,4,183.2,0.243,user707@example.com,555-627-2613,North
ORD-104262,CUST-367,2026-08-22 23:53:29.146027,2026-08-23 03:53:29.146027,Electronics,2,243.31,0.272,user104@example.com,555-835-5236,North
ORD-103026,CUST-496,2026-04-13 23:53:29.146027,2026-04-15 20:53:29.146027,Toys,2,458.94,0.113,user1124@example.com,555-375-4006,North
ORD-100623,CUST-432,2026-04-21 23:53:29.146027,2026-04-22 11:53:29.146027,Sports,2,390.37,0.202,user34@example.com,555-392-1447,
ORD-100688,CUST-972,2026-07-22 23:53:29.146027,2026-07-24 11:53:29.146027,Sports,7,78.18,0.178,user250@example.com,555-271-3103,East
ORD-103961,CUST-305,2026-06-17 23:53:29.146027,2026-06-18 08:53:29.146027,Toys,1,144.32,0.038,user1136@example.com,555-578-9238,East
ORD-101366,CUST-49,2026-06-08 23:53:29.146027,2026-06-09 19:53:29.146027,Groceries,7,282.32,0.025,user684@example.com,555-994-8773,
ORD-103197,CUST-681,2026-03-08 23:53:29.146027,2026-03-09 12:53:29.146027,Groceries,1,365.77,0.247,user342@example.com,555-893-6442,South
ORD-103043,CUST-419,2026-02-13 23:53:29.146027,2026-02-14 09:53:29.146027,Sports,5,82.17,0.044,,555-569-1968,West
ORD-104729,CUST-283,2026-07-31 23:53:29.146027,2026-08-02 08:53:29.146027,Sports,1,346.21,0.062,user659@example.com,555-692-1064,West
ORD-103982,CUST-774,2026-06-22 23:53:29.146027,2026-06-24 08:53:29.146027,Electronics,2,311.33,0.228,user1135@example.com,555-684-6641,East
ORD-100610,CUST-846,2026-03-03 23:53:29.146027,2026-03-05 03:53:29.146027,Electronics,9,61.65,0.237,user606@example.com,555-314-2100,West
ORD-102506,CUST-186,2026-06-23 23:53:29.146027,2026-06-24 12:53:29.146027,Electronics,3,23.39,0.152,,555-967-2106,South
ORD-104516,CUST-746,2026-05-13 23:53:29.146027,2026-05-14 18:53:29.146027,Electronics,4,417.09,0.002,user115@example.com,555-342-5607,South
ORD-103456,CUST-122,2026-07-28 23:53:29.146027,2026-07-30 01:53:29.146027,Electronics,8,13.47,0.272,user799@example.com,555-177-4831,East
ORD-100462,CUST-526,2026-01-29 23:53:29.146027,2026-01-31 04:53:29.146027,Electronics,3,408.73,0.268,user1159@example.com,555-333-4275,South
ORD-101573,CUST-779,2026-09-08 23:53:29.146027,2026-09-10 06:53:29.146027,Electronics,8,173.21,0.283,user706@example.com,555-196-7026,East
ORD-100792,CUST-386,2026-01-28 23:53:29.146027,2026-01-29 20:53:29.146027,Toys,3,204.71,0.197,user879@example.com,555-654-7151,East
ORD-102552,CUST-1111,2026-06-17 23:53:29.146027,2026-06-19 17:53:29.146027,Apparel,-2,496.9,0.242,user703@example.com,555-276-5463,East
ORD-100308,CUST-15,2026-02-12 23:53:29.146027,2026-02-14 17:53:29.146027,Home & Garden,9,325.38,0.023,user545@example.com,555-586-3058,West
ORD-102121,CUST-1018,2026-07-23 23:53:29.146027,2026-07-25 14:53:29.146027, Sports ,4,421.22,0.255,user473@example.com,555-132-7079,
ORD-102411,CUST-980,2026-09-16 23:53:29.146027,2026-09-18 03:53:29.146027,Sports,7,178.8,0.095,user834@example.com,555-739-3635,North
ORD-100579,CUST-403,2026-09-06 23:53:29.146027,2026-09-07 01:53:29.146027,Sports,2,141.9,0.296,user284@example.com,555-654-3269,South
ORD-100105,CUST-772,2026-01-22 23:53:29.146027,2026-01-24 17:53:29.146027,Toys,6,312.9,0.1,user889@example.com,555-445-2606,North
ORD-101705,CUST-922,2026-03-16 23:53:29.146027,2026-03-17 00:53:29.146027,Apparel,3,411.38,0.211,user901@example.com,555-231-7671,East
ORD-100999,CUST-1078,2026-03-01 23:53:29.146027,2026-03-03 21:53:29.146027,Toys,7,247.14,0.182,user127@example.com,555-850-5342,East
ORD-103180,CUST-545,2026-05-08 23:53:29.146027,2026-05-09 17:53:29.146027,Toys,7,285.08,0.134,user130@example.com,555-595-3574,West
ORD-102555,CUST-332,2026-04-15 23:53:29.146027,2026-04-17 20:53:29.146027,Groceries,9,161.06,0.045,user1063@example.com,555-653-7409,East
ORD-101011,CUST-584,2026-05-10 23:53:29.146027,2026-05-11 10:53:29.146027,Apparel,2,417.94,0.128,user296@example.com,555-701-9505,South
ORD-103609,CUST-694,2026-04-20 23:53:29.146027,2026-04-21 20:53:29.146027,Sports,1,264.87,0.071,user1110@example.com,555-662-2917,West
ORD-102994,CUST-661,2026-10-01 23:53:29.146027,2026-10-03 00:53:29.146027,Electronics,9,182.29,0.053,user1150@example.com,555-533-4374,West
ORD-103277,CUST-101,2026-01-16 23:53:29.146027,2026-01-18 06:53:29.146027,Toys,3,436.78,0.091,user583@example.com,555-650-8447,North
ORD-101034,CUST-243,2026-02-14 23:53:29.146027,2026-02-15 03:53:29.146027,Sports,6,425.85,0.247,user1062@example.com,555-336-7988,West
ORD-104862,CUST-935,2026-01-20 23:53:29.146027,2026-01-22 22:53:29.146027,Electronics,4,80.17,0.145,user709@example.com,555-183-8047,West
ORD-103449,CUST-343,2026-03-03 23:53:29.146027,2026-03-04 12:53:29.146027,Sports,2,387.35,0.261,user620@example.com,555-704-5315,West
ORD-101336,CUST-142,2026-06-23 23:53:29.146027,2026-06-24 01:53:29.146027,Sports,5,255.04,0.237,user614@example.com,555-647-6016,East
ORD-102037,CUST-512,2026-05-02 23:53:29.146027,2026-05-03 14:53:29.146027,Sports,4,331.91,0.018,user1133@example.com,555-773-8269,East
ORD-103936,CUST-627,2026-08-07 23:53:29.146027,2026-08-09 03:53:29.146027,Apparel,3,32.42,0.19,user887@example.com,555-756-7897,East
ORD-102381,CUST-1023,2026-01-30 23:53:29.146027,2026-02-01 17:53:29.146027,Groceries,2,24.8,0.135,user580@example.com,555-348-6046,East
ORD-103481,CUST-533,2026-07-04 23:53:29.146027,2026-07-05 22:53:29.146027,Groceries,5,84.11,0.049,user1105@example.com,555-202-9039,North
ORD-102859,CUST-526,2026-04-23 23:53:29.146027,2026-04-24 19:53:29.146027,Sports,3,331.42,0.289,user243@example.com,555-541-7853,North
ORD-102236,CUST-1111,2026-03-12 23:53:29.146027,2026-03-14 15:53:29.146027,Toys,7,300.64,0.283,user762@example.com,555-328-3020,North
ORD-103787,CUST-1184,2026-09-06 23:53:29.146027,2026-09-07 08:53:29.146027,Groceries,3,93.85,0.205,user1085@example.com,555-126-1171,South
ORD-102095,CUST-758,2026-08-13 23:53:29.146027,2026-08-14 22:53:29.146027,Sports,5,300.16,0.258,user726@example.com,555-814-7698,North
ORD-100870,CUST-658,2026-06-26 23:53:29.146027,2026-06-27 03:53:29.146027,Electronics,5,180.76,0.24,user276@example.com,555-555-8870,North
ORD-103938,CUST-948,2026-08-24 23:53:29.146027,2026-08-26 09:53:29.146027,Electronics,2,206.86,0.247,user218@example.com,555-960-7916,East
ORD-103049,CUST-742,2026-10-01 23:53:29.146027,2026-10-03 01:53:29.146027,Electronics,3,489.62,0.247,user911@example.com,555-704-9023,North
ORD-104948,CUST-977,2026-07-14 23:53:29.146027,2026-07-15 04:53:29.146027,Apparel,2,445.39,0.166,user730@example.com,555-422-2465,East
ORD-103375,CUST-631,2026-04-21 23:53:29.146027,2026-04-23 01:53:29.146027,Groceries,7,327.5,0.229,user1037@example.com,555-680-4124,East
ORD-103706,CUST-387,2026-07-27 23:53:29.146027,2026-07-28 02:53:29.146027,Groceries,3,214.23,0.046,user1165@example.com,555-135-3329,North
ORD-103945,CUST-805,2026-09-03 23:53:29.146027,2026-09-05 20:53:29.146027,Sports,5,250.12,0.071,user1084@example.com,555-989-2677,West
ORD-100976,CUST-1007,2026-08-03 23:53:29.146027,2026-08-04 20:53:29.146027,Sports,9,347.31,0.134,user431@example.com,555-600-9586,West
ORD-102967,CUST-784,2026-02-03 23:53:29.146027,2026-02-04 08:53:29.146027,Sports,8,195.08,0.181,user991@example.com,555-648-5807,North
ORD-101707,CUST-552,2026-03-02 23:53:29.146027,2026-03-04 02:53:29.146027,Appparel,6,201.47,0.224,,555-474-5218,East
ORD-103772,CUST-449,2026-06-21 23:53:29.146027,2026-06-21 23:53:29.146027,Apparel,7,132.97,0.165,user494@example.com,555-345-9939,East
ORD-101818,CUST-58,2026-02-13 23:53:29.146027,2026-02-15 05:53:29.146027,Apparel,6,490.45,0.286,user1074@example.com,555-707-5357,West
ORD-102910,CUST-606,2026-10-02 23:53:29.146027,2026-10-02 23:53:29.146027,Electronics,5,83.48,0.198,user975@example.com,555-325-8131,West
ORD-101173,CUST-419,2026-09-11 23:53:29.146027,2026-09-12 15:53:29.146027,Electronics,8,270.58,0.221,user394@example.com,555-241-3573,West
ORD-101340,CUST-695,2026-06-05 23:53:29.146027,2026-06-06 18:53:29.146027,Home & Garden,6,21.4,0.059,user511@example.com,555-795-3465,West
ORD-100402,CUST-406,2026-05-05 23:53:29.146027,2026-05-07 17:53:29.146027,Electronics,1,122.09,0.109,user534@example.com,555-576-6479,West
ORD-103731,CUST-422,2026-05-03 23:53:29.146027,2026-05-05 18:53:29.146027,Groceries,9,329.19,0.063,user108@example.com,555-455-4584,South
ORD-104052,CUST-743,2026-07-31 23:53:29.146027,2026-08-01 19:53:29.146027,Sports,8,337.38,0.292,user420@example.com,555-924-3340,West
ORD-101509,CUST-931,2026-02-13 23:53:29.146027,2026-02-14 02:53:29.146027,Sports,6,227.14,0.079,user224@example.com,555-989-2588,North
ORD-101929,CUST-130,2026-01-11 23:53:29.146027,2026-01-13 11:53:29.146027,Home & Garden,1,269.04,0.207,user455@example.com,555-462-4327,North
ORD-100205,CUST-352,2026-05-02 23:53:29.146027,2026-05-03 20:53:29.146027,Home & Garden,1,328.9,0.226,user933@example.com,555-417-9027,West
ORD-104200,CUST-178,2026-04-26 23:53:29.146027,2026-04-27 20:53:29.146027,Groceries,7,100.62,0.147,user819@example.com,555-952-4952,North
ORD-100353,CUST-1117,2026-08-01 23:53:29.146027,2026-08-03 17:53:29.146027,Apparel,7,394.21,0.255,,555-596-2518,East
ORD-103082,CUST-528,2026-07-02 23:53:29.146027,2026-07-04 07:53:29.146027,Groceries,2,405.57,0.239,user174@example.com,555-117-4839,South
ORD-104587,CUST-615,2026-09-23 23:53:29.146027,2026-09-24 15:53:29.146027,Sports,N/A,56.89,0.152,user583@example.com,555-929-1129,West
ORD-100731,CUST-361,2026-05-31 23:53:29.146027,2026-06-02 01:53:29.146027,Apparel,6,14.95,0.172,user854@example.com,555-840-6258,West
ORD-101445,CUST-337,2026-09-13 23:53:29.146027,2026-09-15 02:53:29.146027,Apparel,3,133.93,0.125,user401@example.com,555-473-7095,West
ORD-100702,CUST-1110,2026-05-25 23:53:29.146027,2026-05-26 05:53:29.146027,Toys,1,167.25,0.122,user853@example.com,555-773-5842,East
ORD-102726,CUST-1163,2026-04-08 23:53:29.146027,2026-04-10 19:53:29.146027,Electronics,4,194.06,0.256,user1024@example.com,555-165-9944,North
ORD-104679,CUST-131,2026-06-22 23:53:29.146027,2026-06-24 12:53:29.146027,Electronics,4,349.64,0.243,user572@example.com,555-607-8911,South
ORD-102662,CUST-691,2026-05-07 23:53:29.146027,2026-05-09 02:53:29.146027,Toys,1,20.51,0.293,user749@example.com,555-530-8667,South
ORD-100160,CUST-1077,2026-06-07 23:53:29.146027,2026-06-09 01:53:29.146027,Groceries,9,341.83,0.135,user850@example.com,555-277-7300,West
ORD-104749,CUST-497,2026-03-27 23:53:29.146027,2026-03-27 23:53:29.146027,Electronics,3,303.34,0.258,user79@example.com,555-978-4730,South
ORD-103658,CUST-453,2026-08-24 23:53:29.146027,2026-08-26 18:53:29.146027,Groceries,2,244.33,0.082,user1198@example.com,555-476-2825,South
ORD-103200,CUST-542,2026-07-22 23:53:29.146027,2026-07-24 13:53:29.146027,Groceries,4,192.04,0.24,,555-101-3259,East
ORD-103535,CUST-235,2026-04-16 23:53:29.146027,2026-04-17 12:53:29.146027,Apparel,2,286.47,0.055,user406@example.com,555-152-9103,West
ORD-103185,CUST-777,2026-01-08 23:53:29.146027,2026-01-10 10:53:29.146027,Sports,1,376.2,0.008,user259@example.com,555-668-5234,East
ORD-101385,CUST-540,2026-04-22 23:53:29.146027,2026-04-24 13:53:29.146027,Toys,7,493.35,0.139,user1177@example.com,555-859-4667,South
ORD-104366,CUST-286,2026-03-10 23:53:29.146027,2026-03-12 00:53:29.146027,Home & Garden,1,210.35,0.284,user632@example.com,555-682-5587,South
ORD-100501,CUST-429,2026-04-17 23:53:29.146027,2026-04-19 19:53:29.146027,Toys,6,476.66,0.186,user1118@example.com,555-833-8997,North
ORD-104714,CUST-784,2026-03-03 23:53:29.146027,2026-03-04 22:53:29.146027,Electronics,9,286.78,0.148,user1085@example.com,555-851-3203,East
ORD-100625,CUST-343,2026-06-03 23:53:29.146027,2026-06-04 11:53:29.146027,Groceries,1,456.34,0.176,user460@example.com,555-699-2497,East
ORD-102104,CUST-340,2026-01-28 23:53:29.146027,2026-01-30 08:53:29.146027,ELECTRONICS,2,245.06,0.202,user912@example.com,555-142-9306,East
ORD-103315,CUST-1167,2026-05-26 23:53:29.146027,2026-05-28 16:53:29.146027,Electronics,3,344.58,0.15,user395@example.com,555-974-2018,North
ORD-102233,CUST-957,2026-01-22 23:53:29.146027,2026-01-24 13:53:29.146027,Sports,8,228.03,0.085,user1033@example.com,555-713-6031,North
ORD-104225,CUST-124,2026-08-24 23:53:29.146027,2026-08-26 19:53:29.146027,Groceries,5,264.79,0.203,user433@example.com,555-473-1606,North
ORD-103437,CUST-269,2026-02-19 23:53:29.146027,2026-02-21 20:53:29.146027,Home & Garden,-3,35.6,0.166,user856@example.com,555-895-1137,East
ORD-102665,CUST-622,2026-04-03 23:53:29.146027,2026-04-04 09:53:29.146027,Sports,5,218.45,0.203,user1156@example.com,555-584-2262,North
ORD-101007,CUST-848,2026-05-14 23:53:29.146027,2026-05-16 18:53:29.146027,Groceries,5,252.78,0.19,user713@example.com,555-538-6616,East
ORD-104083,CUST-39,2026-08-21 23:53:29.146027,2026-08-22 20:53:29.146027,Sports,3,276.16,0.18,user360@example.com,555-965-4002,East
ORD-104784,CUST-1035,2026-05-13 23:53:29.146027,2026-05-15 05:53:29.146027,Toys,7,489.46,0.156,,555-879-3193,East
ORD-103279,CUST-934,2026-02-28 23:53:29.146027,2026-03-02 22:53:29.146027,Toys,1,4.08,0.19,user510@example.com,555-369-2982,West
ORD-102171,CUST-1081,2026-05-21 23:53:29.146027,2026-05-22 06:53:29.146027,Apparel,4,249.08,0.13,,555-865-6474,North
ORD-101890,CUST-746,2026-07-01 23:53:29.146027,2026-07-02 20:53:29.146027,Electronics,1,12.82,0.022,user735@example.com,555-515-4151,West
ORD-101287,CUST-19,2026-07-25 23:53:29.146027,2026-07-26 20:53:29.146027,Apparel,1,84.63,0.107,user17@example.com,555-531-9446,South
ORD-100368,CUST-899,2026-08-15 23:53:29.146027,2026-08-16 08:53:29.146027,Sports,1,331.66,0.18,user984@example.com,555-715-1237,West
ORD-103216,CUST-750,2026-09-28 23:53:29.146027,2026-09-29 09:53:29.146027,Electronics,3,85.97,0.142,user1051@example.com,555-457-4740,North
ORD-104290,CUST-68,2026-10-03 23:53:29.146027,2026-10-05 06:53:29.146027,Home & Garden,6,44.22,0.274,user48@example.com,555-497-9202,East
ORD-101318,CUST-355,2026-05-24 23:53:29.146027,2026-05-25 22:53:29.146027,Groceries,5,481.41,0.239,user433@example.com,555-616-5725,North
ORD-100493,CUST-240,2026-02-12 23:53:29.146027,2026-02-14 21:53:29.146027,Groceries,6,306.3,0.182,user517@example.com,555-903-5165,South
ORD-101963,CUST-816,2026-06-18 23:53:29.146027,2026-06-19 13:53:29.146027,Groceries,9,419.42,0.023,user219@example.com,555-110-1968,South
ORD-104242,CUST-296,2026-01-07 23:53:29.146027,2026-01-09 21:53:29.146027,apparel,6,411.95,0.059,user1091@example.com,555-275-3755,North
ORD-104765,CUST-661,2026-02-28 23:53:29.146027,2026-03-02 07:53:29.146027,Sports,7,149.7,0.274,user1147@example.com,555-812-8334,East
ORD-100333,CUST-1110,2026-06-16 23:53:29.146027,2026-06-18 03:53:29.146027,Sports,8,448.19,0.163,user1157@example.com,555-540-9887,
ORD-101475,CUST-1033,2026-07-27 23:53:29.146027,2026-07-28 20:53:29.146027,Apparel,1,233.5,0.168,user226@example.com,555-960-7333,West
ORD-100679,CUST-1064,2026-01-15 23:53:29.146027,2026-01-16 17:53:29.146027,Sports,1,126.17,0.295,user903@example.com,555-755-4023,
ORD-102836,CUST-10,2026-08-20 23:53:29.146027,2026-08-21 19:53:29.146027,Electronics,7,302.11,0.273,user326@example.com,555-704-9158,West
ORD-101138,CUST-323,2026-08-17 23:53:29.146027,2026-08-18 03:53:29.146027,Groceries,9,332.94,0.273,user1036@example.com,555-594-1120,South
ORD-101221,CUST-740,2026-09-06 23:53:29.146027,2026-09-08 01:53:29.146027,Sports,5,454.33,0.064,user236@example.com,555-642-6718,South
ORD-103898,CUST-1088,2026-07-27 23:53:29.146027,2026-07-28 09:53:29.146027,Home & Garden,4,325.59,0.199,user910@example.com,555-956-8420,East
ORD-102898,CUST-139,2026-06-14 23:53:29.146027,2026-06-15 01:53:29.146027,Home & Garden,6,121.34,0.19,user329@example.com,555-988-9204,South
ORD-100380,CUST-1010,2026-09-20 23:53:29.146027,2026-09-22 19:53:29.146027,Sports,3,236.24,0.222,user124@example.com,555-870-9844,
ORD-104315,CUST-676,2026-07-03 23:53:29.146027,2026-07-05 16:53:29.146027,Home & Garden,2,312.85,0.17,user633@example.com,555-796-9742,South
ORD-104539,CUST-1103,2026-07-15 23:53:29.146027,2026-07-17 19:53:29.146027,Groceries,7,45.58,0.196,user341@example.com,555-526-3868,West
ORD-100067,CUST-783,2026-02-27 23:53:29.146027,2026-02-28 01:53:29.146027,Electronics,7,410.34,0.116,user970@example.com,555-364-4880,South
ORD-104399,CUST-190,2026-03-01 23:53:29.146027,2026-03-02 10:53:29.146027,Apparel,6,367.04,0.066,user258@example.com,555-414-6204,East
ORD-104378,CUST-1158,2026-09-01 23:53:29.146027,2026-09-02 12:53:29.146027,Electronics,6,163.7,0.051,user441@example.com,555-364-5639,South
ORD-101882,CUST-233,2026-07-05 23:53:29.146027,2026-07-07 04:53:29.146027,Apparel,3,497.19,0.106,user828@example.com,555-546-4846,North
ORD-100477,CUST-242,2026-06-08 23:53:29.146027,2026-06-10 15:53:29.146027,Apparel,2,305.06,0.155,user781@example.com,555-672-2187,East
ORD-104586,CUST-375,2026-07-03 23:53:29.146027,2026-07-04 12:53:29.146027,Toys,7,349.9,0.244,user552@example.com,555-709-6242,North
ORD-104929,CUST-504,2026-02-19 23:53:29.146027,2026-02-20 21:53:29.146027,Toys,9,303.61,0.291,user210@example.com,555-389-7006,South
ORD-102382,CUST-239,2026-09-25 23:53:29.146027,2026-09-26 13:53:29.146027,Home & Garden,7,148.35,0.023,user814@example.com,555-401-3542,West
ORD-101172,CUST-548,2026-07-09 23:53:29.146027,2026-07-10 11:53:29.146027,Sports,6,478.94,0.164,user1084@example.com,555-824-8311,West
ORD-104838,CUST-1052,2026-03-20 23:53:29.146027,2026-03-20 23:53:29.146027,Electronics,8,149.72,0.174,user1136@example.com,555-410-1273,East
ORD-102359,CUST-113,2026-02-09 23:53:29.146027,2026-02-11 14:53:29.146027,Apparel,4,114.18,0.058,user107@example.com,555-602-8259,South
ORD-103329,CUST-568,2026-01-17 23:53:29.146027,2026-01-18 01:53:29.146027,Electronics,9,314.27,0.033,user537@example.com,555-953-5725,North
ORD-100425,CUST-877,31/02/2025,2026-02-08 15:53:29.146027,Home & Garden,4,405.49,0.237,user755@example.com,555-792-2183,West
ORD-102255,CUST-999,2026-01-22 23:53:29.146027,2026-01-23 17:53:29.146027,Electronics,2,424.77,0.26,user1147@example.com,555-700-3482,North
ORD-101333,CUST-1197,2026-07-25 23:53:29.146027,2026-07-27 17:53:29.146027,Electronics,4,70.06,0.072,user1021@example.com,555-118-5097,North
ORD-100199,CUST-769,2026-02-09 23:53:29.146027,2026-02-10 01:53:29.146027,Apparel,1,473.96,0.275,user1012@example.com,555-656-5209,South
ORD-102357,CUST-858,2026-05-16 23:53:29.146027,2026-05-18 09:53:29.146027,Sports,6,244.94,0.081,user565@example.com,555-627-9783,West
ORD-103361,CUST-653,2026-08-06 23:53:29.146027,2026-08-08 07:53:29.146027,Toys,7,154.27,0.244,user484@example.com,555-272-8045,North
ORD-101938,CUST-330,2026-08-26 23:53:29.146027,2026-08-27 00:53:29.146027,Toys,2,379.28,0.039,user14@example.com,555-107-4973,West
ORD-104520,CUST-342,2026-04-19 23:53:29.146027,2026-04-21 17:53:29.146027,Apparel,6,49.08,0.259,user480@example.com,555-829-1080,South
ORD-100143,CUST-1045,2026-03-29 23:53:29.146027,2026-03-31 16:53:29.146027,Groceries,4,385.17,0.033,user1043@example.com,555-569-9415,West
ORD-104951,CUST-455,2026-02-28 23:53:29.146027,2026-03-01 13:53:29.146027,Toys,2,96.07,0.211,,555-791-2269,East
ORD-100249,CUST-306,2026-07-21 23:53:29.146027,2026-07-22 23:53:29.146027,Electronics,8,128.99,0.187,user546@example.com,555-369-7036,West
ORD-103999,CUST-73,2026-01-24 23:53:29.146027,2026-01-26 22:53:29.146027,Apparel,4,482.95,0.108,user858@example.com,555-185-4445,South
ORD-101454,CUST-139,2026-02-25 23:53:29.146027,2026-02-26 10:53:29.146027,Apparel,3,106.04,0.072,,555-205-2431,South
ORD-104055,CUST-385,2026-02-11 23:53:29.146027,2026-02-13 08:53:29.146027,Apparel,6,463.31,0.202,user384@example.com,555-983-3375,South
ORD-100417,CUST-266,2026-08-25 23:53:29.146027,2026-08-26 08:53:29.146027,Groceries,8,430.91,0.062,user1083@example.com,555-442-2796,South
ORD-100911,CUST-1047,2026-04-26 23:53:29.146027,2026-04-28 10:53:29.146027,Electronics,2,374.43,0.098,user61@example.com,555-372-9888,South
ORD-104644,CUST-613,2026-07-20 23:53:29.146027,2026-07-21 01:53:29.146027,Electronics,5,453.13,0.063,user319@example.com,555-221-8424,East
ORD-102596,CUST-659,2026-02-05 23:53:29.146027,2026-02-07 10:53:29.146027,Apparel,8,369.58,0.293,user475@example.com,555-375-5340,North
ORD-103758,CUST-1069,2026-05-18 23:53:29.146027,2026-05-20 21:53:29.146027,Toys,5,414.41,0.039,user345@example.com,555-723-2474,East
ORD-103778,CUST-397,2026-06-11 23:53:29.146027,2026-06-13 17:53:29.146027,Sports,1,166.38,0.234,user301@example.com,555-693-9105,South
ORD-102309,CUST-663,2026-04-08 23:53:29.146027,2026-04-09 05:53:29.146027,Toys,8,369.42,0.125,user1110@example.com,555-650-9297,West
ORD-102112,CUST-581,2026-08-14 23:53:29.146027,2026-08-15 10:53:29.146027,Sports,7,466.48,0.003,user671@example.com,555-671-6449,North
ORD-104717,CUST-667,2026-01-13 23:53:29.146027,2026-01-15 02:53:29.146027,Toys,1,461.66,0.058,user1098@example.com,555-625-8722,East
ORD-103524,CUST-47,2026-06-02 23:53:29.146027,2026-06-04 04:53:29.146027,Toys,8,292.02,0.296,user873@example.com,555-745-4726,East
ORD-103176,CUST-1069,2026-03-08 23:53:29.146027,2026-03-10 08:53:29.146027,Sports,1,9.01,0.149,user1075@example.com,555-890-1076,East
ORD-102695,CUST-123,2026-04-21 23:53:29.146027,2026-04-22 16:53:29.146027,Groceries,5,47.27,0.274,user1110@example.com,555-545-6205,South
ORD-101288,CUST-1180,2026-02-22 23:53:29.146027,2026-02-23 21:53:29.146027,Electronics,2,124.0,0.294,user174@example.com,555-758-7702,North
ORD-101655,CUST-547,2026-03-11 23:53:29.146027,2026-03-12 03:53:29.146027,Home & Garden,9,86.15,0.273,user638@example.com,555-635-7451,West
ORD-100912,CUST-563,2026-02-03 23:53:29.146027,2026-02-03 23:53:29.146027,Apparel,2,86.6,0.058,user663@example.com,555-390-6847,
ORD-104624,CUST-704,2026-08-06 23:53:29.146027,2026-08-08 06:53:29.146027,Sports,7,246.41,0.215,user725@example.com,555-509-9813,West
ORD-102131,CUST-913,2026-04-29 23:53:29.146027,2026-04-30 14:53:29.146027,Apparel,2,430.15,0.292,user679@example.com,555-127-8145,West
ORD-100765,CUST-494,2026-06-17 23:53:29.146027,2026-06-18 08:53:29.146027,Groceries,7,327.85,0.21,user922@example.com,555-969-7346,West
ORD-104312,CUST-411,2026-08-19 23:53:29.146027,2026-08-20 19:53:29.146027,Electronics,1,85.11,0.189,user638@example.com,555-102-7300,South
ORD-100146,CUST-784,2026-02-01 23:53:29.146027,2026-02-03 11:53:29.146027,Groceries,9,454.64,0.249,user667@example.com,555-342-1486,North
ORD-101133,CUST-189,2026-02-25 23:53:29.146027,2026-02-26 04:53:29.146027,Electronics,5,184.77,0.219,user194@example.com,555-463-5236,South
ORD-102656,CUST-1196,2026-01-23 23:53:29.146027,2026-01-24 08:53:29.146027,Groceries,3,373.35,0.084,user48@example.com,555-235-6727,East
ORD-100394,CUST-791,2026-05-10 23:53:29.146027,2026-05-11 06:53:29.146027,Home & Garden,8,144.46,0.147,user546@example.com,555-206-1592,North
ORD-103708,CUST-17,2026-01-22 23:53:29.146027,2026-01-23 00:53:29.146027,Sports,4,453.88,0.185,user260@example.com,555-217-3440,South
ORD-100045,CUST-1171,2026-06-21 23:53:29.146027,2026-06-23 13:53:29.146027,Apparel,7,200.49,0.161,user785@example.com,555-758-7753,South
ORD-103269,CUST-864,2026-08-04 23:53:29.146027,2026-08-06 00:53:29.146027,Home & Garden,4,297.84,0.096,user294@example.com,555-421-2168,South
ORD-103389,CUST-994,2026-03-09 23:53:29.146027,2026-03-10 02:53:29.146027,Electronics,3,295.26,0.091,,555-616-5494,North
ORD-103966,CUST-617,2026-04-14 23:53:29.146027,2026-04-15 17:53:29.146027,Apparel,6,273.08,0.261,user1085@example.com,555-790-4774,East
ORD-100321,CUST-100,2026-03-05 23:53:29.146027,2026-03-06 14:53:29.146027,Sports,4,353.81,0.23,user1107@example.com,555-633-6948,South
ORD-102159,CUST-785,2026-09-16 23:53:29.146027,2026-09-17 05:53:29.146027,Home & Garden,9,60.16,0.035,user763@example.com,555-570-1437,South
ORD-104636,CUST-73,2026-03-11 23:53:29.146027,2026-03-12 11:53:29.146027,Electronics,2,340.01,0.165,user818@example.com,555-163-7791,North
ORD-101957,CUST-204,2026-03-25 23:53:29.146027,2026-03-27 03:53:29.146027,Apparel,5,486.67,0.111,user514@example.com,555-715-6869,North
ORD-103637,CUST-508,2026-09-19 23:53:29.146027,2026-09-21 17:53:29.146027,Sports,2,66.77,0.027,user883@example.com,555-972-2829,South
ORD-102427,CUST-714,2026-09-11 23:53:29.146027,2026-09-13 06:53:29.146027,Groceries,4,57.02,0.237,user190@example.com,555-445-2628,South
ORD-104010,CUST-545,2026-05-21 23:53:29.146027,2026-05-23 10:53:29.146027,Sports,3,181.31,0.28,user847@example.com,555-259-1687,East
ORD-102184,CUST-878,2026-02-23 23:53:29.146027,2026-02-24 19:53:29.146027,Toys,1,204.7,0.262,user1114@example.com,555-740-9509,East
ORD-103538,CUST-27,2026-04-24 23:53:29.146027,2026-04-24 23:53:29.146027,Groceries,6,345.94,0.05,user923@example.com,555-535-5570,East
ORD-102701,CUST-1165,2026-09-05 23:53:29.146027,2026-09-06 06:53:29.146027,Toys,5,348.77,0.274,user743@example.com,555-210-4295,East
ORD-104066,CUST-1009,2026-09-01 23:53:29.146027,2026-09-03 12:53:29.146027,Toys,3,302.51,0.064,user194@example.com,555-937-1628,North
ORD-102071,CUST-1121,2026-10-01 23:53:29.146027,2026-10-03 20:53:29.146027,Sports,6,206.13,0.198,user57@example.com,555-883-3688,South
ORD-101367,CUST-801,2026-07-31 23:53:29.146027,2026-08-01 08:53:29.146027,Sports,1,193.24,0.173,user1031@example.com,555-104-8615,South
ORD-103095,CUST-1107,2026-08-15 23:53:29.146027,2026-08-17 04:53:29.146027,Toys,6,221.82,0.286,user1177@example.com,555-600-9452,South
ORD-102364,CUST-201,2026-08-28 23:53:29.146027,2026-08-30 10:53:29.146027,Groceries,5,211.79,0.068,user546@example.com,555-294-9740,West
ORD-100930,CUST-460,2026-08-11 23:53:29.146027,2026-08-13 22:53:29.146027,Home & Garden,1,464.82,0.269,user1178@example.com,555-716-6814,East
ORD-102268,CUST-1197,2026-03-03 23:53:29.146027,2026-03-04 06:53:29.146027,Toys,7,118.33,0.219,user274@example.com,555-643-7489,West
ORD-102975,CUST-954,2026-07-27 23:53:29.146027,2026-07-28 15:53:29.146027,Electronics,8,11.57,0.205,user355@example.com,555-798-3347,East
ORD-103307,CUST-718,2026-09-19 23:53:29.146027,2026-09-19 23:53:29.146027,Home & Garden,1,158.05,0.217,user595@example.com,555-397-3764,West
ORD-104085,CUST-118,2026-10-01 23:53:29.146027,2026-10-03 04:53:29.146027,Sports,6,351.33,0.219,user842@example.com,555-472-8794,East
ORD-103141,CUST-12,2026-05-16 23:53:29.146027,2026-05-18 18:53:29.146027,Sports,9,152.51,0.27,user898@example.com,555-722-6382,West
ORD-101945,CUST-925,2026-09-23 23:53:29.146027,2026-09-25 01:53:29.146027,Home & Garden,1,88.17,0.188,user543@example.com,555-335-9892,West
ORD-104295,CUST-363,2026-04-18 23:53:29.146027,2026-04-19 10:53:29.146027,Groceries,4,280.01,0.28,user263@example.com,555-910-7314,North
ORD-102581,CUST-525,2026-06-05 23:53:29.146027,2026-06-06 01:53:29.146027,Electronics,7,81.81,0.202,user942@example.com,555-547-3983,East
ORD-100435,CUST-88,2026-08-10 23:53:29.146027,2026-08-12 06:53:29.146027,Toys,1,105.79,0.073,,555-141-8828,West
ORD-100606,CUST-328,2026-06-15 23:53:29.146027,2026-06-16 21:53:29.146027,Home & Garden,8,339.15,0.287,user749@example.com,555-892-9487,East
ORD-100074,CUST-868,2026-05-19 23:53:29.146027,2026-05-20 06:53:29.146027,Toys,4,23.53,0.021,user916@example.com,555-422-4782,West
ORD-101764,CUST-358,2026-09-14 23:53:29.146027,2026-09-16 15:53:29.146027,Groceries,4,80.28,0.059,user901@example.com,555-335-6703,North
ORD-103622,CUST-907,2026-05-16 23:53:29.146027,2026-05-17 06:53:29.146027,Sports,9,452.49,0.254,user528@example.com,555-130-3835,West
ORD-103238,CUST-565,2026-03-07 23:53:29.146027,2026-03-08 13:53:29.146027,Groceries,9,357.19,0.163,user763@example.com,555-173-6413,East
ORD-101322,CUST-450,31/02/2025,2026-06-20 02:53:29.146027,Electronics,9,324.22,0.3,user752@example.com,555-512-1106,North
ORD-101576,CUST-1147,2026-07-17 23:53:29.146027,2026-07-17 23:53:29.146027,Electronics,4,304.25,0.105,user513@example.com,555-861-9084,West
ORD-103859,CUST-1186,2026-03-20 23:53:29.146027,2026-03-21 02:53:29.146027,Apparel,9,292.73,0.169,user88@example.com,555-962-8311,South
ORD-100113,CUST-305,2026-08-15 23:53:29.146027,2026-08-16 20:53:29.146027,Toys,3,353.26,0.187,user832@example.com,555-552-2783,West
ORD-100986,CUST-954,2026-03-31 23:53:29.146027,2026-04-02 06:53:29.146027,Electronics,1,456.86,0.072,user986@example.com,555-627-5366,East
ORD-104631,CUST-104,2026-05-24 23:53:29.146027,2026-05-25 08:53:29.146027,Electronics,8,242.39,0.051,user220@example.com,555-142-3810,North
ORD-100747,CUST-308,2026-09-18 23:53:29.146027,2026-09-19 11:53:29.146027,Electronics,8,74.23,0.234,user129@example.com,555-724-9725,East
ORD-101863,CUST-605,2026-03-23 23:53:29.146027,2026-03-25 18:53:29.146027,Toys,9,198.52,0.125,user538@example.com,555-220-6238,West
ORD-100222,CUST-1076,2026-08-08 23:53:29.146027,2026-08-10 21:53:29.146027,Toys,3,345.94,0.008,user720@example.com,555-277-3429,East
ORD-102566,CUST-979,2026-06-08 23:53:29.146027,2026-06-10 10:53:29.146027,Groceries,7,175.64,0.16,user1040@example.com,555-105-5104,South
ORD-101348,CUST-704,2026-08-17 23:53:29.146027,2026-08-19 17:53:29.146027,Sports,9,268.48,0.079,,555-355-8136,North
ORD-101502,CUST-213,2026-06-19 23:53:29.146027,2026-06-20 02:53:29.146027,Electronics,4,252.87,0.107,user1071@example.com,555-502-3466,North
ORD-104204,CUST-702,2026-02-13 23:53:29.146027,2026-02-14 14:53:29.146027,Home & Garden,9,208.79,0.215,user237@example.com,555-532-3639,South
ORD-101665,CUST-1157,2026-04-04 23:53:29.146027,2026-04-05 05:53:29.146027,Electronics,2,197.79,0.134,user523@example.com,555-412-8152,North
ORD-104064,CUST-412,2026-04-30 23:53:29.146027,2026-05-01 16:53:29.146027,Groceries,1,106.44,0.034,user215@example.com,555-972-8914,East
ORD-104323,CUST-684,2026-02-09 23:53:29.146027,2026-02-11 07:53:29.146027,Groceries,8,463.04,0.236,user810@example.com,555-122-8423,East
ORD-103167,CUST-681,2026-03-21 23:53:29.146027,2026-03-23 17:53:29.146027,Home & Garden,3,321.37,0.231,user1059@example.com,555-852-5727,South
ORD-100035,CUST-826,2026-08-09 23:53:29.146027,2026-08-11 07:53:29.146027,Electronics,4,336.21,0.049,user732@example.com,555-380-7350,
ORD-100830,CUST-1021,2026-01-07 23:53:29.146027,2026-01-09 15:53:29.146027,Groceries,9,164.06,0.27,user477@example.com,555-499-6628,West
ORD-104596,CUST-95,2026-09-26 23:53:29.146027,2026-09-28 22:53:29.146027,Groceries,7,63.0,0.188,user349@example.com,555-695-1970,North
ORD-104248,CUST-890,2026-08-30 23:53:29.146027,2026-08-31 13:53:29.146027,Apparel,-2,406.45,0.283,user384@example.com,555-379-7219,South
ORD-101761,CUST-239,2026-09-06 23:53:29.146027,2026-09-08 15:53:29.146027,Sports,1,410.16,0.131,user132@example.com,555-646-4281,East
ORD-102863,CUST-678,2026-01-30 23:53:29.146027,2026-01-31 16:53:29.146027,Sports,8,259.19,0.25,user453@example.com,555-853-2439,West
ORD-100347,CUST-828,2026-02-25 23:53:29.146027,2026-02-27 21:53:29.146027,Toys,3,262.2,0.196,user575@example.com,555-924-3878,West
ORD-100167,CUST-451,2026-02-24 23:53:29.146027,2026-02-26 13:53:29.146027,Electronics,8,313.85,0.019,user132@example.com,555-738-6909,North
ORD-104734,CUST-69,2026-06-26 23:53:29.146027,2026-06-27 17:53:29.146027,Electronics,6,210.67,0.126,user565@example.com,555-836-3724,South
ORD-100116,CUST-479,2026-06-11 23:53:29.146027,2026-06-12 01:53:29.146027,Toys,7,337.73,0.049,user485@example.com,555-548-2869,West
ORD-100530,CUST-850,2026-06-28 23:53:29.146027,2026-06-29 06:53:29.146027,Electronics,6,426.74,0.026,user112@example.com,555-782-8454,North
ORD-101394,CUST-410,2026-06-10 23:53:29.146027,2026-06-11 10:53:29.146027,Home & Garden,4,5.86,0.064,user92@example.com,555-576-6889,South
ORD-102590,CUST-875,2026-01-09 23:53:29.146027,2026-01-11 17:53:29.146027,Sports,7,299.96,0.149,user1024@example.com,555-963-7484,East
ORD-102368,CUST-778,2026-06-19 23:53:29.146027,2026-06-21 07:53:29.146027,Apparel,2,68.99,0.294,user844@example.com,555-344-5523,West
ORD-101028,CUST-613,2026-06-16 23:53:29.146027,2026-06-18 11:53:29.146027,Electronics,9,93.31,0.056,user528@example.com,555-366-5302,East
ORD-101641,CUST-483,2026-02-13 23:53:29.146027,2026-02-14 22:53:29.146027,Home & Garden,8,455.34,0.253,user589@example.com,555-628-4199,West
ORD-102521,CUST-327,2026-07-24 23:53:29.146027,2026-07-24 23:53:29.146027,Groceries,2,3.66,0.157,,555-725-3208,North
ORD-104087,CUST-338,2026-06-06 23:53:29.146027,2026-06-08 19:53:29.146027,Home & Garden,3,263.18,0.033,user732@example.com,555-173-5485,South
ORD-103051,CUST-90,2026-01-25 23:53:29.146027,2026-01-27 15:53:29.146027,Sports,6,147.4,0.191,user560@example.com,555-713-8155,East
ORD-103893,CUST-1083,2026-02-20 23:53:29.146027,2026-02-21 14:53:29.146027,Electronics,1,0.0,0.264,user1085@example.com,555-685-1145,East
ORD-104457,CUST-925,2026-07-13 23:53:29.146027,2026-07-14 15:53:29.146027,Electronics,2,17.28,0.211,user529@example.com,555-514-6719,South
ORD-104445,CUST-1006,2026-01-24 23:53:29.146027,2026-01-25 16:53:29.146027,Apparel,7,408.85,0.265,user97@example.com,555-686-8171,East
ORD-104620,CUST-388,2026-05-14 23:53:29.146027,2026-05-15 19:53:29.146027,Sports,9,15.16,0.128,user670@example.com,555-154-7907,West
ORD-104272,CUST-1013,2026-08-11 23:53:29.146027,2026-08-12 16:53:29.146027,Toys,3,172.15,0.215,user1110@example.com,555-119-3099,North
ORD-104809,CUST-1052,2026-05-14 23:53:29.146027,2026-05-15 15:53:29.146027,Sports,4,64.28,0.252,user545@example.com,555-893-3992,South
ORD-103204,CUST-275,2026-08-24 23:53:29.146027,2026-08-25 18:53:29.146027,Electronics,6,427.06,0.094,user805@example.com,555-301-5529,East
ORD-104305,CUST-465,2026-04-08 23:53:29.146027,2026-04-09 15:53:29.146027,Groceries,6,96.33,0.101,user769@example.com,555-777-7380,South
ORD-101779,CUST-373,2026-02-03 23:53:29.146027,2026-02-04 00:53:29.146027,SPORTS,1,76.71,0.181,user1093@example.com,555-405-5603,East
ORD-101025,CUST-775,2026-01-22 23:53:29.146027,2026-01-23 02:53:29.146027,Apparel,7,194.21,0.215,user448@example.com,555-719-1424,South
ORD-104322,CUST-522,2026-05-22 23:53:29.146027,2026-05-24 10:53:29.146027,Groceries,1,163.27,0.175,user684@example.com,555-540-6609,
ORD-104945,CUST-23,2026-08-06 23:53:29.146027,2026-08-07 02:53:29.146027,Groceries,3,441.45,0.092,user804@example.com,555-639-1159,West
ORD-100081,CUST-906,2026-03-20 23:53:29.146027,2026-03-22 07:53:29.146027,Electronics,5,42.08,0.184,user575@example.com,555-203-7718,South
ORD-104394,CUST-1041,2026-09-27 23:53:29.146027,2026-09-28 05:53:29.146027,Apparel,9,230.71,0.038,user112@example.com,555-287-4073,East
ORD-102030,CUST-463,2026-09-25 23:53:29.146027,2026-09-27 11:53:29.146027,Sports,9,337.51,0.012,user733@example.com,555-152-8884,East
ORD-103837,CUST-199,2026-01-24 23:53:29.146027,2026-01-26 19:53:29.146027,Electronics,3,84.74,0.123,user280@example.com,555-753-7187,North
ORD-104697,CUST-942,2026-08-23 23:53:29.146027,2026-08-24 13:53:29.146027,Home & Garden,7,384.66,0.145,user587@example.com,555-393-1345,South
ORD-101476,CUST-1046,2026-05-15 23:53:29.146027,2026-05-17 08:53:29.146027,Electronics,7,245.3,0.015,user208@example.com,555-397-6039,North
ORD-102716,CUST-187,2026-05-21 23:53:29.146027,2026-05-23 02:53:29.146027,Sports,7,236.17,0.091,user418@example.com,555-623-8811,West
ORD-104226,CUST-168,2026-05-13 23:53:29.146027,2026-05-14 21:53:29.146027,Electronics,2,258.62,0.169,user283@example.com,555-408-8311,North
ORD-104920,CUST-812,2026-06-12 23:53:29.146027,2026-06-13 10:53:29.146027,Groceries,7,381.22,0.239,user1077@example.com,555-204-1771,West
ORD-104808,CUST-874,2026-08-19 23:53:29.146027,2026-08-20 07:53:29.146027,Groceries,3,223.56,0.151,user791@example.com,555-803-8352,South
ORD-102673,CUST-988,2026-06-28 23:53:29.146027,2026-06-30 02:53:29.146027,Home & Garden,6,413.21,0.258,user356@example.com,555-894-5045,East
ORD-101477,CUST-491,2026-05-05 23:53:29.146027,2026-05-07 06:53:29.146027,Toys,2,455.47,0.294,user1095@example.com,555-618-1717,East
ORD-104144,CUST-508,2026-03-29 23:53:29.146027,2026-03-30 03:53:29.146027,Groceries,1,291.09,0.006,user116@example.com,555-379-9992,East
ORD-102483,CUST-1096,2026-01-31 23:53:29.146027,2026-02-02 11:53:29.146027,Toys,6,5.05,0.071,user290@example.com,555-407-5140,North
ORD-102563,CUST-323,2026-02-16 23:53:29.146027,2026-02-18 09:53:29.146027,Home & Garden,5,397.36,0.255,user271@example.com,555-178-1606,West
ORD-103402,CUST-1064,2026-08-04 23:53:29.146027,2026-08-05 05:53:29.146027,Sports,4,402.84,0.012,user120@example.com,555-295-1763,West
ORD-104954,CUST-753,2026-06-21 23:53:29.146027,2026-06-22 22:53:29.146027,Apparel,7,141.81,0.286,user906@example.com,555-180-4375,East
ORD-102157,CUST-152,2026-04-27 23:53:29.146027,2026-04-29 08:53:29.146027,Groceries,1,157.31,0.266,user284@example.com,555-966-6757,South
ORD-101886,CUST-653,2026-04-14 23:53:29.146027,2026-04-15 23:53:29.146027,Electronics,1,222.21,0.043,user388@example.com,555-718-9167,South
ORD-101956,CUST-1024,2026-06-13 23:53:29.146027,2026-06-14 19:53:29.146027,Electronics,4,132.33,0.093,user908@example.com,555-918-2668,West
ORD-101629,CUST-920,2026-04-18 23:53:29.146027,2026-04-20 17:53:29.146027,Sports,9,22.51,0.074,user775@example.com,555-477-5874,West
ORD-102698,CUST-694,2026-09-14 23:53:29.146027,2026-09-16 02:53:29.146027,Groceries,1,415.66,0.054,user974@example.com,555-772-2453,East
ORD-101645,CUST-158,2026-07-29 23:53:29.146027,2026-07-30 13:53:29.146027,Groceries,-5,442.14,0.176,user1168@example.com,555-765-1250,West
ORD-100040,CUST-186,2026-05-12 23:53:29.146027,2026-05-13 03:53:29.146027,Groceries,6,48.4,0.246,,555-622-6859,South
ORD-101704,CUST-801,2026-07-21 23:53:29.146027,2026-07-22 10:53:29.146027,Electronics,3,487.12,0.146,user889@example.com,555-154-4273,North
ORD-102693,CUST-904,2026-03-07 23:53:29.146027,2026-03-08 09:53:29.146027,Toys,4,130.64,0.086,user349@example.com,555-893-3080,West
ORD-104771,CUST-454,2026-09-30 23:53:29.146027,2026-10-01 20:53:29.146027,Home & Garden,2,216.01,0.167,user1189@example.com,555-948-9787,East
ORD-103302,CUST-12,2026-04-21 23:53:29.146027,2026-04-23 16:53:29.146027,Toys,7,360.42,0.044,user850@example.com,555-228-5174,North
ORD-104430,CUST-16,2026-03-09 23:53:29.146027,2026-03-10 03:53:29.146027,Electronics,6,247.57,0.104,user26@example.com,555-714-5173,North
ORD-103173,CUST-1020,2026-08-19 23:53:29.146027,2026-08-20 05:53:29.146027,Sports,7,401.22,0.298,user1028@example.com,555-160-5872,North
ORD-103136,CUST-932,2026-01-15 23:53:29.146027,2026-01-16 04:53:29.146027,Sports,4,404.25,0.017,user1128@example.com,555-662-3585,West
ORD-100311,CUST-806,2026-09-26 23:53:29.146027,2026-09-28 08:53:29.146027,Toys,9,267.33,0.114,user373@example.com,555-454-9566,East
ORD-101631,CUST-876,2026-07-30 23:53:29.146027,2026-08-01 01:53:29.146027,Toys,5,267.69,0.082,user755@example.com,555-700-4436,North
ORD-103710,CUST-931,2026-01-12 23:53:29.146027,2026-01-14 17:53:29.146027,Sports,N/A,496.05,0.06,user778@example.com,555-699-3899,East
ORD-102067,CUST-686,2026-02-01 23:53:29.146027,2026-02-02 12:53:29.146027,Groceries,-7,236.9,0.192,user1183@example.com,555-394-9123,North
ORD-101426,CUST-541,2026-08-22 23:53:29.146027,2026-08-23 02:53:29.146027,Sports,3,96.71,0.135,user854@example.com,555-689-2898,North
ORD-102002,CUST-1002,2026-03-21 23:53:29.146027,2026-03-22 14:53:29.146027,Electronics,9,413.05,0.189,user772@example.com,555-477-2477,North
ORD-100357,CUST-954,2026-07-23 23:53:29.146027,2026-07-25 14:53:29.146027,Groceries,-4,33.07,0.251,user454@example.com,555-181-4581,West
ORD-102408,CUST-48,2026-05-20 23:53:29.146027,2026-05-21 10:53:29.146027,Sports,2,438.62,0.037,user280@example.com,555-943-2238,North
ORD-101129,CUST-369,2026-03-20 23:53:29.146027,2026-03-22 01:53:29.146027,Groceries,9,374.67,0.261,user1081@example.com,555-892-5775,East
ORD-103624,CUST-1100,2026-08-04 23:53:29.146027,2026-08-06 19:53:29.146027,Apparel,2,65.87,0.238,user704@example.com,555-340-8138,South
ORD-102337,CUST-937,2026-06-20 23:53:29.146027,2026-06-21 20:53:29.146027,Groceries,3,385.93,0.002,user476@example.com,555-741-2553,East
ORD-101827,CUST-861,2026-05-09 23:53:29.146027,2026-05-11 17:53:29.146027,Apparel,6,302.18,0.016,user951@example.com,555-333-6005,West
ORD-102440,CUST-628,2026-04-16 23:53:29.146027,2026-04-18 14:53:29.146027,Groceries,7,188.8,0.087,user1015@example.com,555-615-7498,South
ORD-100128,CUST-392,2026-06-07 23:53:29.146027,2026-06-08 08:53:29.146027,Toys,1,323.22,0.049,user77@example.com,555-751-1722,East
ORD-101009,CUST-395,2026-08-02 23:53:29.146027,2026-08-04 19:53:29.146027,Toys,1,7933.0,0.101,user386@example.com,555-962-3517,West
ORD-101813,CUST-428,2026-01-11 23:53:29.146027,2026-01-12 05:53:29.146027,Apparel,4,374.39,0.058,user742@example.com,555-820-3830,East
ORD-103756,CUST-1136,2026-08-15 23:53:29.146027,2026-08-17 12:53:29.146027,Toys,3,21.54,0.214,user216@example.com,555-313-8321,South
ORD-100657,CUST-1106,2026-02-07 23:53:29.146027,2026-02-08 04:53:29.146027,Sports,4,202.37,0.036,user721@example.com,555-648-4103,West
ORD-101246,CUST-974,2026-07-29 23:53:29.146027,2026-07-30 05:53:29.146027,Groceries,1,497.41,0.021,user494@example.com,555-665-8284,North
ORD-104884,CUST-1030,2026-08-01 23:53:29.146027,2026-08-02 05:53:29.146027,Sports,1,420.39,0.113,user196@example.com,555-167-3815,North
ORD-102771,CUST-718,2026-03-29 23:53:29.146027,2026-03-31 06:53:29.146027,Groceries,8,286.79,0.273,user611@example.com,555-789-3698,West
ORD-100201,CUST-784,2026-09-25 23:53:29.146027,2026-09-27 07:53:29.146027,Electronics,5,258.96,0.22,user546@example.com,555-893-7445,West
ORD-103344,CUST-1000,2026-05-05 23:53:29.146027,2026-05-07 11:53:29.146027,Groceries,8,320.86,0.012,user483@example.com,555-563-4812,West
ORD-104927,CUST-1092,2026-09-04 23:53:29.146027,2026-09-06 07:53:29.146027,Home & Garden,3,390.94,0.212,user75@example.com,555-593-2774,East
ORD-101421,CUST-993,2026-08-15 23:53:29.146027,2026-08-17 13:53:29.146027,Toys,6,363.81,0.186,user940@example.com,555-466-1206,South
ORD-101817,CUST-250,2026-01-25 23:53:29.146027,2026-01-27 20:53:29.146027,Apparel,6,257.71,0.234,user18@example.com,555-468-9881,West
ORD-100954,CUST-561,2026-03-15 23:53:29.146027,2026-03-17 02:53:29.146027,Apparel,9,143.34,0.224,user755@example.com,555-622-5703,West
ORD-103048,CUST-672,2026-06-29 23:53:29.146027,2026-07-01 19:53:29.146027,Groceries,1,318.38,0.298,user584@example.com,555-838-1430,West
ORD-102418,CUST-521,2026-09-04 23:53:29.146027,2026-09-06 07:53:29.146027,Groceries,7,407.2,0.007,user201@example.com,555-276-5175,East
ORD-103814,CUST-910,2026-01-23 23:53:29.146027,2026-01-25 04:53:29.146027,Apparel,6,279.88,0.165,user455@example.com,555-681-9284,West
ORD-102361,CUST-1090,2030-01-01 00:00:00,2026-05-23 06:53:29.146027,Toys,1,358.91,0.102,user94@example.com,555-538-8515,East
ORD-103359,CUST-229,2026-07-04 23:53:29.146027,2026-07-05 09:53:29.146027,Electronics,8,313.12,0.27,user551@example.com,555-713-4842,West
ORD-100996,CUST-734,2026-06-01 23:53:29.146027,2026-06-02 10:53:29.146027,Apparel,4,426.51,0.07,user704@example.com,555-339-8311,South
ORD-100593,CUST-90,2026-09-17 23:53:29.146027,2026-09-19 04:53:29.146027,Electronics,7,90.04,0.118,user646@example.com,555-181-3831,East
ORD-100970,CUST-774,2026-04-03 23:53:29.146027,2026-04-04 08:53:29.146027,Electronics,1,406.69,0.259,user769@example.com,555-903-5565,West
ORD-100202,CUST-485,2026-02-05 23:53:29.146027,2026-02-07 13:53:29.146027,Apparel,1,309.13,0.198,user934@example.com,555-688-7535,North
ORD-104638,CUST-1010,2026-01-09 23:53:29.146027,2026-01-10 10:53:29.146027,Groceries,7,483.04,0.159,user520@example.com,555-975-2969,West
ORD-101974,CUST-1029,2026-09-18 23:53:29.146027,2026-09-20 19:53:29.146027,Sports,5,133.82,0.286,user836@example.com,555-930-7323,West
ORD-100982,CUST-597,2026-04-07 23:53:29.146027,2026-04-08 00:53:29.146027,Home & Garden,1,14.0,0.034,user1192@example.com,555-546-7266,East
ORD-104915,CUST-1084,2026-09-01 23:53:29.146027,2026-09-02 10:53:29.146027,Electronics,1,200.15,0.036,user1170@example.com,555-149-6426,East
ORD-103318,CUST-1179,2026-04-17 23:53:29.146027,2026-04-19 06:53:29.146027,Apparel,2,397.98,0.044,user1162@example.com,555-652-1740,North
ORD-103980,CUST-134,2026-07-04 23:53:29.146027,2026-07-06 05:53:29.146027,Toys,3,77.02,0.117,user1046@example.com,555-224-4912,East
ORD-103769,CUST-478,2026-05-02 23:53:29.146027,2026-05-04 14:53:29.146027,Sports,5,402.92,0.244,user883@example.com,555-959-9329,South
ORD-101980,CUST-851,2026-05-01 23:53:29.146027,2026-05-03 15:53:29.146027,Sports,7,176.56,0.034,user367@example.com,555-155-2119,North
ORD-102380,CUST-1145,2026-09-25 23:53:29.146027,2026-09-26 16:53:29.146027,Apparel,2,62.01,0.031,user12@example.com,555-796-5860,West
ORD-102486,CUST-812,2026-04-19 23:53:29.146027,2026-04-21 19:53:29.146027,Toys,8,147.2,0.273,user1143@example.com,555-666-1107,East
ORD-102374,CUST-701,2026-06-29 23:53:29.146027,2026-06-30 05:53:29.146027,Home & Garden,7,386.04,0.257,user956@example.com,555-314-7291,North
ORD-104171,CUST-342,2026-09-09 23:53:29.146027,2026-09-11 16:53:29.146027,Toys,6,357.66,0.067,user919@example.com,555-954-8179,North
ORD-104848,CUST-460,2026-04-06 23:53:29.146027,2026-04-08 01:53:29.146027,Groceries,1,466.75,0.08,user159@example.com,555-311-7963,North
ORD-103097,CUST-603,2026-01-12 23:53:29.146027,2026-01-14 01:53:29.146027,Groceries,2,229.3,0.094,user120@example.com,555-606-8219,West
ORD-104603,CUST-844,2026-01-23 23:53:29.146027,2026-01-23 23:53:29.146027,Sports,3,350.88,0.298,user506@example.com,555-295-9653,North
ORD-103089,CUST-999,2026-04-29 23:53:29.146027,2026-05-01 19:53:29.146027,Electronics,9,339.09,0.065,user82@example.com,555-432-9497,South
ORD-104628,CUST-515,2026-03-28 23:53:29.146027,2026-03-30 10:53:29.146027,Sports,8,60.12,0.289,user576@example.com,555-993-8243,North
ORD-101187,CUST-140,2026-06-20 23:53:29.146027,2026-06-21 09:53:29.146027,Groceries,9,401.7,0.198,user1175@example.com,555-150-1106,North
ORD-102329,CUST-412,2026-02-10 23:53:29.146027,2026-02-11 15:53:29.146027,Apparel,2,390.73,0.037,user920@example.com,555-169-1444,South
ORD-102342,CUST-732,2026-03-24 23:53:29.146027,2026-03-25 08:53:29.146027,Home & Garden,6,340.59,0.3,,555-434-6390,North
ORD-100351,CUST-7,2026-04-28 23:53:29.146027,2026-04-29 05:53:29.146027,Home & Garden,5,414.93,0.072,user638@example.com,555-321-1888,East
ORD-103403,CUST-705,2026-07-16 23:53:29.146027,2026-07-17 08:53:29.146027,Apparel,2,205.55,0.291,user1180@example.com,555-553-9830,West
ORD-101755,CUST-282,2026-01-09 23:53:29.146027,2026-01-11 18:53:29.146027,Sports,8,114.86,0.141,user316@example.com,555-891-8928,West
ORD-101595,CUST-223,2026-06-08 23:53:29.146027,2026-06-10 14:53:29.146027,Toys,5,104.97,0.296,,555-867-6988,North
ORD-103548,CUST-164,2026-02-07 23:53:29.146027,2026-02-08 19:53:29.146027,Electronics,-7,35.37,0.263,user19@example.com,555-427-8190,South
ORD-100042,CUST-572,2026-08-23 23:53:29.146027,2026-08-25 10:53:29.146027,Toys,8,52.46,0.113,user685@example.com,555-611-9812,South
ORD-104812,CUST-1071,2026-09-12 23:53:29.146027,2026-09-13 10:53:29.146027,SPORTS,5,397.05,0.267,user896@example.com,555-609-6043,West
ORD-102149,CUST-641,2026-03-24 23:53:29.146027,2026-03-26 06:53:29.146027,Home & Garden,5,468.06,0.219,user444@example.com,555-457-2795,East
ORD-103347,CUST-1029,2026-09-07 23:53:29.146027,2026-09-09 02:53:29.146027,Toys,4,142.09,0.229,user76@example.com,555-874-3294,North
ORD-104599,CUST-925,2026-03-28 23:53:29.146027,2026-03-29 12:53:29.146027,Sports,6,434.63,0.233,user118@example.com,555-727-1100,East
ORD-102494,CUST-278,2026-08-19 23:53:29.146027,2026-08-21 16:53:29.146027,Electronics,1,208.24,0.033,user233@example.com,555-780-9355,East
ORD-103746,CUST-990,2026-02-05 23:53:29.146027,2026-02-07 03:53:29.146027,Electronics,2,63.81,0.087,user537@example.com,555-698-6234,East
ORD-101273,CUST-498,2026-04-01 23:53:29.146027,2026-04-03 03:53:29.146027,Toys,2,37.78,0.158,user892@example.com,555-850-2377,West
ORD-102182,CUST-306,2026-09-02 23:53:29.146027,2026-09-04 02:53:29.146027,Home & Garden,5,424.82,0.225,user861@example.com,555-629-6398,South
ORD-100574,CUST-364,2026-07-28 23:53:29.146027,2026-07-29 00:53:29.146027,Home & Garden,6,254.37,0.042,user591@example.com,555-306-8456,East
ORD-101920,CUST-646,2026-04-22 23:53:29.146027,2026-04-23 05:53:29.146027,Electronics,5,190.72,0.008,user790@example.com,555-143-8661,East
ORD-102924,CUST-722,2026-09-10 23:53:29.146027,2026-09-12 18:53:29.146027,Home & Garden,5,296.72,0.184,user160@example.com,555-119-1084,East
ORD-104710,CUST-387,2026-07-24 23:53:29.146027,2026-07-26 20:53:29.146027, Sports ,3,439.42,0.211,user1110@example.com,555-309-4411,North
ORD-100856,CUST-758,2026-01-21 23:53:29.146027,2026-01-23 12:53:29.146027,Toys,3,265.45,0.227,user65@example.com,555-555-1348,North
ORD-102176,CUST-1159,2026-08-02 23:53:29.146027,2026-08-03 16:53:29.146027,Electronics,5,375.99,0.026,user525@example.com,555-837-6273,East
ORD-104409,CUST-288,2026-04-04 23:53:29.146027,2026-04-05 02:53:29.146027,Toys,3,88.48,0.159,user906@example.com,555-507-7350,North
ORD-102795,CUST-366,2026-07-27 23:53:29.146027,2026-07-29 13:53:29.146027,Groceries,4,294.02,0.211,user574@example.com,555-652-9022,North
ORD-102047,CUST-294,2026-05-12 23:53:29.146027,2026-05-13 13:53:29.146027,Sports,6,338.66,0.132,user302@example.com,555-942-6819,
ORD-101808,CUST-465,2026-09-11 23:53:29.146027,2026-09-13 06:53:29.146027,Groceries,6,334.2,0.165,user1073@example.com,555-675-1059,East
ORD-102620,CUST-1101,2026-03-11 23:53:29.146027,2026-03-12 20:53:29.146027,Home & Garden,3,461.87,0.155,user939@example.com,555-441-9879,East
ORD-104629,CUST-924,2026-09-16 23:53:29.146027,2026-09-18 21:53:29.146027,Apparel,-5,174.64,0.197,user626@example.com,555-608-7264,East
ORD-101898,CUST-357,2026-09-24 23:53:29.146027,2026-09-26 08:53:29.146027,Sports,7,150.11,0.273,user153@example.com,555-831-4423,North
ORD-101846,CUST-1177,2026-04-14 23:53:29.146027,2026-04-15 06:53:29.146027,Toys,8,466.29,0.282,user249@example.com,555-321-7617,South
ORD-104542,CUST-632,2026-02-25 23:53:29.146027,2026-02-26 02:53:29.146027,Groceries,6,4.02,0.051,user318@example.com,555-661-3379,North
ORD-100875,CUST-174,2026-06-26 23:53:29.146027,2026-06-28 19:53:29.146027,Home & Garden,9,229.04,0.075,user243@example.com,555-952-2926,West
ORD-100103,CUST-78,2026-06-17 23:53:29.146027,2026-06-19 03:53:29.146027,Sports,7,348.33,0.203,user47@example.com,555-192-3445,South
ORD-104653,CUST-379,2026-04-28 23:53:29.146027,2026-04-29 20:53:29.146027,Apparel,9,389.78,0.094,user387@example.com,555-168-1460,East
ORD-102458,CUST-159,2026-08-08 23:53:29.146027,2026-08-10 19:53:29.146027,Electronics,7,40.26,0.145,user858@example.com,555-552-5360,South
ORD-104860,CUST-164,2026-01-09 23:53:29.146027,2026-01-11 17:53:29.146027,Electronics,3,69.06,0.249,user1086@example.com,555-147-9357,South
ORD-103226,CUST-243,2026-02-17 23:53:29.146027,2026-02-18 02:53:29.146027,Electronics,2,126.54,0.27,user968@example.com,555-964-3803,East
ORD-103409,CUST-937,2026-03-02 23:53:29.146027,2026-03-04 13:53:29.146027,Apparel,5,254.85,0.023,user156@example.com,555-847-6290,North
ORD-100604,CUST-499,2026-08-30 23:53:29.146027,2026-08-31 13:53:29.146027,Groceries,8,495.93,0.023,user623@example.com,555-524-7553,East
ORD-100988,CUST-229,2026-09-16 23:53:29.146027,2026-09-18 05:53:29.146027,Toys,1,77.59,0.169,user1137@example.com,555-534-3835,South
ORD-101233,CUST-297,2026-03-14 23:53:29.146027,2026-03-16 17:53:29.146027,Groceries,6,326.38,0.003,user682@example.com,555-978-7837,East
ORD-100066,CUST-111,2026-02-02 23:53:29.146027,2026-02-03 22:53:29.146027,HOME & GARDEN,4,196.72,0.015,user889@example.com,555-581-7155,West
ORD-101433,CUST-742,2026-04-17 23:53:29.146027,2026-04-19 21:53:29.146027,home & garden,7,17.88,0.181,user1083@example.com,555-567-2257,South
ORD-100384,CUST-124,2026-03-13 23:53:29.146027,2026-03-15 11:53:29.146027,Groceries,6,51.02,0.108,user118@example.com,555-936-1292,West
ORD-100893,CUST-419,2026-07-28 23:53:29.146027,2026-07-29 18:53:29.146027,groceries,6,68.87,0.119,user479@example.com,555-890-9245,West
ORD-100056,CUST-592,2026-08-17 23:53:29.146027,2026-08-18 01:53:29.146027,Electronics,5,41.47,0.141,user267@example.com,555-775-8181,North
ORD-100711,CUST-162,2026-02-23 23:53:29.146027,2026-02-24 01:53:29.146027,Sports,1,93.36,0.0,user507@example.com,555-843-1845,West
ORD-102372,CUST-1115,2026-03-12 23:53:29.146027,2026-03-14 09:53:29.146027,Apparel,8,303.12,0.294,user1198@example.com,555-226-1866,West
ORD-102126,CUST-252,2026-05-26 23:53:29.146027,2026-05-27 05:53:29.146027,Sports,4,453.55,0.056,user52@example.com,555-820-4827,West
ORD-102588,CUST-366,2026-07-29 23:53:29.146027,2026-07-31 02:53:29.146027,Groceries,9,216.38,0.056,user937@example.com,555-475-2982,West
ORD-100355,CUST-425,2026-08-15 23:53:29.146027,2026-08-17 22:53:29.146027,Toys,8,152.9,0.058,user499@example.com,555-678-1429,South
ORD-103565,CUST-207,2026-06-09 23:53:29.146027,2026-06-11 18:53:29.146027,Apparel,1,242.69,0.202,user487@example.com,555-454-6146,North
ORD-101842,CUST-837,2026-09-08 23:53:29.146027,2026-09-10 01:53:29.146027,apparel,2,243.97,0.028,user1190@example.com,555-917-9204,West
ORD-102407,CUST-157,2026-09-07 23:53:29.146027,2026-09-09 15:53:29.146027,Electronics,2,494.54,0.023,user362@example.com,555-581-1486,South
ORD-101018,CUST-322,2026-05-30 23:53:29.146027,2026-06-01 22:53:29.146027,Sports,1,269.71,0.264,user695@example.com,555-949-2363,West
ORD-101314,CUST-138,2026-04-20 23:53:29.146027,2026-04-21 21:53:29.146027,Apparel,6,294.98,0.237,user1103@example.com,555-883-7015,East
ORD-103296,CUST-916,2026-08-10 23:53:29.146027,2026-08-12 04:53:29.146027,Electronics,1,321.54,0.116,user270@example.com,555-788-5249,East
ORD-102963,CUST-1092,2026-05-20 23:53:29.146027,2026-05-22 18:53:29.146027,Groceries,9,325.26,0.077,user626@example.com,555-920-3686,North
ORD-100307,CUST-988,2026-07-19 23:53:29.146027,2026-07-21 10:53:29.146027,Groceries,4,488.78,0.106,user1098@example.com,555-355-8233,West
ORD-103461,CUST-904,2026-07-08 23:53:29.146027,2026-07-10 05:53:29.146027,Groceries,6,200.9,0.182,user505@example.com,555-583-8114,North
ORD-100813,CUST-292,2026-06-11 23:53:29.146027,2026-06-12 03:53:29.146027,Groceries,5,409.42,0.038,user579@example.com,555-270-6718,South
ORD-100041,CUST-1106,2026-03-06 23:53:29.146027,2026-03-07 11:53:29.146027,Toys,3,16.01,0.122,user114@example.com,555-512-8782,West
ORD-103674,CUST-467,2026-04-22 23:53:29.146027,2026-04-24 22:53:29.146027,Groceries,3,457.66,0.151,user236@example.com,555-774-3569,North
ORD-101405,CUST-1167,2026-06-15 23:53:29.146027,2026-06-17 07:53:29.146027,Groceries,6,205.73,0.046,user226@example.com,555-102-1866,West
ORD-103691,CUST-192,2026-04-13 23:53:29.146027,2026-04-14 03:53:29.146027,Groceries,3,51.65,0.09,user316@example.com,555-142-5603,East
ORD-101681,CUST-181,2026-01-16 23:53:29.146027,2026-01-18 14:53:29.146027,Sports,7,33.47,0.103,user514@example.com,555-792-6668,West
ORD-100882,CUST-285,2026-04-04 23:53:29.146027,2026-04-06 13:53:29.146027,sports,2,456.44,0.045,user496@example.com,555-439-7070,South
ORD-103805,CUST-117,2026-08-15 23:53:29.146027,2026-08-15 23:53:29.146027,Apparel,6,315.17,0.098,user823@example.com,555-412-9816,South
ORD-100698,CUST-57,2026-01-23 23:53:29.146027,2026-01-25 03:53:29.146027,Groceries,2,239.2,0.01,user904@example.com,555-417-5902,South
ORD-103954,CUST-794,2026-02-20 23:53:29.146027,2026-02-22 22:53:29.146027,Sports,5,336.08,0.134,user715@example.com,555-270-9049,North
ORD-104099,CUST-80,2026-01-07 23:53:29.146027,2026-01-09 08:53:29.146027,Sports,6,223.46,0.137,user297@example.com,555-260-1078,West
ORD-102051,CUST-903,2026-03-14 23:53:29.146027,2026-03-16 11:53:29.146027,Electronics,2,261.53,0.291,user449@example.com,555-406-5086,South
ORD-103974,CUST-702,2026-09-03 23:53:29.146027,2026-09-04 15:53:29.146027,Home & Garden,8,150.22,0.079,user781@example.com,555-261-2492,East
ORD-100215,CUST-210,2026-07-10 23:53:29.146027,2026-07-12 20:53:29.146027,Toys,4,212.16,0.264,user226@example.com,555-266-4719,West
ORD-103024,CUST-59,2026-02-11 23:53:29.146027,2026-02-12 06:53:29.146027,Electronics,5,0.0,0.23,user479@example.com,555-992-4117,South
ORD-102146,CUST-319,2026-02-25 23:53:29.146027,2026-02-27 05:53:29.146027,Groceries,4,145.18,0.139,user193@example.com,555-811-5489,North
ORD-102322,CUST-1076,2026-02-04 23:53:29.146027,2026-02-05 01:53:29.146027,Groceries,8,268.58,0.11,user601@example.com,555-150-4780,North
ORD-103689,CUST-136,2026-08-20 23:53:29.146027,2026-08-22 02:53:29.146027,Apparel,5,365.64,0.271,,555-200-6431,West
ORD-102482,CUST-805,2026-09-19 23:53:29.146027,2026-09-20 04:53:29.146027,Toys,6,310.46,0.202,user119@example.com,555-150-5575,West
ORD-101370,CUST-272,2026-04-20 23:53:29.146027,2026-04-22 21:53:29.146027,Sports,1,447.4,0.196,user339@example.com,555-517-6537,South
ORD-101566,CUST-42,2026-04-09 23:53:29.146027,2026-04-11 09:53:29.146027,Home & Garden,2,418.09,0.129,user77@example.com,555-207-5981,East
ORD-102192,CUST-134,2026-05-04 23:53:29.146027,2026-05-06 12:53:29.146027,Toys,6,126.68,0.066,user897@example.com,555-291-9500,South
ORD-103596,CUST-744,2026-01-09 23:53:29.146027,2026-01-10 17:53:29.146027,Groceries,6,477.43,0.155,user1065@example.com,555-537-1198,South
ORD-103320,CUST-189,2026-02-27 23:53:29.146027,2026-03-01 03:53:29.146027, Groceries ,6,320.7,0.276,user53@example.com,555-136-2942,West
ORD-103690,CUST-1118,2026-07-21 23:53:29.146027,2026-07-22 21:53:29.146027,Apparel,7,105.75,0.06,user1067@example.com,555-364-5557,East
ORD-104819,CUST-815,2026-09-06 23:53:29.146027,2026-09-07 04:53:29.146027,Apparel,2,435.51,0.046,user779@example.com,555-833-7418,East
ORD-104875,CUST-688,2026-06-08 23:53:29.146027,2026-06-09 07:53:29.146027,Electronics,5,231.6,0.229,,555-457-4906,West
ORD-101516,CUST-582,2026-09-19 23:53:29.146027,2026-09-21 06:53:29.146027,Sports,2,131.12,0.18,user786@example.com,555-321-2436,West
ORD-102748,CUST-978,2026-02-02 23:53:29.146027,2026-02-03 09:53:29.146027,Apparel,6,42.58,0.177,user1083@example.com,555-420-1659,East
ORD-102503,CUST-746,2026-02-09 23:53:29.146027,2026-02-10 08:53:29.146027,Electronics,5,86.43,0.199,user478@example.com,555-639-9037,North
ORD-103044,CUST-1082,2026-06-22 23:53:29.146027,2026-06-24 11:53:29.146027,Apparel,2,412.59,0.142,user1@example.com,555-670-8774,East
ORD-101766,CUST-768,2026-08-30 23:53:29.146027,2026-09-01 06:53:29.146027, Groceries ,1,174.92,0.284,user853@example.com,555-753-4747,East
ORD-104999,CUST-460,2026-08-14 23:53:29.146027,2026-08-15 19:53:29.146027,Groceries,8,120.83,0.045,user1059@example.com,555-129-8678,North
ORD-102186,CUST-558,2026-06-30 23:53:29.146027,2026-07-02 05:53:29.146027,Electronics,7,120.88,0.269,user816@example.com,555-255-6552,North
ORD-104904,CUST-640,2026-02-04 23:53:29.146027,2026-02-06 18:53:29.146027,Apparel,6,44.44,0.172,,555-891-7815,East
ORD-103308,CUST-713,2026-06-27 23:53:29.146027,2026-06-29 09:53:29.146027,Home & Garden,7,349.28,0.179,user557@example.com,555-908-5032,North
ORD-104096,CUST-281,2026-03-05 23:53:29.146027,2026-03-07 10:53:29.146027,Home & Garden,6,394.64,0.149,user659@example.com,555-406-1930,South
ORD-101037,CUST-63,2026-03-14 23:53:29.146027,2026-03-16 05:53:29.146027,Apparel,8,170.95,0.018,user1042@example.com,555-865-1284,East
ORD-102437,CUST-974,2026-04-13 23:53:29.146027,2026-04-14 13:53:29.146027,Apparel,6,372.73,0.256,user216@example.com,555-346-7177,North
ORD-102999,CUST-532,2026-07-08 23:53:29.146027,2026-07-09 14:53:29.146027,Toys,9,357.16,0.069,user327@example.com,555-254-9712,East
ORD-101510,CUST-932,2026-02-28 23:53:29.146027,2026-03-01 15:53:29.146027,Electronics,8,315.36,0.059,user13@example.com,555-814-5427,West
ORD-100411,CUST-383,2026-01-17 23:53:29.146027,2026-01-18 02:53:29.146027,Electronics,7,333.27,0.034,user1072@example.com,555-605-5998,East
ORD-103919,CUST-849,2026-05-22 23:53:29.146027,2026-05-23 13:53:29.146027,Electronics,5,487.94,0.259,user293@example.com,555-797-1852,East
ORD-103762,CUST-448,2026-05-19 23:53:29.146027,2026-05-21 00:53:29.146027,Home & Garden,7,105.2,0.174,user757@example.com,555-889-6557,East
ORD-101301,CUST-423,2026-07-18 23:53:29.146027,2026-07-19 19:53:29.146027,Toys,8,379.27,0.182,user592@example.com,555-970-8739,South
ORD-103259,CUST-183,2026-02-08 23:53:29.146027,2026-02-10 12:53:29.146027,Apparel,3,242.21,0.125,user1151@example.com,555-207-9138,West
ORD-101296,CUST-797,2026-02-08 23:53:29.146027,2026-02-10 20:53:29.146027,Toys,2,200.58,0.129,user1014@example.com,555-333-4754,East
ORD-103664,CUST-338,2026-05-23 23:53:29.146027,2026-05-25 10:53:29.146027,Home & Garden,7,313.53,0.062,user801@example.com,555-529-8537,East
ORD-103316,CUST-656,2026-03-21 23:53:29.146027,2026-03-22 15:53:29.146027,Home & Garden,3,312.7,0.156,user398@example.com,555-716-6949,South
ORD-103475,CUST-13,2026-09-20 23:53:29.146027,2026-09-22 18:53:29.146027,Home & Garden,4,483.73,0.047,user843@example.com,555-111-1291,East
ORD-100777,CUST-693,2026-08-18 23:53:29.146027,2026-08-19 09:53:29.146027,ELECTRONICS,4,467.01,0.157,user178@example.com,555-131-9936,North
ORD-104153,CUST-784,2026-07-02 23:53:29.146027,2026-07-04 05:53:29.146027,Electronics,9,308.19,0.234,user12@example.com,555-623-7633,North
ORD-104421,CUST-43,2026-03-27 23:53:29.146027,2026-03-28 09:53:29.146027,Toys,7,485.93,0.046,user874@example.com,555-388-1974,East
ORD-102549,CUST-144,2026-07-19 23:53:29.146027,2026-07-20 23:53:29.146027,Apparel,6,112.2,0.24,user376@example.com,555-939-1231,South
ORD-104943,CUST-644,2026-01-15 23:53:29.146027,2026-01-17 22:53:29.146027,Sports,8,199.88,0.244,user707@example.com,555-643-8473,East
ORD-100758,CUST-523,2026-06-03 23:53:29.146027,2026-06-05 11:53:29.146027,toys,6,240.77,0.064,user966@example.com,555-780-3318,West
ORD-102367,CUST-919,2026-06-28 23:53:29.146027,2026-06-29 04:53:29.146027,Groceries,1,243.34,0.064,user210@example.com,555-810-9836,South
ORD-102476,CUST-818,2026-04-15 23:53:29.146027,2026-04-17 08:53:29.146027,Sports,7,211.31,0.186,user298@example.com,555-913-4793,East
ORD-103698,CUST-371,2026-08-10 23:53:29.146027,2026-08-11 19:53:29.146027,Toys,4,205.25,0.229,user108@example.com,555-410-8870,West
ORD-101317,CUST-534,2026-03-30 23:53:29.146027,2026-03-31 14:53:29.146027,Apparel,2,138.64,0.19,user1057@example.com,555-463-1033,South
ORD-103184,CUST-84,2026-01-10 23:53:29.146027,2026-01-12 21:53:29.146027,Home & Garden,5,242.04,0.199,user1026@example.com,555-524-4021,East
ORD-100073,CUST-961,2026-04-16 23:53:29.146027,2026-04-18 05:53:29.146027,Electronics,6,34.76,0.053,user272@example.com,555-574-6982,North
ORD-100025,CUST-687,2026-03-16 23:53:29.146027,2026-03-18 14:53:29.146027,Sports,-2,22.14,0.007,user164@example.com,555-272-5329,East
ORD-103914,CUST-344,2026-04-17 23:53:29.146027,2026-04-19 10:53:29.146027,Apparel,9,438.74,0.28,user355@example.com,555-762-8570,East
ORD-103392,CUST-373,2026-03-20 23:53:29.146027,2026-03-22 18:53:29.146027,Sports,5,147.16,0.024,user28@example.com,555-486-7499,West
ORD-103693,CUST-818,2026-08-12 23:53:29.146027,2026-08-13 19:53:29.146027,Groceries,6,489.75,0.172,user987@example.com,555-569-6536,North
ORD-101126,CUST-976,2026-02-19 23:53:29.146027,2026-02-21 02:53:29.146027,Groceries,7,133.98,0.123,user815@example.com,555-275-5250,West
ORD-103577,CUST-864,2026-04-09 23:53:29.146027,2026-04-11 17:53:29.146027,Sports,6,366.09,0.108,user469@example.com,555-334-3557,West
ORD-101139,CUST-339,2026-04-29 23:53:29.146027,2026-05-01 21:53:29.146027,Groceries,8,239.88,0.167,user919@example.com,555-369-3351,South
ORD-100505,CUST-383,2026-03-06 23:53:29.146027,2026-03-08 07:53:29.146027,Electronics,3,113.56,0.05,user133@example.com,555-393-4821,South
ORD-101560,CUST-667,2026-04-29 23:53:29.146027,2026-04-30 02:53:29.146027,Apparel,8,340.38,0.144,user835@example.com,555-485-9426,West
ORD-104767,CUST-86,2026-04-12 23:53:29.146027,2026-04-13 17:53:29.146027,Apparel,1,182.06,0.192,user346@example.com,555-133-2704,East
ORD-104824,CUST-704,2026-04-16 23:53:29.146027,2026-04-18 17:53:29.146027,Sports,9,63.99,0.146,user273@example.com,555-634-5582,West
ORD-104905,CUST-526,2026-06-09 23:53:29.146027,2026-06-11 11:53:29.146027,Electronics,4,38.21,0.198,user79@example.com,555-484-5489,West
ORD-103624,CUST-1100,2026-08-04 23:53:29.146027,2026-08-06 19:53:29.146027,Apparel,2,65.87,0.238,user704@example.com,555-340-8138,South
ORD-103530,CUST-467,2026-02-28 23:53:29.146027,2026-03-01 11:53:29.146027,Toys,7,404.39,0.156,user807@example.com,555-269-2339,South
ORD-103730,CUST-499,2026-01-23 23:53:29.146027,2026-01-25 18:53:29.146027,Toys,9,131.24,0.031,user16@example.com,555-528-9782,East
ORD-101120,CUST-879,2026-09-22 23:53:29.146027,2026-09-23 13:53:29.146027,Toys,8,67.66,0.162,user447@example.com,555-341-9434,West
ORD-101112,CUST-76,2026-08-29 23:53:29.146027,2026-08-30 13:53:29.146027,Home & Garden,N/A,137.39,0.065,user598@example.com,555-387-3333,East
ORD-100586,CUST-382,2026-05-08 23:53:29.146027,2026-05-09 16:53:29.146027,Electronics,6,301.71,0.244,user308@example.com,555-108-9500,North
ORD-100601,CUST-76,2026-06-29 23:53:29.146027,2026-07-01 19:53:29.146027,Sports,9,18.62,0.094,user465@example.com,555-562-8719,North
ORD-100611,CUST-1013,2026-05-07 23:53:29.146027,2026-05-09 03:53:29.146027,Toys,3,109.8,0.214,user990@example.com,555-829-2655,West
ORD-103186,CUST-357,2026-03-22 23:53:29.146027,2026-03-23 05:53:29.146027,Groceries,9,180.85,0.122,user1185@example.com,555-262-4821,South
ORD-102473,CUST-1104,2026-09-04 23:53:29.146027,2026-09-06 08:53:29.146027,Sports,1,411.93,0.103,user63@example.com,555-925-2413,South
ORD-102696,CUST-741,2026-03-20 23:53:29.146027,2026-03-21 12:53:29.146027,Toys,5,429.74,0.103,user977@example.com,555-687-9218,East
ORD-101089,CUST-657,2026-07-28 23:53:29.146027,2026-07-30 09:53:29.146027,Groceries,6,76.11,0.088,,555-851-8920,South
ORD-102737,CUST-429,2026-05-03 23:53:29.146027,2026-05-05 01:53:29.146027,Home & Garden,2,443.77,0.011,,555-775-7046,East
ORD-101535,CUST-1048,2026-04-26 23:53:29.146027,2026-04-27 17:53:29.146027,Electronics,1,458.15,0.234,user506@example.com,555-526-8667,North
ORD-101408,CUST-952,2026-09-25 23:53:29.146027,2026-09-26 16:53:29.146027,Toys,8,317.0,0.279,user644@example.com,555-108-8008,South
ORD-102613,CUST-6,2026-01-23 23:53:29.146027,2026-01-24 13:53:29.146027,Toys,4,232.84,0.108,user4@example.com,555-149-6044,South
ORD-100348,CUST-57,2026-07-24 23:53:29.146027,2026-07-25 21:53:29.146027,Home & Garden,7,60.46,0.036,,555-625-1439,West
ORD-100885,CUST-951,2026-02-28 23:53:29.146027,2026-02-28 23:53:29.146027,Sports,N/A,478.22,0.268,user821@example.com,555-548-6267,North
ORD-104997,CUST-887,2026-06-27 23:53:29.146027,2026-06-28 17:53:29.146027,Home & Garden,7,397.09,0.279,user195@example.com,555-776-5051,North
ORD-104598,CUST-203,2026-02-02 23:53:29.146027,2026-02-03 18:53:29.146027,Home & Garden,4,330.25,0.017,user152@example.com,555-112-7440,South
ORD-100782,CUST-1174,2026-03-27 23:53:29.146027,2026-03-28 00:53:29.146027,Sports,4,28.11,0.046,,555-536-6907,East
ORD-104730,CUST-1072,2026-02-18 23:53:29.146027,2026-02-19 13:53:29.146027,Toys,8,15.37,0.145,user100@example.com,555-569-6726,West
ORD-104101,CUST-953,2026-08-07 23:53:29.146027,2026-08-08 17:53:29.146027,Apparel,6,114.61,0.163,user528@example.com,555-790-4163,South
ORD-100629,CUST-913,2026-04-19 23:53:29.146027,2026-04-20 03:53:29.146027,Electronics,8,437.45,0.285,user905@example.com,555-554-9322,North
ORD-104184,CUST-49,2026-08-01 23:53:29.146027,2026-08-03 12:53:29.146027,Sports,6,494.54,0.025,user41@example.com,555-623-4787,West
ORD-104689,CUST-258,2026-07-14 23:53:29.146027,2026-07-15 22:53:29.146027,Electronics,9,371.55,0.084,user163@example.com,555-992-4004,South
ORD-102548,CUST-515,2026-06-29 23:53:29.146027,2026-07-01 20:53:29.146027,Sports,6,208.24,0.231,user642@example.com,555-346-2762,South
ORD-103828,CUST-928,2026-04-04 23:53:29.146027,2026-04-06 20:53:29.146027,Groceries,1,194.71,0.232,user707@example.com,555-393-1915,North
ORD-102457,CUST-1138,2026-10-03 23:53:29.146027,2026-10-04 19:53:29.146027,Electronics,3,336.24,0.263,user580@example.com,555-760-5360,East
ORD-100408,CUST-693,2026-07-31 23:53:29.146027,2026-08-01 05:53:29.146027,Electronics,2,415.01,0.066,user896@example.com,555-334-2796,South
ORD-103391,CUST-110,2026-01-19 23:53:29.146027,2026-01-19 23:53:29.146027,Toys,9,302.92,0.287,user730@example.com,555-758-6003,North
ORD-100164,CUST-1151,2026-03-14 23:53:29.146027,2026-03-16 10:53:29.146027,Toys,6,316.72,0.095,user179@example.com,555-424-9790,North
ORD-103265,CUST-1050,2026-07-03 23:53:29.146027,2026-07-04 20:53:29.146027,Sports,6,4.36,0.106,,555-924-7331,East
ORD-104971,CUST-484,2026-06-29 23:53:29.146027,2026-06-30 22:53:29.146027,Apparel,2,405.51,0.065,,555-257-4358,East
ORD-102336,CUST-1043,2026-02-03 23:53:29.146027,2026-02-04 06:53:29.146027,Electronics,5,115.44,0.074,user7@example.com,555-463-7293,West
ORD-102038,CUST-323,2026-07-12 23:53:29.146027,2026-07-13 05:53:29.146027,Home & Garden,4,304.71,0.298,user12@example.com,555-954-2681,South
ORD-101969,CUST-730,2026-08-12 23:53:29.146027,2026-08-14 11:53:29.146027, Electronics ,3,103.15,0.129,user473@example.com,555-548-9389,East
ORD-103508,CUST-27,2026-09-21 23:53:29.146027,2026-09-23 10:53:29.146027,Toys,6,321.84,0.062,user975@example.com,555-409-2378,East
ORD-103570,CUST-483,2026-02-04 23:53:29.146027,2026-02-05 17:53:29.146027,Toys,2,72.69,0.057,user378@example.com,555-572-2852,South
ORD-101649,CUST-730,2026-07-07 23:53:29.146027,2026-07-08 16:53:29.146027,Groceries,2,49.32,0.152,user803@example.com,555-726-2412,
ORD-103977,CUST-251,2026-03-17 23:53:29.146027,2026-03-19 15:53:29.146027,Apparel,5,7.43,0.079,user240@example.com,555-326-8925,West
ORD-102426,CUST-1170,2026-07-16 23:53:29.146027,2026-07-18 20:53:29.146027,Groceries,2,399.96,0.149,user831@example.com,555-267-7244,North
ORD-101087,CUST-206,2026-08-02 23:53:29.146027,2026-08-04 15:53:29.146027,Groceries,3,495.35,0.13,user860@example.com,555-726-3299,East
ORD-104946,CUST-790,2026-04-01 23:53:29.146027,2026-04-03 07:53:29.146027,Sports,4,169.2,0.17,user740@example.com,555-344-9882,East
ORD-104238,CUST-38,2026-03-09 23:53:29.146027,2026-03-10 05:53:29.146027,Toys,N/A,119.83,0.035,user919@example.com,555-287-9538,North
ORD-103139,CUST-1094,2026-03-19 23:53:29.146027,2026-03-21 01:53:29.146027,Apparel,5,101.53,0.201,user671@example.com,555-556-2216,North
ORD-103995,CUST-1013,2026-08-25 23:53:29.146027,2026-08-26 21:53:29.146027,Apparel,2,432.09,0.114,user739@example.com,555-383-5417,West
ORD-104109,CUST-1171,2026-07-24 23:53:29.146027,2026-07-25 15:53:29.146027,Home & Garden,6,261.89,0.014,user1157@example.com,555-146-8135,North
ORD-101754,CUST-157,2026-09-04 23:53:29.146027,2026-09-06 03:53:29.146027,Sports,9,468.75,0.13,user876@example.com,555-407-2174,East
ORD-100294,CUST-390,2026-03-14 23:53:29.146027,2026-03-16 08:53:29.146027,Groceries,2,219.82,0.263,user115@example.com,555-539-4888,East
ORD-104098,CUST-1040,2026-06-16 23:53:29.146027,2026-06-18 12:53:29.146027,Home & Garden,7,127.79,0.018,user866@example.com,555-863-1133,West
ORD-100965,CUST-667,2026-05-03 23:53:29.146027,2026-05-04 09:53:29.146027,Apparel,4,109.38,0.221,user507@example.com,555-417-3987,East
ORD-101822,CUST-506,2026-08-12 23:53:29.146027,2026-08-13 07:53:29.146027,Groceries,2,47.54,0.208,user873@example.com,555-101-6248,South
ORD-101909,CUST-1148,2026-07-14 23:53:29.146027,2026-07-15 16:53:29.146027,Home & Garden,2,293.32,0.242,user719@example.com,555-902-5681,West
ORD-102914,CUST-822,2026-06-05 23:53:29.146027,2026-06-07 19:53:29.146027,Sports,3,113.83,0.147,user532@example.com,555-180-2431,South
ORD-102860,CUST-1115,2026-01-16 23:53:29.146027,2026-01-18 11:53:29.146027,Electronics,1,366.93,0.212,user1025@example.com,555-904-5254,North
ORD-103799,CUST-1178,2026-05-21 23:53:29.146027,2026-05-23 13:53:29.146027,Sports,7,288.72,0.298,user715@example.com,555-213-4756,South
ORD-102363,CUST-1128,2026-03-14 23:53:29.146027,2026-03-15 15:53:29.146027,Electronics,3,0.0,0.056,user527@example.com,555-480-2473,West
ORD-100528,CUST-1057,2026-08-23 23:53:29.146027,2026-08-24 17:53:29.146027,Apparel,-7,199.74,0.184,user886@example.com,555-784-9162,West
ORD-103202,CUST-903,2026-06-22 23:53:29.146027,2026-06-23 01:53:29.146027, Sports ,4,107.31,0.095,user357@example.com,555-902-8629,North
ORD-103225,CUST-44,2026-04-18 23:53:29.146027,2026-04-19 20:53:29.146027,Electronics,8,474.85,0.171,user1072@example.com,555-327-2786,North
ORD-101968,CUST-70,2026-03-20 23:53:29.146027,2026-03-22 13:53:29.146027,Groceries,3,186.3,0.275,user742@example.com,555-499-6943,North
ORD-102237,CUST-366,2026-09-29 23:53:29.146027,2026-09-30 17:53:29.146027,Toys,3,208.21,0.152,user29@example.com,555-429-2068,East
ORD-100027,CUST-884,2026-05-07 23:53:29.146027,2026-05-09 03:53:29.146027,Apparel,7,493.08,0.159,user91@example.com,555-316-6168,South
ORD-104118,CUST-345,2026-01-12 23:53:29.146027,2026-01-14 07:53:29.146027,Groceries,8,186.27,0.092,user1009@example.com,555-285-4782,South
ORD-101673,CUST-17,2026-07-14 23:53:29.146027,2026-07-16 05:53:29.146027,Sports,4,153.64,0.167,user164@example.com,555-815-3899,West
ORD-100274,CUST-201,2026-02-18 23:53:29.146027,2026-02-19 17:53:29.146027,Apparel,5,407.64,0.109,user720@example.com,555-881-6731,North
ORD-101072,CUST-1134,2026-02-19 23:53:29.146027,2026-02-21 09:53:29.146027,Apparel,4,449.53,0.248,user341@example.com,555-687-4065,North
ORD-101074,CUST-16,2026-01-19 23:53:29.146027,2026-01-21 17:53:29.146027,Electronics,9,372.0,0.257,user230@example.com,555-615-4678,East
ORD-103944,CUST-618,2026-04-22 23:53:29.146027,2026-04-23 14:53:29.146027,Home & Garden,6,242.76,0.041,user700@example.com,555-275-1207,West
ORD-104131,CUST-817,2026-05-22 23:53:29.146027,2026-05-24 21:53:29.146027,Home & Garden,9,487.45,0.032,user1033@example.com,555-186-5056,North
ORD-103717,CUST-772,2026-10-01 23:53:29.146027,2026-10-03 12:53:29.146027,Groceries,1,31.47,0.061,user662@example.com,555-716-1410,South
ORD-104486,CUST-420,2026-04-27 23:53:29.146027,2026-04-29 22:53:29.146027,Apparel,8,322.51,0.178,user473@example.com,555-204-9343,South
ORD-104511,CUST-77,2026-09-29 23:53:29.146027,2026-09-30 05:53:29.146027,Electronics,2,464.98,0.003,user482@example.com,555-439-4850,East
ORD-102302,CUST-928,2026-05-22 23:53:29.146027,2026-05-24 18:53:29.146027,Electronics,4,454.21,0.076,user939@example.com,555-475-4192,South
ORD-103382,CUST-1191,2026-09-04 23:53:29.146027,2026-09-06 06:53:29.146027,Toys,8,367.14,0.212,user689@example.com,555-217-7187,East
ORD-104404,CUST-1010,2026-07-22 23:53:29.146027,2026-07-23 00:53:29.146027,Sports,1,194.73,0.028,user23@example.com,555-187-9033,North
ORD-101290,CUST-463,2026-05-19 23:53:29.146027,2026-05-20 11:53:29.146027,Apparel,8,109.59,0.021,user102@example.com,555-181-4296,South
ORD-103704,CUST-374,2026-08-05 23:53:29.146027,2026-08-06 17:53:29.146027,Sports,2,319.72,0.248,user94@example.com,555-250-7409,South
ORD-100585,CUST-142,2026-08-10 23:53:29.146027,2026-08-12 04:53:29.146027,Apparel,7,210.36,0.074,user503@example.com,555-725-8814,South
ORD-100837,CUST-561,2026-07-06 23:53:29.146027,2026-07-07 08:53:29.146027,Groceries,5,179.42,0.223,user392@example.com,555-601-8015,North
ORD-100710,CUST-368,2026-02-21 23:53:29.146027,2026-02-23 16:53:29.146027,Groceries,7,149.17,0.205,user685@example.com,555-565-2599,North
ORD-104401,CUST-1171,2026-06-10 23:53:29.146027,2026-06-11 14:53:29.146027,Home & Garden,4,310.9,0.202,user644@example.com,555-417-7654,East
ORD-102615,CUST-1004,2026-08-08 23:53:29.146027,2026-08-09 16:53:29.146027,Groceries,3,456.72,0.223,user1107@example.com,555-672-6802,South
ORD-101250,CUST-264,2026-05-01 23:53:29.146027,2026-05-03 01:53:29.146027,Toys,3,365.5,0.281,user328@example.com,555-904-1702,South
ORD-104817,CUST-372,2026-08-29 23:53:29.146027,2026-08-30 07:53:29.146027,Electronics,8,138.28,0.077,user644@example.com,555-293-5259,North
ORD-102965,CUST-461,2026-03-11 23:53:29.146027,2026-03-12 16:53:29.146027,Groceries,8,372.02,0.082,user1005@example.com,555-663-8138,East
ORD-101437,CUST-884,2026-07-11 23:53:29.146027,2026-07-12 06:53:29.146027,Sports,6,139.24,0.012,user423@example.com,555-769-9848,North
ORD-103916,CUST-448,2026-08-22 23:53:29.146027,2026-08-24 16:53:29.146027,Toys,2,398.09,0.079,user291@example.com,555-948-6891,East
ORD-101553,CUST-99,2026-05-05 23:53:29.146027,2026-05-05 23:53:29.146027,Sports,4,157.91,0.084,user480@example.com,555-929-8902,North
ORD-100816,CUST-217,2026-02-03 23:53:29.146027,2026-02-04 05:53:29.146027,Apparel,8,347.79,0.176,user113@example.com,555-723-7716,West
ORD-101243,CUST-446,2026-03-20 23:53:29.146027,2026-03-21 01:53:29.146027,Electronics,9,272.74,0.238,user1168@example.com,555-845-9223,South
ORD-104059,CUST-466,2026-03-18 23:53:29.146027,2026-03-20 17:53:29.146027,Sports,1,44.77,0.042,user230@example.com,555-882-8143,South
ORD-100957,CUST-187,2026-04-30 23:53:29.146027,2026-05-01 07:53:29.146027,Groceries,1,191.63,0.226,user899@example.com,555-346-9563,South
ORD-100302,CUST-192,2026-08-07 23:53:29.146027,2026-08-09 02:53:29.146027,Electronics,6,269.43,0.159,user824@example.com,555-731-9363,South
ORD-102619,CUST-1029,2026-07-05 23:53:29.146027,2026-07-06 07:53:29.146027,Apparel,9,475.8,0.168,user282@example.com,555-106-1665,North
ORD-104760,CUST-1148,2026-07-11 23:53:29.146027,2026-07-13 11:53:29.146027,Home & Garden,5,218.49,0.25,user124@example.com,555-282-2891,South
ORD-104115,CUST-442,2026-08-27 23:53:29.146027,2026-08-28 17:53:29.146027,Home & Garden,4,131.69,0.217,user1069@example.com,555-637-6823,South
ORD-102678,CUST-748,2026-02-06 23:53:29.146027,2026-02-08 21:53:29.146027,Groceries,9,412.81,0.238,user1037@example.com,555-780-5337,South
ORD-103559,CUST-933,2026-08-29 23:53:29.146027,2026-08-30 17:53:29.146027,Toys,8,18.53,0.158,user891@example.com,555-463-9279,North
ORD-102485,CUST-588,2026-05-21 23:53:29.146027,2026-05-22 03:53:29.146027,Toys,6,25.24,0.209,user840@example.com,555-325-2135,West
ORD-104990,CUST-1195,2026-01-11 23:53:29.146027,2026-01-12 14:53:29.146027,Groceries,7,211.47,0.0,user269@example.com,555-936-1595,East
ORD-104232,CUST-277,2026-04-13 23:53:29.146027,2026-04-14 08:53:29.146027,Toys,8,225.17,0.146,user637@example.com,555-676-7593,East
ORD-101063,CUST-223,2026-01-25 23:53:29.146027,2026-01-27 08:53:29.146027,Sports,1,25.47,0.271,user492@example.com,555-947-5157,East
ORD-100872,CUST-165,2026-09-10 23:53:29.146027,2026-09-12 17:53:29.146027,Home & Garden,6,77.02,0.26,user590@example.com,555-213-7025,North
ORD-104978,CUST-1063,2026-08-22 23:53:29.146027,2026-08-23 10:53:29.146027,Sports,1,327.17,0.271,user310@example.com,555-815-9663,West
ORD-102819,CUST-615,2026-07-22 23:53:29.146027,2026-07-24 17:53:29.146027,Groceries,8,128.99,0.291,user596@example.com,555-423-6294,South
ORD-104119,CUST-1120,2026-05-02 23:53:29.146027,2026-05-04 15:53:29.146027,Apparel,5,93.36,0.075,user226@example.com,555-301-3678,East
ORD-100952,CUST-364,2026-07-30 23:53:29.146027,2026-08-01 07:53:29.146027,Groceries,6,147.18,0.01,user1038@example.com,555-140-6928,East
ORD-100159,CUST-617,2026-02-15 23:53:29.146027,2026-02-16 23:53:29.146027,Groceries,5,53.74,0.289,user192@example.com,555-126-5142,South
ORD-100906,CUST-534,2026-04-16 23:53:29.146027,2026-04-18 16:53:29.146027,Groceries,4,487.05,0.072,user572@example.com,555-316-3996,West
ORD-100923,CUST-468,2026-07-29 23:53:29.146027,2026-07-30 16:53:29.146027,Sports,9,465.91,0.206,user893@example.com,555-887-4268,North
ORD-102770,CUST-1199,2026-09-26 23:53:29.146027,2026-09-27 11:53:29.146027,Toys,5,453.93,0.188,user335@example.com,555-368-1953,East
ORD-100059,CUST-124,2026-05-25 23:53:29.146027,2026-05-27 09:53:29.146027,Apparel,5,40.7,0.274,user515@example.com,555-948-7057,West
ORD-102922,CUST-813,2026-09-08 23:53:29.146027,2026-09-10 02:53:29.146027,Groceries,6,91.19,0.097,user350@example.com,555-559-6790,North
ORD-104687,CUST-283,2026-04-09 23:53:29.146027,2026-04-11 16:53:29.146027,Toys,7,33.87,0.117,user875@example.com,555-482-2261,North
ORD-104841,CUST-847,2026-04-16 23:53:29.146027,2026-04-18 12:53:29.146027,Groceries,2,210.93,0.163,user209@example.com,555-416-3654,South
ORD-101975,CUST-1012,2026-04-11 23:53:29.146027,2026-04-13 00:53:29.146027,Sports,8,285.86,0.023,user1187@example.com,555-254-9891,East
ORD-100023,CUST-680,2026-03-23 23:53:29.146027,2026-03-25 04:53:29.146027,Sports,2,430.65,0.153,user313@example.com,555-640-7845,West
ORD-104113,CUST-271,2026-04-01 23:53:29.146027,2026-04-03 08:53:29.146027,Toys,5,473.31,0.166,user133@example.com,555-755-2263,West
ORD-102625,CUST-766,2026-01-29 23:53:29.146027,2026-01-31 16:53:29.146027,Home & Garden,2,396.68,0.198,user1105@example.com,555-164-2507,East
ORD-100683,CUST-415,2026-04-01 23:53:29.146027,2026-04-03 09:53:29.146027,Home & Garden,7,434.31,0.245,user559@example.com,555-624-8066,West
ORD-103735,CUST-554,2026-08-18 23:53:29.146027,2026-08-19 11:53:29.146027,HOME & GARDEN,8,470.92,0.163,user976@example.com,555-241-5938,North
ORD-103063,CUST-877,2026-06-28 23:53:29.146027,2026-06-30 01:53:29.146027,Home & Garden,9,166.32,0.012,user218@example.com,555-439-2142,East
ORD-102394,CUST-644,2026-02-10 23:53:29.146027,2026-02-11 13:53:29.146027,Toys,8,53.54,0.025,user1128@example.com,555-231-4192,West
ORD-104389,CUST-306,2026-09-07 23:53:29.146027,2026-09-08 19:53:29.146027,Toys,7,471.58,0.021,user484@example.com,555-418-4190,North
ORD-103715,CUST-97,2026-02-05 23:53:29.146027,2026-02-07 22:53:29.146027,Sports,9,411.52,0.126,,555-139-4553,North
ORD-103603,CUST-670,2026-06-05 23:53:29.146027,2026-06-06 07:53:29.146027,Toys,6,453.73,0.261,user416@example.com,555-702-6390,West
ORD-102140,CUST-153,2026-10-02 23:53:29.146027,2026-10-03 05:53:29.146027,Electronics,4,13.29,0.208,user145@example.com,555-637-5088,
ORD-102056,CUST-551,2026-06-23 23:53:29.146027,2026-06-25 00:53:29.146027,Toys,6,419.34,0.177,user202@example.com,555-348-2358,East
ORD-102702,CUST-375,2026-06-27 23:53:29.146027,2026-06-28 18:53:29.146027,Electronics,2,85.93,0.103,user450@example.com,555-374-5128,South
ORD-100228,CUST-41,2026-03-31 23:53:29.146027,2026-04-01 04:53:29.146027,Home & Garden,9,229.16,0.261,user1124@example.com,555-649-1244,North
ORD-100489,CUST-864,2026-02-03 23:53:29.146027,2026-02-04 06:53:29.146027,Apparel,9,333.66,0.075,user526@example.com,555-175-6532,East
ORD-101237,CUST-484,2026-08-10 23:53:29.146027,2026-08-11 03:53:29.146027,Groceries,5,90.35,0.265,user398@example.com,555-867-7406,West
ORD-103713,CUST-178,2026-05-31 23:53:29.146027,2026-06-02 18:53:29.146027,Toys,4,238.22,0.218,user757@example.com,555-406-5767,West
ORD-100829,CUST-80,2026-04-29 23:53:29.146027,2026-04-30 01:53:29.146027,Apparel,2,239.4,0.149,user491@example.com,555-608-5685,North
ORD-104376,CUST-585,2026-01-16 23:53:29.146027,2026-01-17 05:53:29.146027,Toys,8,12.88,0.245,user880@example.com,555-449-7049,South
ORD-100385,CUST-900,2026-01-17 23:53:29.146027,2026-01-18 04:53:29.146027,Sports,5,96.54,0.103,user1082@example.com,555-110-8703,South
ORD-104408,CUST-974,2026-02-16 23:53:29.146027,2026-02-18 13:53:29.146027,Electronics,2,326.51,0.231,user322@example.com,555-913-8085,South
ORD-102497,CUST-419,2026-01-19 23:53:29.146027,2026-01-21 09:53:29.146027,Electronics,2,287.96,0.007,user484@example.com,555-728-1524,South
ORD-102283,CUST-989,2026-07-31 23:53:29.146027,2026-08-02 05:53:29.146027,SPORTS,9,407.7,0.153,user962@example.com,555-146-5410,South
ORD-100015,CUST-119,2026-08-16 23:53:29.146027,2026-08-17 07:53:29.146027,Electronics,4,349.77,0.161,user576@example.com,555-859-4521,West
ORD-102755,CUST-868,2026-08-30 23:53:29.146027,2026-08-31 21:53:29.146027,Apparel,-9,123.71,0.088,user902@example.com,555-911-5352,West
ORD-103162,CUST-861,2026-03-06 23:53:29.146027,2026-03-08 04:53:29.146027,Sports,9,157.85,0.03,user607@example.com,555-516-7543,South
ORD-104925,CUST-216,2026-07-31 23:53:29.146027,2026-08-02 13:53:29.146027,Electronics,-7,386.23,0.0,user77@example.com,555-459-1219,West
ORD-101388,CUST-69,2026-02-24 23:53:29.146027,2026-02-26 05:53:29.146027,Toys,7,273.84,0.005,user205@example.com,555-132-6792,South
ORD-104563,CUST-62,2026-01-09 23:53:29.146027,2026-01-11 17:53:29.146027,Sports,6,341.0,0.114,user1100@example.com,555-638-4631,West
ORD-101588,CUST-441,2026-08-29 23:53:29.146027,2026-08-30 16:53:29.146027,Groceries,5,467.23,0.214,user119@example.com,555-922-5820,North
ORD-103018,CUST-1095,2026-08-29 23:53:29.146027,2026-08-30 01:53:29.146027,Sports,4,360.29,0.108,user154@example.com,555-336-5990,West
ORD-103348,CUST-936,2026-03-18 23:53:29.146027,2026-03-19 16:53:29.146027,Home & Garden,5,341.81,0.209,user276@example.com,555-723-4759,East
ORD-104863,CUST-646,2026-08-05 23:53:29.146027,2026-08-07 21:53:29.146027,Electronics,5,54.89,0.278,user617@example.com,555-625-2973,West
ORD-101751,CUST-373,2026-03-03 23:53:29.146027,2026-03-05 15:53:29.146027,Groceries,5,77.59,0.03,user404@example.com,555-641-3184,West
ORD-103274,CUST-344,2026-02-10 23:53:29.146027,2026-02-12 08:53:29.146027,Groceries,5,423.94,0.248,user127@example.com,555-516-4700,South
ORD-101150,CUST-415,2026-04-06 23:53:29.146027,2026-04-07 09:53:29.146027,Electronics,4,496.41,0.065,user319@example.com,555-525-2278,South
ORD-103426,CUST-350,2026-07-19 23:53:29.146027,2026-07-21 06:53:29.146027,Groceries,2,173.41,0.289,user163@example.com,555-816-8094,South
ORD-101304,CUST-382,2026-09-08 23:53:29.146027,2026-09-09 10:53:29.146027,Electronics,4,125.47,0.127,user483@example.com,555-889-6394,South
ORD-101231,CUST-1088,2026-08-07 23:53:29.146027,2026-08-08 12:53:29.146027,Electronics,9,341.78,0.154,user927@example.com,555-509-7719,East
ORD-102744,CUST-99,2026-09-29 23:53:29.146027,2026-09-30 21:53:29.146027,Groceries,4,285.0,0.185,user564@example.com,555-422-9082,East
ORD-101792,CUST-753,2026-05-27 23:53:29.146027,2026-05-29 21:53:29.146027,SPORTS,6,313.98,0.065,user617@example.com,555-963-2722,West
ORD-104692,CUST-1050,2026-03-28 23:53:29.146027,2026-03-29 00:53:29.146027,Sports,3,55.79,0.031,user622@example.com,555-103-9091,North
ORD-103555,CUST-980,2026-04-10 23:53:29.146027,2026-04-11 12:53:29.146027,Electronics,7,198.31,0.035,user266@example.com,555-431-2134,West
ORD-101269,CUST-457,2026-08-01 23:53:29.146027,2026-08-03 02:53:29.146027,Sports,6,318.89,0.021,user1005@example.com,555-535-7922,East
ORD-103160,CUST-1170,2026-03-13 23:53:29.146027,2026-03-15 12:53:29.146027,Groceries,1,494.13,0.082,user14@example.com,555-566-6763,North
ORD-103488,CUST-141,2030-01-01 00:00:00,2026-08-28 10:53:29.146027,Electronics,7,10.91,0.291,user443@example.com,555-614-2413,South
ORD-100963,CUST-1128,2026-03-27 23:53:29.146027,2026-03-28 14:53:29.146027,Sports,9,248.27,0.197,user599@example.com,555-564-3427,South
ORD-103154,CUST-86,2026-07-20 23:53:29.146027,2026-07-21 19:53:29.146027,Groceries,5,217.75,0.28,user286@example.com,555-757-6069,North
ORD-100497,CUST-1155,2026-08-19 23:53:29.146027,2026-08-20 01:53:29.146027,Toys,4,88.52,0.111,user200@example.com,555-941-2581,North
ORD-100352,CUST-516,2026-01-07 23:53:29.146027,2026-01-09 00:53:29.146027,Toys,4,253.04,0.07,user770@example.com,555-258-2707,North
ORD-101838,CUST-241,2026-09-12 23:53:29.146027,2026-09-14 08:53:29.146027,Groceries,-8,311.44,0.299,user154@example.com,555-985-1286,North
ORD-104049,CUST-825,2026-06-19 23:53:29.146027,2026-06-21 17:53:29.146027,Home & Garden,7,90.59,0.268,user116@example.com,555-495-5482,North
ORD-102490,CUST-776,2026-02-05 23:53:29.146027,2026-02-06 21:53:29.146027,Home & Garden,6,185.69,0.1,,555-412-1132,West
ORD-100001,CUST-656,2026-06-24 23:53:29.146027,2026-06-26 04:53:29.146027,Home & Garden,5,132.41,0.063,user1098@example.com,555-174-7844,West
ORD-104706,CUST-473,2026-05-26 23:53:29.146027,2026-05-27 12:53:29.146027,Sports,8,79.7,0.11,user644@example.com,555-555-3101,West
ORD-100285,CUST-963,2026-05-02 23:53:29.146027,2026-05-02 23:53:29.146027,Apparel,3,423.98,0.212,user749@example.com,555-210-8870,North
ORD-104883,CUST-1095,2026-02-08 23:53:29.146027,2026-02-10 18:53:29.146027,Apparel,7,314.44,0.209,user148@example.com,555-748-3914,West
ORD-101646,CUST-641,2026-01-18 23:53:29.146027,2026-01-19 12:53:29.146027,Sports,6,40.84,0.124,user779@example.com,555-247-3510,East
ORD-100783,CUST-483,2026-08-24 23:53:29.146027,2026-08-26 12:53:29.146027,Groceries,7,369.96,0.149,user184@example.com,555-916-3998,East
ORD-102908,CUST-909,2026-05-22 23:53:29.146027,2026-05-23 15:53:29.146027,Home & Garden,8,169.49,0.292,user460@example.com,555-787-6048,West
ORD-104104,CUST-1019,2026-06-12 23:53:29.146027,2026-06-14 15:53:29.146027,Sports,5,276.07,0.19,user784@example.com,555-590-6324,West
ORD-104779,CUST-1131,2026-10-03 23:53:29.146027,2026-10-05 18:53:29.146027,Toys,8,42.07,0.189,user576@example.com,555-440-1292,North
ORD-102396,CUST-954,2026-01-08 23:53:29.146027,2026-01-09 12:53:29.146027,Toys,1,105.7,0.136,user260@example.com,555-977-7293,North
ORD-100068,CUST-994,2026-09-25 23:53:29.146027,2026-09-26 18:53:29.146027,Apparel,6,149.08,0.241,user648@example.com,555-211-6030,East
ORD-100403,CUST-813,2026-07-03 23:53:29.146027,2026-07-05 09:53:29.146027,Apparel,1,489.25,0.262,user1016@example.com,555-670-1420,West
ORD-103434,CUST-1006,2026-01-20 23:53:29.146027,2026-01-21 15:53:29.146027,Sports,6,11.72,0.071,user819@example.com,555-474-1657,South
ORD-102802,CUST-1028,2026-07-14 23:53:29.146027,2026-07-15 04:53:29.146027,Sports,3,429.13,0.038,user1025@example.com,555-481-2357,South
ORD-100797,CUST-737,2026-09-12 23:53:29.146027,2026-09-13 01:53:29.146027,Groceries,6,359.86,0.105,user30@example.com,555-971-1978,West
ORD-103098,CUST-495,2026-02-28 23:53:29.146027,2026-03-01 00:53:29.146027,Electronics,9,440.26,0.123,user417@example.com,555-458-7578,West
ORD-103244,CUST-167,2026-08-23 23:53:29.146027,2026-08-25 12:53:29.146027,Apparel,2,298.24,0.164,user948@example.com,555-976-1318,East
ORD-104550,CUST-274,2026-04-26 23:53:29.146027,2026-04-27 06:53:29.146027,Electronics,4,254.31,0.161,user562@example.com,555-808-1545,East
ORD-102023,CUST-859,2026-02-14 23:53:29.146027,2026-02-15 10:53:29.146027,Toys,3,248.8,0.102,user761@example.com,555-256-6130,North
ORD-100177,CUST-200,2026-04-27 23:53:29.146027,2026-04-29 01:53:29.146027,Home & Garden,9,420.17,0.165,user989@example.com,555-403-3952,East
ORD-100953,CUST-219,2026-07-08 23:53:29.146027,2026-07-09 03:53:29.146027,Electronics,2,81.09,0.135,user277@example.com,555-350-1162,South
ORD-103428,CUST-909,2026-02-24 23:53:29.146027,2026-02-25 17:53:29.146027,Toys,8,312.58,0.224,user569@example.com,555-162-2963,West
ORD-102139,CUST-789,2026-07-20 23:53:29.146027,2026-07-22 19:53:29.146027,Electronics,5,226.41,0.034,user42@example.com,555-276-9815,North
ORD-101200,CUST-1166,2026-07-21 23:53:29.146027,2026-07-22 09:53:29.146027,Apparel,6,213.59,0.219,user214@example.com,555-798-9844,North
ORD-104387,CUST-668,2026-08-28 23:53:29.146027,2026-08-29 06:53:29.146027,Apparel,1,446.21,0.226,user283@example.com,555-326-4695,East
ORD-102915,CUST-779,2026-05-31 23:53:29.146027,2026-06-02 03:53:29.146027,Electronics,2,444.57,0.175,,555-992-6764,East
ORD-104012,CUST-894,2026-05-04 23:53:29.146027,2026-05-05 15:53:29.146027,Home & Garden,9,210.82,0.052,user631@example.com,555-545-1760,East
ORD-102300,CUST-1040,2026-05-01 23:53:29.146027,2026-05-02 03:53:29.146027,Apparel,4,215.58,0.054,user586@example.com,555-471-9334,East
ORD-101756,CUST-771,2026-06-16 23:53:29.146027,2026-06-18 22:53:29.146027,GROCERIES,3,286.6,0.201,user285@example.com,555-813-2960,West
ORD-103486,CUST-791,2026-03-21 23:53:29.146027,2026-03-23 09:53:29.146027,Groceries,4,57.98,0.051,user433@example.com,555-129-9000,West
ORD-102606,CUST-1156,2026-04-21 23:53:29.146027,2026-04-23 07:53:29.146027,Home & Garden,9,236.49,0.298,user74@example.com,555-967-5667,North
ORD-101577,CUST-917,2026-02-01 23:53:29.146027,2026-02-02 18:53:29.146027,Groceries,5,172.04,0.118,user247@example.com,555-840-3952,West
ORD-102719,CUST-469,2026-02-07 23:53:29.146027,2026-02-09 06:53:29.146027,Home & Garden,6,72.42,0.272,user740@example.com,555-300-4730,West
ORD-102241,CUST-860,2026-08-02 23:53:29.146027,2026-08-04 22:53:29.146027,Home & Garden,8,125.55,0.296,user917@example.com,555-173-9545,West
ORD-101928,CUST-132,2030-01-01 00:00:00,2026-07-24 10:53:29.146027,Home & Garden,6,260.0,0.274,user999@example.com,555-795-9732,South
ORD-102774,CUST-137,2026-08-14 23:53:29.146027,2026-08-16 20:53:29.146027,Groceries,8,255.13,0.123,user597@example.com,555-374-7851,East
ORD-101507,CUST-244,2026-02-20 23:53:29.146027,2026-02-21 21:53:29.146027,Toys,4,39.32,0.149,user952@example.com,555-969-7097,North
ORD-101497,CUST-1104,2026-08-30 23:53:29.146027,2026-09-01 11:53:29.146027,Sports,6,370.17,0.296,user492@example.com,555-226-5368,North
ORD-103749,CUST-280,2026-08-06 23:53:29.146027,2026-08-08 14:53:29.146027,Toys,1,175.81,0.164,user1192@example.com,555-671-5501,East
ORD-102292,CUST-792,2026-04-28 23:53:29.146027,2026-04-29 07:53:29.146027,Groceries,4,65.89,0.256,user313@example.com,555-165-9670,East
ORD-102493,CUST-1141,2026-07-03 23:53:29.146027,2026-07-05 08:53:29.146027, Home & Garden ,7,120.45,0.018,user1073@example.com,555-556-1960,
ORD-104303,CUST-1141,2026-07-24 23:53:29.146027,2026-07-25 07:53:29.146027,Sports,1,469.86,0.164,,555-496-6991,East
ORD-100538,CUST-961,2026-07-29 23:53:29.146027,2026-07-30 04:53:29.146027,Electronics,1,209.23,0.254,user714@example.com,555-986-1283,West
ORD-101330,CUST-413,2026-05-09 23:53:29.146027,2026-05-11 04:53:29.146027,Sports,2,22.34,0.191,user287@example.com,555-510-2806,West
ORD-102303,CUST-1153,2026-06-13 23:53:29.146027,2026-06-14 19:53:29.146027,Electronics,6,464.45,0.149,user1059@example.com,555-319-5228,East
ORD-102499,CUST-1171,2026-03-11 23:53:29.146027,2026-03-12 18:53:29.146027,Toys,1,10.42,0.195,user41@example.com,555-994-8601,North
ORD-101612,CUST-393,2026-01-26 23:53:29.146027,2026-01-28 21:53:29.146027,Toys,6,122.35,0.141,user816@example.com,555-313-6282,East
ORD-101488,CUST-923,2026-05-05 23:53:29.146027,2026-05-07 06:53:29.146027,Groceries,2,34.73,0.016,user888@example.com,555-360-3400,East
ORD-102018,CUST-215,2026-02-06 23:53:29.146027,2026-02-08 08:53:29.146027,Apparel,5,77.09,0.001,user573@example.com,555-203-7494,East
ORD-101744,CUST-742,2026-05-24 23:53:29.146027,2026-05-26 06:53:29.146027,TOYS,6,134.99,0.259,user431@example.com,555-356-7232,West
ORD-100615,CUST-348,2026-04-30 23:53:29.146027,2026-05-01 02:53:29.146027,Sports,3,375.69,0.293,user835@example.com,555-428-9656,South
ORD-104031,CUST-248,2026-09-07 23:53:29.146027,2026-09-08 02:53:29.146027,Apparel,3,160.15,0.277,user194@example.com,555-343-5038,East
ORD-104785,CUST-850,2026-04-22 23:53:29.146027,2026-04-23 09:53:29.146027,Sports,4,308.49,0.16,user311@example.com,555-346-9812,North
ORD-100120,CUST-144,2026-05-05 23:53:29.146027,2026-05-06 15:53:29.146027,Apparel,6,3.38,0.232,user484@example.com,555-268-8542,East
ORD-104370,CUST-965,2026-04-02 23:53:29.146027,2026-04-04 08:53:29.146027,Apparel,1,203.52,0.233,user279@example.com,555-533-2040,North
ORD-104963,CUST-1027,2026-03-15 23:53:29.146027,2026-03-16 18:53:29.146027,Home & Garden,8,188.68,0.049,user712@example.com,555-740-5499,North
ORD-100948,CUST-135,2026-05-20 23:53:29.146027,2026-05-21 04:53:29.146027,Toys,2,172.74,0.058,user64@example.com,555-671-7798,West
ORD-100510,CUST-340,2026-08-25 23:53:29.146027,2026-08-27 00:53:29.146027,Groceries,8,340.7,0.082,user710@example.com,555-352-3851,West
ORD-101393,CUST-959,2026-09-21 23:53:29.146027,2026-09-22 13:53:29.146027,Groceries,2,262.96,0.095,user1080@example.com,555-800-7238,East
ORD-101508,CUST-428,2026-05-21 23:53:29.146027,2026-05-22 15:53:29.146027,Electronics,8,381.21,0.152,user826@example.com,555-796-7917,West
ORD-104013,CUST-818,2026-07-13 23:53:29.146027,2026-07-14 19:53:29.146027,Home & Garden,2,446.01,0.25,user280@example.com,555-567-7130,South
ORD-104393,CUST-790,2026-08-03 23:53:29.146027,2026-08-05 13:53:29.146027,Home & Garden,1,228.1,0.051,,555-703-3896,West
ORD-101331,CUST-642,2026-03-05 23:53:29.146027,2026-03-06 14:53:29.146027,Groceries,7,40.52,0.155,user276@example.com,555-323-9711,West
ORD-101309,CUST-155,2026-05-13 23:53:29.146027,2026-05-15 16:53:29.146027,Groceries,9,329.21,0.057,user433@example.com,555-881-2878,North
ORD-104304,CUST-982,2026-04-16 23:53:29.146027,2026-04-18 14:53:29.146027,Apparel,3,50.62,0.184,user817@example.com,555-357-1412,East
ORD-104747,CUST-673,2026-07-20 23:53:29.146027,2026-07-22 20:53:29.146027,Apparel,4,360.5,0.207,user633@example.com,555-645-3144,East
ORD-102973,CUST-523,2026-09-23 23:53:29.146027,2026-09-24 06:53:29.146027,Home & Garden,1,434.32,0.207,user1191@example.com,555-967-2431,North
ORD-103800,CUST-1197,2026-07-09 23:53:29.146027,2026-07-10 05:53:29.146027,Electronics,6,371.84,0.269,user428@example.com,555-190-3305,South
ORD-104325,CUST-226,2026-09-30 23:53:29.146027,2026-10-01 18:53:29.146027,Sports,6,384.51,0.142,user185@example.com,555-937-3633,East
ORD-104008,CUST-824,2026-05-04 23:53:29.146027,2026-05-04 23:53:29.146027,Sports,7,339.34,0.032,user1107@example.com,555-821-3205,South
ORD-104048,CUST-260,2026-09-07 23:53:29.146027,2026-09-09 04:53:29.146027,Toys,1,267.89,0.167,user35@example.com,555-550-9938,North
ORD-101931,CUST-607,2026-06-01 23:53:29.146027,2026-06-01 23:53:29.146027,Home & Garden,-4,458.9,0.105,user691@example.com,555-271-9038,West
ORD-102812,CUST-1149,2026-02-03 23:53:29.146027,2026-02-05 15:53:29.146027,Sports,1,483.64,0.243,user128@example.com,555-286-4469,South
ORD-102539,CUST-850,2026-05-28 23:53:29.146027,2026-05-29 07:53:29.146027,Home & Garden,8,344.7,0.26,user937@example.com,555-351-2263,South
ORD-102669,CUST-164,2026-05-30 23:53:29.146027,2026-06-01 12:53:29.146027,Toys,1,79.15,0.103,user848@example.com,555-842-5239,West
ORD-104191,CUST-777,2026-05-16 23:53:29.146027,2026-05-18 18:53:29.146027,Electronics,8,69.93,0.161,user28@example.com,555-105-9622,East
ORD-103942,CUST-558,2026-02-05 23:53:29.146027,2026-02-06 01:53:29.146027,Toys,7,473.12,0.098,user738@example.com,555-953-5174,North
ORD-103719,CUST-642,2026-09-24 23:53:29.146027,2026-09-24 23:53:29.146027,Groceries,3,492.83,0.096,user21@example.com,555-419-6631,South
ORD-103748,CUST-436,2026-05-07 23:53:29.146027,2026-05-09 07:53:29.146027,Appparel,3,147.41,0.024,user1034@example.com,555-263-2194,East
ORD-101117,CUST-168,2026-02-25 23:53:29.146027,2026-02-27 20:53:29.146027,Sports,5,420.05,0.198,user417@example.com,555-364-9136,East
ORD-103248,CUST-1162,2026-07-29 23:53:29.146027,2026-07-30 07:53:29.146027,Groceries,6,220.03,0.169,user1147@example.com,555-296-4052,East
ORD-104549,CUST-643,2026-07-28 23:53:29.146027,2026-07-30 10:53:29.146027,Sports,6,426.16,0.166,user346@example.com,555-948-6763,East
ORD-100663,CUST-482,2026-05-07 23:53:29.146027,2026-05-08 09:53:29.146027,Apparel,4,85.62,0.085,user770@example.com,555-854-6427,North
ORD-102822,CUST-111,2026-05-11 23:53:29.146027,2026-05-12 11:53:29.146027,Toys,4,146.72,0.004,user823@example.com,555-686-2952,North
ORD-100573,CUST-277,2026-03-19 23:53:29.146027,2026-03-20 12:53:29.146027,Apparel,3,73.36,0.078,user257@example.com,555-506-1868,South
ORD-103652,CUST-858,2026-06-17 23:53:29.146027,2026-06-18 02:53:29.146027,Apparel,5,53.96,0.243,user66@example.com,555-815-5246,North
ORD-100696,CUST-273,2026-07-04 23:53:29.146027,2026-07-05 10:53:29.146027,Sports,6,177.37,0.115,user391@example.com,555-653-3501,South
ORD-104532,CUST-319,2026-05-16 23:53:29.146027,2026-05-16 23:53:29.146027,Sports,7,305.98,0.208,user828@example.com,555-623-4634,North
ORD-104741,CUST-487,2026-01-25 23:53:29.146027,2026-01-26 19:53:29.146027,Toys,5,428.79,0.043,user20@example.com,555-134-6536,North
ORD-104526,CUST-462,2026-07-24 23:53:29.146027,2026-07-26 04:53:29.146027,Electronics,4,356.39,0.103,user63@example.com,555-145-1101,West
ORD-103169,CUST-635,2026-04-17 23:53:29.146027,2026-04-18 09:53:29.146027,Electronics,3,265.79,0.181,user497@example.com,555-637-1446,West
ORD-104139,CUST-1130,2026-03-01 23:53:29.146027,2026-03-03 01:53:29.146027,Electronics,-2,109.8,0.121,user104@example.com,555-385-2475,West
ORD-101071,CUST-736,2026-02-28 23:53:29.146027,2026-03-01 03:53:29.146027,Sports,2,377.77,0.17,user839@example.com,555-956-3441,East
ORD-104122,CUST-95,2026-07-05 23:53:29.146027,2026-07-06 19:53:29.146027,Sports,1,56.2,0.029,user869@example.com,555-426-8346,North
ORD-102187,CUST-354,2026-09-16 23:53:29.146027,2026-09-17 02:53:29.146027,Sports,5,242.1,0.291,user1160@example.com,555-880-4559,North
ORD-104149,CUST-621,2026-02-06 23:53:29.146027,2026-02-07 18:53:29.146027,Groceries,4,379.37,0.004,user441@example.com,555-439-6511,South
ORD-102045,CUST-532,2026-04-24 23:53:29.146027,2026-04-26 16:53:29.146027,Home & Garden,1,18030.5,0.132,user220@example.com,555-397-9647,West
ORD-100282,CUST-770,2026-06-11 23:53:29.146027,2026-06-12 05:53:29.146027,Apparel,7,269.79,0.283,user1070@example.com,555-177-1808,South
ORD-100258,CUST-761,2026-04-23 23:53:29.146027,2026-04-25 01:53:29.146027,Apparel,3,244.74,0.153,user113@example.com,555-676-1236,North
ORD-102664,CUST-1082,2026-04-21 23:53:29.146027,2026-04-23 11:53:29.146027,Electronics,6,365.34,0.066,user717@example.com,555-146-4602,North
ORD-101811,CUST-884,2026-05-27 23:53:29.146027,2026-05-29 08:53:29.146027,Sports,5,9.45,0.042,user448@example.com,555-163-8642,West
ORD-101797,CUST-1019,2026-06-22 23:53:29.146027,2026-06-24 00:53:29.146027,Electronics,2,353.06,0.131,user310@example.com,555-727-2563,West
ORD-100599,CUST-391,2026-04-23 23:53:29.146027,2026-04-25 14:53:29.146027,Home & Garden,3,267.4,0.015,user21@example.com,555-477-3111,East
ORD-103233,CUST-1134,2026-08-09 23:53:29.146027,2026-08-11 13:53:29.146027,Home & Garden,4,198.68,0.101,user838@example.com,555-247-9879,North
ORD-100725,CUST-561,2026-03-24 23:53:29.146027,2026-03-25 14:53:29.146027,apparel,2,299.59,0.132,user981@example.com,555-529-8381,South
ORD-101636,CUST-661,2026-03-05 23:53:29.146027,2026-03-06 02:53:29.146027,Apparel,1,337.16,0.284,user202@example.com,555-769-7348,West
ORD-102918,CUST-455,2026-01-13 23:53:29.146027,2026-01-15 03:53:29.146027,Electronics,5,435.17,0.295,user814@example.com,555-841-3378,East
ORD-100677,CUST-898,2026-05-14 23:53:29.146027,2026-05-15 20:53:29.146027,Sports,1,482.75,0.274,user617@example.com,555-481-1561,South
ORD-101329,CUST-839,2026-05-12 23:53:29.146027,2026-05-13 12:53:29.146027,Groceries,4,244.85,0.083,user797@example.com,555-744-3949,North
ORD-101152,CUST-880,2026-01-14 23:53:29.146027,2026-01-16 03:53:29.146027,Toys,3,194.63,0.25,user777@example.com,555-468-2773,West
ORD-101346,CUST-1180,2026-08-25 23:53:29.146027,2026-08-27 22:53:29.146027,Toys,1,442.84,0.241,user480@example.com,555-670-6929,North
ORD-100055,CUST-1080,2026-09-11 23:53:29.146027,2026-09-11 23:53:29.146027,Home & Garden,8,427.56,0.09,user244@example.com,555-874-2186,South
ORD-104128,CUST-892,2026-02-24 23:53:29.146027,2026-02-25 04:53:29.146027,Sports,5,252.47,0.042,,555-216-5399,East
ORD-100825,CUST-118,2026-09-20 23:53:29.146027,2026-09-21 05:53:29.146027,Home & Garden,4,483.53,0.184,user657@example.com,555-586-9732,West
ORD-101411,CUST-871,2026-03-01 23:53:29.146027,2026-03-02 09:53:29.146027,Toys,7,15.51,0.085,user386@example.com,555-797-1961,North
ORD-101546,CUST-755,2026-01-23 23:53:29.146027,2026-01-25 13:53:29.146027,Toys,-4,171.45,0.238,user227@example.com,555-955-9286,East
ORD-103336,CUST-67,2026-09-27 23:53:29.146027,2026-09-28 08:53:29.146027,Home & Garden,2,404.95,0.197,user807@example.com,555-391-5819,East
ORD-102214,CUST-725,2026-03-17 23:53:29.146027,2026-03-19 09:53:29.146027,Groceries,3,202.6,0.136,user694@example.com,555-189-8996,East
ORD-100085,CUST-752,2026-05-24 23:53:29.146027,2026-05-26 00:53:29.146027,Apparel,9,105.41,0.154,user927@example.com,555-893-3257,West
ORD-102920,CUST-1042,2026-05-09 23:53:29.146027,2026-05-11 12:53:29.146027,Apparel,9,327.09,0.286,user104@example.com,555-295-5895,East
ORD-101361,CUST-679,2026-01-08 23:53:29.146027,2026-01-09 23:53:29.146027,Toys,3,425.6,0.003,user791@example.com,555-717-7159,
ORD-102935,CUST-894,2026-02-03 23:53:29.146027,2026-02-04 12:53:29.146027,Apparel,7,110.79,0.261,user514@example.com,555-108-8792,South
ORD-100888,CUST-405,2026-05-25 23:53:29.146027,2026-05-27 00:53:29.146027,Apparel,5,328.85,0.166,user866@example.com,555-469-2191,East
ORD-102954,CUST-719,2026-03-13 23:53:29.146027,2026-03-15 20:53:29.146027,Sports,3,237.61,0.125,user415@example.com,555-288-4705,East
ORD-101687,CUST-167,2026-03-16 23:53:29.146027,2026-03-17 15:53:29.146027,Toys,4,162.21,0.246,user790@example.com,555-314-6043,North
ORD-101819,CUST-1115,2026-02-10 23:53:29.146027,2026-02-12 21:53:29.146027,Electronics,8,106.47,0.009,user395@example.com,555-382-8295,West
ORD-103703,CUST-524,2026-07-28 23:53:29.146027,2026-07-29 03:53:29.146027,Toys,1,293.27,0.133,user487@example.com,555-808-9652,West
ORD-101972,CUST-606,2026-05-20 23:53:29.146027,2026-05-21 20:53:29.146027,Home & Garden,-2,275.85,0.217,user518@example.com,555-939-1742,West
ORD-102546,CUST-380,2026-07-05 23:53:29.146027,2026-07-05 23:53:29.146027,Groceries,2,197.88,0.241,user402@example.com,555-421-6948,East
ORD-100714,CUST-649,2026-06-19 23:53:29.146027,2026-06-20 22:53:29.146027,Electronics,1,280.63,0.235,user39@example.com,555-894-9849,West
ORD-104831,CUST-989,2026-04-22 23:53:29.146027,2026-04-24 20:53:29.146027,Sports,N/A,58.65,0.048,user738@example.com,555-476-9780,East
ORD-101056,CUST-1104,2026-04-10 23:53:29.146027,2026-04-12 06:53:29.146027,Groceries,9,151.38,0.044,user317@example.com,555-228-3438,East
ORD-102286,CUST-281,2026-08-03 23:53:29.146027,2026-08-04 04:53:29.146027,Home & Garden,9,380.85,0.155,user156@example.com,555-718-7743,North
ORD-104764,CUST-812,2026-05-02 23:53:29.146027,2026-05-04 21:53:29.146027,Groceries,4,121.36,0.192,,555-926-3871,West
ORD-100161,CUST-1037,2026-02-27 23:53:29.146027,2026-02-28 21:53:29.146027,Home & Garden,2,126.14,0.232,user860@example.com,555-466-4474,South
ORD-102207,CUST-1032,2026-08-05 23:53:29.146027,2026-08-07 15:53:29.146027,Electronics,2,224.45,0.13,user1189@example.com,555-983-4884,North
ORD-101440,CUST-226,2026-02-15 23:53:29.146027,2026-02-16 22:53:29.146027,Electronics,1,400.88,0.008,user260@example.com,555-841-2451,North
ORD-104626,CUST-64,2026-08-06 23:53:29.146027,2026-08-08 21:53:29.146027,Electronics,7,230.42,0.128,user809@example.com,555-766-4140,West
ORD-104842,CUST-452,2026-06-26 23:53:29.146027,2026-06-28 03:53:29.146027,Groceries,5,261.92,0.066,user206@example.com,555-143-3832,North
ORD-102848,CUST-965,2026-04-12 23:53:29.146027,2026-04-14 18:53:29.146027,Electronics,1,334.13,0.107,user970@example.com,555-334-9214,South
ORD-100617,CUST-323,2026-01-16 23:53:29.146027,2026-01-17 23:53:29.146027,Electronics,1,159.94,0.154,user574@example.com,555-576-6519,North
ORD-103653,CUST-1042,2026-07-17 23:53:29.146027,2026-07-19 15:53:29.146027,Toys,7,475.97,0.261,user292@example.com,555-422-4138,East
ORD-104477,CUST-792,2026-08-08 23:53:29.146027,2026-08-10 15:53:29.146027,Electronics,3,407.6,0.278,user518@example.com,555-219-6805,North
ORD-100123,CUST-282,2026-06-28 23:53:29.146027,2026-06-29 11:53:29.146027,Toys,8,123.27,0.031,user258@example.com,555-152-6126,East
ORD-104877,CUST-802,2026-06-04 23:53:29.146027,2026-06-06 05:53:29.146027,Sports,2,255.16,0.284,user50@example.com,555-296-8832,East
ORD-102042,CUST-614,2026-04-16 23:53:29.146027,2026-04-18 21:53:29.146027,Home & Garden,2,30.82,0.072,user790@example.com,555-603-1042,South
ORD-100334,CUST-835,2026-05-10 23:53:29.146027,2026-05-12 13:53:29.146027,Sports,9,458.19,0.18,user587@example.com,555-186-2152,West
ORD-104694,CUST-804,2026-09-23 23:53:29.146027,2026-09-25 10:53:29.146027,Electronics,1,240.68,0.006,user1116@example.com,555-274-3848,South
ORD-101362,CUST-191,2026-05-18 23:53:29.146027,2026-05-20 14:53:29.146027,Electronics,7,469.56,0.289,user532@example.com,555-314-2776,South
ORD-100304,CUST-547,2026-07-09 23:53:29.146027,2026-07-10 05:53:29.146027,Groceries,2,157.6,0.189,user645@example.com,555-465-5426,North
ORD-102772,CUST-411,2026-03-24 23:53:29.146027,2026-03-25 22:53:29.146027,Sports,2,83.12,0.162,user6@example.com,555-221-8299,North
ORD-100980,CUST-641,2026-08-25 23:53:29.146027,2026-08-26 13:53:29.146027,Sports,6,425.96,0.26,user843@example.com,555-228-9878,West
ORD-103736,CUST-637,2026-05-28 23:53:29.146027,2026-05-29 12:53:29.146027,Toys,6,481.66,0.278,user524@example.com,555-581-7246,North
ORD-101407,CUST-804,2026-08-11 23:53:29.146027,2026-08-12 11:53:29.146027,Groceries,1,245.11,0.112,user392@example.com,555-136-3034,East
ORD-103165,CUST-662,2026-07-08 23:53:29.146027,2026-07-09 09:53:29.146027,Electronics,4,23.57,0.239,user94@example.com,555-518-7189,East
ORD-102966,CUST-788,2026-03-03 23:53:29.146027,2026-03-05 03:53:29.146027,Apparel,8,156.07,0.059,user1105@example.com,555-750-8388,South
ORD-104597,CUST-76,2026-09-18 23:53:29.146027,2026-09-19 18:53:29.146027,Groceries,1,219.1,0.115,user694@example.com,555-819-4599,North
ORD-100175,CUST-1107,2026-04-18 23:53:29.146027,2026-04-20 12:53:29.146027,Electronics,8,395.04,0.272,user1198@example.com,555-954-5797,North
ORD-100581,CUST-964,2026-02-09 23:53:29.146027,2026-02-10 02:53:29.146027,Toys,4,170.44,0.122,user812@example.com,555-991-2342,North
ORD-104047,CUST-1145,2026-02-18 23:53:29.146027,2026-02-19 15:53:29.146027,Electronics,2,4.03,0.195,user309@example.com,555-897-8572,South
ORD-101616,CUST-1089,2026-03-06 23:53:29.146027,2026-03-08 13:53:29.146027,Sports,4,68.9,0.299,user105@example.com,555-504-1020,West
ORD-104483,CUST-582,2026-03-07 23:53:29.146027,2026-03-09 14:53:29.146027,Home & Garden,6,133.43,0.104,user697@example.com,555-545-2226,South
ORD-104529,CUST-372,2026-08-24 23:53:29.146027,2026-08-24 23:53:29.146027,Sports,2,341.37,0.066,user803@example.com,555-756-5858,South
ORD-101194,CUST-234,2026-04-23 23:53:29.146027,2026-04-24 11:53:29.146027,Apparel,6,256.34,0.28,user345@example.com,555-567-9972,West
ORD-102876,CUST-907,2026-04-26 23:53:29.146027,2026-04-28 21:53:29.146027,Sports,9,491.62,0.095,user1060@example.com,555-375-7168,East
ORD-104938,CUST-287,2026-08-18 23:53:29.146027,2026-08-19 15:53:29.146027,Electronics,5,343.71,0.054,user1017@example.com,555-394-4504,South
ORD-104281,CUST-606,31/02/2025,2026-04-11 13:53:29.146027,Home & Garden,8,21273.5,0.195,user1155@example.com,555-145-7065,West
ORD-103243,CUST-1128,2026-08-24 23:53:29.146027,2026-08-26 20:53:29.146027,Electronics,4,5.64,0.255,user33@example.com,555-361-5556,West
ORD-101824,CUST-1195,2026-09-22 23:53:29.146027,2026-09-24 20:53:29.146027,Sports,3,209.9,0.005,user888@example.com,555-925-7565,South
ORD-101879,CUST-224,2026-05-25 23:53:29.146027,2026-05-27 11:53:29.146027, Sports ,6,88.54,0.229,user1172@example.com,555-346-9886,West
ORD-101981,CUST-610,2026-06-24 23:53:29.146027,2026-06-25 12:53:29.146027,Home & Garden,6,14038.999999999998,0.138,user232@example.com,555-702-3157,North
ORD-101861,CUST-145,2026-04-02 23:53:29.146027,2026-04-03 10:53:29.146027,Sports,1,172.84,0.001,user1177@example.com,555-518-6006,North
ORD-101350,CUST-260,2026-08-11 23:53:29.146027,2026-08-13 04:53:29.146027,Apparel,3,37.67,0.212,user123@example.com,555-648-1705,South
ORD-103575,CUST-223,2026-01-18 23:53:29.146027,2026-01-19 05:53:29.146027,Sports,8,229.41,0.064,user594@example.com,555-629-9599,South
ORD-103606,CUST-1065,2026-04-13 23:53:29.146027,2026-04-14 19:53:29.146027,Toys,2,124.8,0.015,user945@example.com,555-569-1022,West
ORD-104807,CUST-71,2026-09-16 23:53:29.146027,2026-09-17 09:53:29.146027,Apparel,5,10.44,0.081,user149@example.com,555-925-2923,South
ORD-102974,CUST-30,2026-05-28 23:53:29.146027,2026-05-29 22:53:29.146027,Toys,9,64.43,0.234,user1061@example.com,555-961-6704,East
ORD-100409,CUST-193,2026-06-11 23:53:29.146027,2026-06-13 10:53:29.146027,Home & Garden,7,148.68,0.266,user105@example.com,555-437-1348,North
ORD-100675,CUST-617,2026-01-25 23:53:29.146027,2026-01-26 23:53:29.146027,Sports,8,207.95,0.162,,555-921-4607,North
ORD-100297,CUST-80,2026-05-27 23:53:29.146027,2026-05-28 21:53:29.146027,Groceries,8,200.06,0.26,user1071@example.com,555-437-4372,East
ORD-100925,CUST-948,2026-05-22 23:53:29.146027,2026-05-23 16:53:29.146027,Toys,5,400.45,0.103,user384@example.com,555-481-2228,South
ORD-100022,CUST-1100,2026-04-09 23:53:29.146027,2026-04-11 06:53:29.146027,Apparel,4,118.88,0.279,user361@example.com,555-351-9793,South
ORD-104166,CUST-546,2026-03-03 23:53:29.146027,2026-03-04 13:53:29.146027,Home & Garden,6,77.29,0.175,user550@example.com,555-142-3230,South
ORD-102115,CUST-1168,2026-02-06 23:53:29.146027,2026-02-07 21:53:29.146027,Electronics,8,419.82,0.045,user501@example.com,555-464-3949,East
ORD-100728,CUST-852,2026-07-16 23:53:29.146027,2026-07-18 21:53:29.146027,Apparel,2,288.02,0.215,user84@example.com,555-911-2236,East
ORD-103669,CUST-833,2026-08-05 23:53:29.146027,2026-08-07 06:53:29.146027,Groceries,5,93.77,0.103,user816@example.com,555-929-7757,West
ORD-104913,CUST-513,2026-09-12 23:53:29.146027,2026-09-14 19:53:29.146027,Groceries,8,419.25,0.161,user890@example.com,555-336-3781,
ORD-101307,CUST-899,2026-03-23 23:53:29.146027,2026-03-24 11:53:29.146027,Apparel,7,499.88,0.041,user796@example.com,555-130-7844,South
ORD-102941,CUST-435,2026-01-10 23:53:29.146027,2026-01-12 13:53:29.146027,Toys,1,423.85,0.217,user253@example.com,555-727-3962,South
ORD-100671,CUST-1156,2026-03-06 23:53:29.146027,2026-03-07 11:53:29.146027,Sports,9,333.01,0.031,user936@example.com,555-872-4412,East
ORD-101672,CUST-26,2026-10-01 23:53:29.146027,2026-10-02 07:53:29.146027,Sports,4,14.23,0.101,user406@example.com,555-491-8807,East
ORD-101199,CUST-186,2026-04-30 23:53:29.146027,2026-05-02 19:53:29.146027,Home & Garden,2,209.98,0.094,user1076@example.com,555-197-2794,North
ORD-102229,CUST-632,2026-07-26 23:53:29.146027,2026-07-28 01:53:29.146027,Electronics,3,441.4,0.255,user15@example.com,555-490-9758,East
ORD-103797,CUST-1121,2026-09-23 23:53:29.146027,2026-09-24 01:53:29.146027,Sports,9,449.35,0.229,user1022@example.com,555-454-7664,South
ORD-100757,CUST-275,2026-05-21 23:53:29.146027,2026-05-22 13:53:29.146027,Toys,4,0.0,0.117,user596@example.com,555-741-7365,West
ORD-100293,CUST-886,2026-01-25 23:53:29.146027,2026-01-26 20:53:29.146027,Toys,5,450.41,0.281,user266@example.com,555-386-4262,West
ORD-102249,CUST-1147,2026-09-03 23:53:29.146027,2026-09-05 13:53:29.146027,Apparel,6,488.71,0.071,user728@example.com,555-638-2097,North
ORD-102690,CUST-369,2026-01-23 23:53:29.146027,2026-01-24 11:53:29.146027,Toys,1,65.98,0.238,user747@example.com,555-611-4458,North
ORD-100126,CUST-956,2026-09-22 23:53:29.146027,2026-09-23 17:53:29.146027,Apparel,9,298.98,0.273,user624@example.com,555-846-5301,North
ORD-102579,CUST-609,2026-04-13 23:53:29.146027,2026-04-15 22:53:29.146027,Toys,1,393.03,0.026,user893@example.com,555-864-5376,West
ORD-103479,CUST-308,2026-03-03 23:53:29.146027,2026-03-04 01:53:29.146027,Apparel,5,270.36,0.272,user399@example.com,555-911-1717,East
ORD-102247,CUST-1010,2026-06-13 23:53:29.146027,2026-06-14 05:53:29.146027,Home & Garden,4,351.92,0.249,user512@example.com,555-823-2472,North
ORD-103545,CUST-1062,2026-09-14 23:53:29.146027,2026-09-15 16:53:29.146027,Toys,6,157.45,0.092,user432@example.com,555-358-3196,West
ORD-104592,CUST-1157,2026-02-16 23:53:29.146027,2026-02-17 07:53:29.146027,Home & Garden,9,420.89,0.195,user798@example.com,555-427-6838,East
ORD-104107,CUST-717,2026-01-25 23:53:29.146027,2026-01-27 07:53:29.146027,Groceries,7,68.72,0.017,user128@example.com,555-865-8788,North
ORD-100692,CUST-964,2026-03-26 23:53:29.146027,2026-03-27 20:53:29.146027,Electronics,6,274.35,0.281,user869@example.com,555-479-7007,South
ORD-102982,CUST-181,2026-09-08 23:53:29.146027,2026-09-10 10:53:29.146027,Groceries,-4,244.3,0.08,user326@example.com,555-825-2734,West
ORD-100686,CUST-744,2026-03-14 23:53:29.146027,2026-03-15 18:53:29.146027,Toys,2,369.64,0.081,user306@example.com,555-236-1984,East
ORD-100817,CUST-183,2026-03-24 23:53:29.146027,2026-03-26 07:53:29.146027,Groceries,8,410.31,0.205,user81@example.com,555-896-4572,East
ORD-100216,CUST-906,2026-08-28 23:53:29.146027,2026-08-29 16:53:29.146027,Electronics,5,303.63,0.043,user832@example.com,555-554-8721,South
ORD-103838,CUST-19,2026-02-16 23:53:29.146027,2026-02-18 05:53:29.146027,Electronics,4,319.97,0.269,user963@example.com,555-615-3667,North
ORD-103325,CUST-452,2026-08-05 23:53:29.146027,2026-08-07 03:53:29.146027,Toys,2,321.76,0.164,,555-337-9195,North
ORD-100152,CUST-824,2026-05-17 23:53:29.146027,2026-05-19 20:53:29.146027,Groceries,4,185.15,0.066,user190@example.com,555-416-7959,West
ORD-100706,CUST-982,2026-09-30 23:53:29.146027,2026-10-02 17:53:29.146027,Groceries,7,156.41,0.238,user417@example.com,555-107-8317,East
ORD-101992,CUST-576,2026-06-30 23:53:29.146027,2026-07-02 03:53:29.146027,Toys,1,449.05,0.201,user370@example.com,555-439-3660,North
ORD-103889,CUST-606,2026-09-11 23:53:29.146027,2026-09-13 19:53:29.146027,Electronics,1,64.79,0.164,user766@example.com,555-593-7935,East
ORD-104665,CUST-100,2026-09-20 23:53:29.146027,2026-09-21 16:53:29.146027,Home & Garden,1,264.47,0.062,,555-938-1240,North
ORD-104853,CUST-711,2026-03-20 23:53:29.146027,2026-03-21 01:53:29.146027,Home & Garden,4,115.14,0.065,user417@example.com,555-609-1452,North
ORD-102008,CUST-779,2026-06-19 23:53:29.146027,2026-06-21 08:53:29.146027,Groceries,5,135.07,0.065,user645@example.com,555-962-3279,South
ORD-100478,CUST-1010,2026-06-26 23:53:29.146027,2026-06-27 09:53:29.146027,Groceries,2,393.84,0.054,user235@example.com,555-101-9133,West
ORD-101282,CUST-593,2026-07-19 23:53:29.146027,2026-07-20 02:53:29.146027,Groceries,9,173.83,0.193,user1164@example.com,555-314-9740,East
ORD-101604,CUST-706,2026-09-12 23:53:29.146027,2026-09-13 08:53:29.146027,Groceries,5,431.76,0.046,user258@example.com,555-337-8447,East
ORD-104152,CUST-236,2026-08-11 23:53:29.146027,2026-08-12 14:53:29.146027,Apparel,7,57.21,0.054,user844@example.com,555-283-4014,East
ORD-101666,CUST-1115,2026-04-01 23:53:29.146027,2026-04-02 21:53:29.146027,home & garden,1,262.38,0.035,user415@example.com,555-508-6034,West
ORD-104514,CUST-1048,2026-01-23 23:53:29.146027,2026-01-24 18:53:29.146027,Groceries,7,138.67,0.205,user1107@example.com,555-654-8445,North
ORD-103198,CUST-384,2026-02-03 23:53:29.146027,2026-02-04 21:53:29.146027,Groceries,-8,40.7,0.284,user67@example.com,555-798-5739,South
ORD-100812,CUST-795,2026-04-20 23:53:29.146027,2026-04-22 17:53:29.146027,Electronics,3,190.13,0.112,user778@example.com,555-552-2526,South
ORD-103337,CUST-442,2026-09-27 23:53:29.146027,2026-09-29 08:53:29.146027,Toys,7,147.07,0.261,user550@example.com,555-663-4249,North
ORD-103602,CUST-616,2026-05-04 23:53:29.146027,2026-05-05 02:53:29.146027,Apparel,8,126.47,0.293,user673@example.com,555-241-3625,South
ORD-100250,CUST-196,2026-03-10 23:53:29.146027,2026-03-12 06:53:29.146027,Toys,9,294.46,0.224,user649@example.com,555-654-5761,East
ORD-100843,CUST-1018,2026-08-02 23:53:29.146027,2026-08-04 14:53:29.146027,Home & Garden,2,276.59,0.155,user11@example.com,555-232-8240,West
ORD-102125,CUST-732,2026-10-01 23:53:29.146027,2026-10-02 11:53:29.146027,Toys,8,352.71,0.102,user972@example.com,555-930-3123,West
ORD-103312,CUST-362,2026-04-15 23:53:29.146027,2026-04-16 20:53:29.146027,Toys,3,335.04,0.001,user827@example.com,555-252-8021,South
ORD-103056,CUST-170,2026-06-02 23:53:29.146027,2026-06-03 18:53:29.146027,Toys,6,42.95,0.097,user399@example.com,555-649-9823,North
ORD-102375,CUST-862,2026-05-15 23:53:29.146027,2026-05-17 15:53:29.146027,Groceries,6,231.97,0.121,user838@example.com,555-199-9394,East
ORD-104069,CUST-809,2026-04-01 23:53:29.146027,2026-04-02 09:53:29.146027,Groceries,9,438.45,0.007,user836@example.com,555-274-7379,West
ORD-102032,CUST-107,2026-08-27 23:53:29.146027,2026-08-28 14:53:29.146027,Sports,5,30.83,0.1,user833@example.com,555-688-5091,North
ORD-100967,CUST-255,2026-10-03 23:53:29.146027,2026-10-05 18:53:29.146027,Electronics,1,454.48,0.003,user359@example.com,555-351-4028,South
ORD-104581,CUST-170,2026-08-05 23:53:29.146027,2026-08-07 06:53:29.146027,Sports,9,333.43,0.281,user1138@example.com,555-621-7333,South
ORD-100080,CUST-199,2026-05-31 23:53:29.146027,2026-06-02 08:53:29.146027,Toys,5,144.01,0.081,user309@example.com,555-869-5581,West
ORD-100972,CUST-130,2026-09-14 23:53:29.146027,2026-09-16 19:53:29.146027,Electronics,5,228.09,0.25,user498@example.com,555-651-6949,North
ORD-101896,CUST-986,2026-09-05 23:53:29.146027,2026-09-07 11:53:29.146027,Electronics,4,460.65,0.247,user1038@example.com,555-757-8342,South
ORD-102235,CUST-119,2026-06-15 23:53:29.146027,2026-06-17 14:53:29.146027,Apparel,9,344.88,0.255,user349@example.com,555-596-3409,East
ORD-100246,CUST-964,2026-09-21 23:53:29.146027,2026-09-23 20:53:29.146027,Home & Garden,4,460.73,0.234,user637@example.com,555-371-5290,North
ORD-102704,CUST-305,2026-01-07 23:53:29.146027,2026-01-09 01:53:29.146027,Apparel,5,196.27,0.027,user472@example.com,555-671-4738,North
ORD-102203,CUST-1013,2026-07-02 23:53:29.146027,2026-07-03 13:53:29.146027,Groceries,9,248.18,0.099,user333@example.com,555-937-7490,North
ORD-104995,CUST-1080,2026-03-24 23:53:29.146027,2026-03-25 04:53:29.146027,Sports,4,329.57,0.134,user297@example.com,555-401-6609,East
ORD-104212,CUST-741,2026-02-03 23:53:29.146027,2026-02-04 04:53:29.146027,Home & Garden,3,314.07,0.239,user231@example.com,555-882-2815,West
ORD-103374,CUST-219,2026-03-29 23:53:29.146027,2026-03-30 11:53:29.146027,Electronics,9,474.38,0.272,user1090@example.com,555-893-6601,East
ORD-104170,CUST-1145,2026-04-05 23:53:29.146027,2026-04-07 14:53:29.146027,Electronics,7,260.13,0.183,user205@example.com,555-601-5006,East
ORD-104736,CUST-1162,2026-10-02 23:53:29.146027,2026-10-03 10:53:29.146027,Apparel,1,399.14,0.081,,555-814-9248,East
ORD-104881,CUST-522,2026-08-06 23:53:29.146027,2026-08-08 16:53:29.146027,Sports,4,281.29,0.224,user703@example.com,555-722-1922,North
ORD-102951,CUST-763,2026-05-31 23:53:29.146027,2026-06-02 02:53:29.146027,Electronics,9,283.12,0.214,user1060@example.com,555-754-7545,North
ORD-101345,CUST-438,2026-02-09 23:53:29.146027,2026-02-10 09:53:29.146027,Sports,9,420.83,0.238,user290@example.com,555-715-4489,North
ORD-100975,CUST-381,2026-06-12 23:53:29.146027,2026-06-14 03:53:29.146027,Toys,3,432.72,0.192,user665@example.com,555-499-5522,North
ORD-104296,CUST-489,2026-07-14 23:53:29.146027,2026-07-16 21:53:29.146027,sports,5,68.91,0.194,user1164@example.com,555-301-2634,East
ORD-100509,CUST-1185,2026-04-06 23:53:29.146027,2026-04-07 08:53:29.146027,Toys,6,344.19,0.058,user5@example.com,555-800-2141,North
ORD-100122,CUST-1177,2026-05-07 23:53:29.146027,2026-05-08 05:53:29.146027,toys,6,403.51,0.089,user938@example.com,555-578-9478,North
ORD-104533,CUST-1158,2026-04-07 23:53:29.146027,2026-04-09 19:53:29.146027,Groceries,6,240.11,0.119,user779@example.com,555-490-9968,West
ORD-104956,CUST-444,2026-07-09 23:53:29.146027,2026-07-11 00:53:29.146027,Apparel,9,326.57,0.217,user694@example.com,555-179-7324,West
ORD-101710,CUST-178,2026-06-17 23:53:29.146027,2026-06-18 03:53:29.146027,Home & Garden,4,470.81,0.121,user881@example.com,555-371-3123,East
ORD-102100,CUST-255,2026-05-12 23:53:29.146027,2026-05-14 02:53:29.146027,Home & Garden,3,218.17,0.216,user173@example.com,555-329-5812,South
ORD-100869,CUST-106,2026-09-15 23:53:29.146027,2026-09-16 06:53:29.146027,Toys,9,361.44,0.253,user1131@example.com,555-884-6480,East
ORD-104572,CUST-5,2026-06-28 23:53:29.146027,2026-06-30 06:53:29.146027,Electronics,9,73.04,0.113,user1009@example.com,555-243-5112,East
ORD-101030,CUST-431,2026-05-19 23:53:29.146027,2026-05-20 12:53:29.146027,Electronics,7,55.56,0.135,user379@example.com,555-137-4066,North
ORD-103463,CUST-125,2026-09-26 23:53:29.146027,2026-09-28 18:53:29.146027,Apparel,7,209.88,0.095,user564@example.com,555-847-7719,West
ORD-101998,CUST-627,2026-05-03 23:53:29.146027,2026-05-05 18:53:29.146027,Sports,8,334.17,0.151,user20@example.com,555-624-6037,South
ORD-103590,CUST-247,2026-04-03 23:53:29.146027,2026-04-05 06:53:29.146027,Apparel,5,412.36,0.21,user886@example.com,555-984-2356,South
ORD-101156,CUST-970,2026-04-13 23:53:29.146027,2026-04-15 04:53:29.146027,Apparel,8,248.43,0.003,user1039@example.com,555-724-3570,West
ORD-103156,CUST-27,2026-06-07 23:53:29.146027,2026-06-08 04:53:29.146027,Groceries,2,285.73,0.088,user989@example.com,555-926-1707,West
ORD-101575,CUST-104,2026-02-03 23:53:29.146027,2026-02-04 08:53:29.146027,Home & Garden,1,49.48,0.235,user808@example.com,555-293-8525,West
ORD-104744,CUST-234,2026-02-27 23:53:29.146027,2026-03-01 02:53:29.146027,Toys,4,128.33,0.084,user399@example.com,555-428-3775,East
ORD-100061,CUST-161,2026-05-21 23:53:29.146027,2026-05-23 20:53:29.146027,Apparel,6,16.53,0.079,user458@example.com,555-147-6654,West
ORD-100472,CUST-167,2026-05-19 23:53:29.146027,2026-05-20 14:53:29.146027,Apparel,7,108.86,0.096,user1019@example.com,555-405-3486,North
ORD-103454,CUST-661,2026-03-23 23:53:29.146027,2026-03-24 01:53:29.146027,Sports,2,485.74,0.031,user683@example.com,555-360-7263,South
ORD-100865,CUST-138,2026-06-07 23:53:29.146027,2026-06-09 11:53:29.146027,Sports,-9,163.57,0.127,user618@example.com,555-601-4431,North
ORD-103583,CUST-908,2026-05-10 23:53:29.146027,2026-05-11 00:53:29.146027,Sports,8,168.67,0.198,user213@example.com,555-349-3149,South
ORD-104806,CUST-260,2026-09-29 23:53:29.146027,2026-10-01 11:53:29.146027,Electronics,9,23.59,0.13,user999@example.com,555-279-2379,West
ORD-103614,CUST-954,2026-04-23 23:53:29.146027,2026-04-25 06:53:29.146027,Groceries,5,487.38,0.062,user533@example.com,555-499-3992,North
ORD-104887,CUST-545,2026-06-04 23:53:29.146027,2026-06-05 15:53:29.146027,Toys,6,358.14,0.278,user323@example.com,555-495-9970,South
ORD-103388,CUST-395,2026-09-12 23:53:29.146027,2026-09-14 03:53:29.146027,Electronics,5,122.06,0.183,user86@example.com,555-410-8673,
ORD-102180,CUST-708,2026-07-02 23:53:29.146027,2026-07-04 04:53:29.146027,Apparel,6,439.32,0.048,user286@example.com,555-338-9819,South
ORD-103281,CUST-1028,2026-03-20 23:53:29.146027,2026-03-22 06:53:29.146027, Toys ,7,318.92,0.258,user719@example.com,555-187-5494,South
ORD-104197,CUST-1151,2026-08-05 23:53:29.146027,2026-08-06 22:53:29.146027,Groceries,4,26.07,0.084,user1047@example.com,555-108-8400,North
ORD-101628,CUST-479,2026-07-28 23:53:29.146027,2026-07-29 18:53:29.146027,Groceries,4,320.85,0.201,user45@example.com,555-476-4769,North
ORD-102438,CUST-729,2026-10-02 23:53:29.146027,2026-10-04 13:53:29.146027,Home & Garden,6,379.5,0.22,user284@example.com,555-735-3772,South
ORD-101149,CUST-701,2026-07-06 23:53:29.146027,2026-07-07 22:53:29.146027,Home & Garden,3,93.72,0.116,user1055@example.com,555-185-6504,North
ORD-101160,CUST-522,2026-02-04 23:53:29.146027,2026-02-06 13:53:29.146027,Electronics,2,277.66,0.223,user1091@example.com,555-198-3207,South
ORD-100256,CUST-109,2026-02-04 23:53:29.146027,2026-02-06 10:53:29.146027,GROCERIES,8,215.67,0.117,user790@example.com,555-945-9724,East
ORD-102598,CUST-657,2026-04-18 23:53:29.146027,2026-04-19 23:53:29.146027,Toys,6,402.55,0.043,user205@example.com,555-330-2889,South
ORD-104544,CUST-1041,2026-01-08 23:53:29.146027,2026-01-09 09:53:29.146027,Groceries,3,444.6,0.236,user988@example.com,555-605-8325,West
ORD-101105,CUST-878,2026-02-12 23:53:29.146027,2026-02-14 01:53:29.146027,Appparel,8,473.02,0.015,user886@example.com,555-560-7756,East
ORD-104218,CUST-795,2026-01-20 23:53:29.146027,2026-01-21 12:53:29.146027,Groceries,8,101.23,0.113,user501@example.com,555-580-6078,North
ORD-103407,CUST-355,2026-09-02 23:53:29.146027,2026-09-04 01:53:29.146027,Groceries,4,212.85,0.257,user72@example.com,555-847-1590,South
ORD-100557,CUST-907,2026-08-04 23:53:29.146027,2026-08-06 16:53:29.146027,Home & Garden,8,478.4,0.006,user238@example.com,555-900-3994,West
ORD-101850,CUST-1110,2026-08-15 23:53:29.146027,2026-08-16 22:53:29.146027,Electronics,4,294.65,0.067,user860@example.com,555-172-5788,South
ORD-102088,CUST-821,2026-06-05 23:53:29.146027,2026-06-06 04:53:29.146027,Electronics,7,395.76,0.272,user518@example.com,555-746-7200,North
ORD-102899,CUST-838,2026-06-30 23:53:29.146027,2026-07-01 14:53:29.146027,Electronics,7,468.48,0.019,user591@example.com,555-967-8627,East
ORD-103220,CUST-909,2026-05-11 23:53:29.146027,2026-05-13 03:53:29.146027,Apparel,1,328.96,0.004,user670@example.com,555-981-6693,South
ORD-100261,CUST-190,2026-09-19 23:53:29.146027,2026-09-21 04:53:29.146027,Apparel,5,280.27,0.126,user967@example.com,555-977-3563,East
ORD-104263,CUST-953,2026-02-03 23:53:29.146027,2026-02-05 15:53:29.146027,Sports,1,1241.5,0.023,user285@example.com,555-642-3903,East
ORD-100627,CUST-1048,2026-07-20 23:53:29.146027,2026-07-21 10:53:29.146027,Apparel,3,460.9,0.144,user1063@example.com,555-364-2406,West
ORD-101889,CUST-808,2026-02-09 23:53:29.146027,2026-02-11 09:53:29.146027,Sports,2,456.22,0.064,user673@example.com,555-761-8952,North
ORD-103042,CUST-482,2026-01-09 23:53:29.146027,2026-01-11 01:53:29.146027,Apparel,7,476.94,0.057,user869@example.com,555-468-4105,North
ORD-102078,CUST-796,2026-06-09 23:53:29.146027,2026-06-10 12:53:29.146027,Electronics,5,175.45,0.037,user272@example.com,555-971-7738,East
ORD-103585,CUST-356,2026-09-26 23:53:29.146027,2026-09-28 08:53:29.146027,Apparel,8,468.0,0.198,user168@example.com,555-978-2055,North
ORD-101606,CUST-521,2026-04-16 23:53:29.146027,2026-04-17 09:53:29.146027,Groceries,7,356.02,0.019,user462@example.com,555-902-9946,East
ORD-101020,CUST-121,2026-05-26 23:53:29.146027,2026-05-28 14:53:29.146027,Sports,9,111.0,0.15,user724@example.com,555-225-9716,North
ORD-100608,CUST-184,2026-04-04 23:53:29.146027,2026-04-05 00:53:29.146027,Groceries,1,238.56,0.262,user478@example.com,555-895-1094,
ORD-101403,CUST-1031,2026-07-29 23:53:29.146027,2026-07-31 06:53:29.146027,Toys,8,3.06,0.127,user992@example.com,555-858-6138,North
ORD-103254,CUST-324,2026-04-13 23:53:29.146027,2026-04-14 22:53:29.146027,Sports,7,22.29,0.021,user52@example.com,555-370-6450,South
ORD-102096,CUST-663,2026-05-29 23:53:29.146027,2026-05-30 04:53:29.146027,Apparel,1,76.51,0.213,user786@example.com,555-745-4637,East
ORD-100209,CUST-212,2026-08-30 23:53:29.146027,2026-09-01 05:53:29.146027,Sports,6,390.87,0.143,user705@example.com,555-408-9739,North
ORD-103798,CUST-718,2026-02-24 23:53:29.146027,2026-02-25 13:53:29.146027,Sports,2,466.59,0.244,user576@example.com,555-689-4778,South
ORD-103539,CUST-971,2026-08-10 23:53:29.146027,2026-08-11 23:53:29.146027,Electronics,9,40.01,0.103,user993@example.com,555-523-7899,South
ORD-100153,CUST-583,2026-09-19 23:53:29.146027,2026-09-20 07:53:29.146027,Toys,8,429.76,0.217,user909@example.com,555-830-3865,West
ORD-101590,CUST-410,2026-05-19 23:53:29.146027,2026-05-19 23:53:29.146027,Groceries,3,314.59,0.186,user473@example.com,555-687-3731,South
ORD-102442,CUST-57,2026-06-23 23:53:29.146027,2026-06-25 10:53:29.146027,Apparel,7,138.13,0.12,user1071@example.com,555-204-1148,East
ORD-101147,CUST-489,2026-09-05 23:53:29.146027,2026-09-06 11:53:29.146027,Apparel,6,17.18,0.241,,555-756-9860,North
ORD-103427,CUST-178,2026-05-12 23:53:29.146027,2026-05-13 09:53:29.146027,Apparel,1,336.54,0.036,user137@example.com,555-111-9437,North
ORD-101967,CUST-680,2026-01-21 23:53:29.146027,2026-01-23 03:53:29.146027,Sports,1,81.1,0.084,user1014@example.com,555-145-9342,East
ORD-103206,CUST-819,2026-06-19 23:53:29.146027,2026-06-20 01:53:29.146027,Groceries,3,250.41,0.139,user796@example.com,555-762-7035,West
ORD-102433,CUST-12,2026-08-28 23:53:29.146027,2026-08-29 20:53:29.146027,Home & Garden,2,440.71,0.228,user1185@example.com,555-513-5743,East
ORD-101633,CUST-707,2026-05-14 23:53:29.146027,2026-05-15 09:53:29.146027,Sports,6,58.5,0.254,user970@example.com,555-788-7745,North
ORD-103292,CUST-779,2026-10-03 23:53:29.146027,2026-10-05 05:53:29.146027,Electronics,7,135.83,0.204,user978@example.com,555-112-2726,South
ORD-100597,CUST-855,2026-08-04 23:53:29.146027,2026-08-05 20:53:29.146027,Groceries,3,75.68,0.044,user561@example.com,555-333-1867,
ORD-103137,CUST-104,2026-05-11 23:53:29.146027,2026-05-11 23:53:29.146027,Groceries,3,7.09,0.22,user658@example.com,555-655-8028,West
ORD-101656,CUST-734,2026-05-22 23:53:29.146027,2026-05-23 06:53:29.146027,Electronics,2,60.84,0.196,user450@example.com,555-332-3894,South
ORD-104352,CUST-405,2026-02-10 23:53:29.146027,2026-02-12 19:53:29.146027,Electronics,7,358.2,0.129,,555-226-2395,East
ORD-103297,CUST-396,2026-03-14 23:53:29.146027,2026-03-16 04:53:29.146027,Groceries,4,408.82,0.267,user927@example.com,555-560-7395,South
ORD-101565,CUST-247,2026-02-11 23:53:29.146027,2026-02-13 18:53:29.146027,Sports,3,102.31,0.089,user974@example.com,555-829-6478,East
ORD-101518,CUST-39,2026-06-20 23:53:29.146027,2026-06-22 18:53:29.146027,Electronics,2,294.69,0.172,user1150@example.com,555-969-2118,West
ORD-104267,CUST-930,31/02/2025,2026-08-30 17:53:29.146027,Groceries,5,403.42,0.237,user1196@example.com,555-621-1446,
ORD-100225,CUST-425,2026-02-16 23:53:29.146027,2026-02-18 20:53:29.146027,Toys,4,326.76,0.042,user475@example.com,555-924-4363,East
ORD-102517,CUST-296,2026-07-20 23:53:29.146027,2026-07-21 06:53:29.146027,Apparel,4,476.83,0.289,user764@example.com,555-744-1452,East
ORD-104256,CUST-901,2026-06-02 23:53:29.146027,2026-06-04 05:53:29.146027,Groceries,3,495.6,0.207,user239@example.com,555-949-7279,West
ORD-102393,CUST-1187,2026-04-03 23:53:29.146027,2026-04-05 22:53:29.146027,Electronics,9,392.94,0.098,user319@example.com,555-743-7258,South
ORD-101760,CUST-982,2026-07-02 23:53:29.146027,2026-07-03 01:53:29.146027,Sports,7,402.55,0.008,user762@example.com,555-770-5739,North
ORD-101360,CUST-86,2026-01-10 23:53:29.146027,2026-01-12 10:53:29.146027,Apparel,1,380.59,0.022,user609@example.com,555-186-7322,South
ORD-103304,CUST-470,2026-05-09 23:53:29.146027,2026-05-10 15:53:29.146027,Groceries,1,80.8,0.059,user305@example.com,555-598-1762,North
ORD-102324,CUST-394,2026-01-15 23:53:29.146027,2026-01-16 21:53:29.146027,Home & Garden,3,315.66,0.125,user1185@example.com,555-332-6451,East
ORD-103558,CUST-747,2026-03-02 23:53:29.146027,2026-03-04 12:53:29.146027,Toys,3,415.97,0.199,user1191@example.com,555-995-4381,South
ORD-104340,CUST-161,2026-04-06 23:53:29.146027,2026-04-08 07:53:29.146027,Toys,3,86.78,0.116,user868@example.com,555-909-9823,North
ORD-101833,CUST-3,2026-08-24 23:53:29.146027,2026-08-26 13:53:29.146027,Groceries,4,361.89,0.05,user1067@example.com,555-148-3022,South
ORD-103661,CUST-782,2026-03-05 23:53:29.146027,2026-03-06 12:53:29.146027,Electronics,1,380.76,0.178,user248@example.com,555-870-9655,South
ORD-102009,CUST-328,2026-03-02 23:53:29.146027,2026-03-03 18:53:29.146027,Sports,3,75.54,0.146,user228@example.com,555-139-3717,South
ORD-103657,CUST-875,2026-03-23 23:53:29.146027,2026-03-25 14:53:29.146027,Home & Garden,9,323.1,0.005,user364@example.com,555-605-6761,East
ORD-104187,CUST-1145,2026-08-31 23:53:29.146027,2026-09-01 10:53:29.146027,Electronics,2,80.91,0.004,user367@example.com,555-372-9582,North
ORD-103857,CUST-494,2026-08-24 23:53:29.146027,2026-08-26 06:53:29.146027,Home & Garden,1,401.25,0.012,user7@example.com,555-343-9101,East
ORD-100693,CUST-630,2026-09-03 23:53:29.146027,2026-09-05 19:53:29.146027,Groceries,8,448.5,0.249,user774@example.com,555-222-5945,South
ORD-104594,CUST-825,2026-05-05 23:53:29.146027,2026-05-06 07:53:29.146027,Sports,6,467.31,0.155,user346@example.com,555-361-3412,
ORD-102612,CUST-286,2026-07-15 23:53:29.146027,2026-07-16 12:53:29.146027,Home & Garden,8,178.22,0.268,user505@example.com,555-493-5830,South
ORD-101186,CUST-711,2026-09-05 23:53:29.146027,2026-09-07 09:53:29.146027,Groceries,6,215.92,0.289,user879@example.com,555-392-8647,West
ORD-101369,CUST-588,2026-01-26 23:53:29.146027,2026-01-27 04:53:29.146027,Home & Garden,-9,290.52,0.176,user709@example.com,555-930-9967,East
ORD-101907,CUST-1038,2026-01-10 23:53:29.146027,2026-01-12 08:53:29.146027,Apparel,5,38.6,0.113,user14@example.com,555-685-7674,
ORD-104088,CUST-575,2026-05-03 23:53:29.146027,2026-05-05 16:53:29.146027,Toys,2,415.98,0.136,user5@example.com,555-344-7685,East
ORD-102477,CUST-218,2026-07-07 23:53:29.146027,2026-07-08 16:53:29.146027,Electronics,5,183.03,0.201,user1141@example.com,555-498-5895,South
ORD-100016,CUST-316,2026-02-11 23:53:29.146027,2026-02-12 12:53:29.146027,Apparel,5,260.8,0.044,user879@example.com,555-624-4179,East
ORD-102514,CUST-565,2026-04-22 23:53:29.146027,2026-04-23 09:53:29.146027,Apparel,2,55.5,0.208,user1036@example.com,555-500-9257,South
ORD-104677,CUST-715,2026-02-16 23:53:29.146027,2026-02-17 09:53:29.146027,Sports,4,0.0,0.049,user1145@example.com,555-270-3984,North
ORD-102205,CUST-536,2026-03-27 23:53:29.146027,2026-03-29 11:53:29.146027,Groceries,7,161.09,0.222,user418@example.com,555-460-8701,North
ORD-103595,CUST-461,2026-09-14 23:53:29.146027,2026-09-16 00:53:29.146027,Toys,4,270.74,0.148,user902@example.com,555-165-2027,East
ORD-101486,CUST-731,2026-08-15 23:53:29.146027,2026-08-16 12:53:29.146027,Sports,1,118.59,0.185,user643@example.com,555-734-6189,North
ORD-101676,CUST-156,2026-03-30 23:53:29.146027,2026-03-31 01:53:29.146027,Apparel,9,85.11,0.185,user893@example.com,555-347-9287,South
ORD-102353,CUST-758,2026-02-10 23:53:29.146027,2026-02-11 23:53:29.146027,Toys,3,377.67,0.01,user967@example.com,555-882-8032,East
ORD-100656,CUST-53,2026-02-04 23:53:29.146027,2026-02-05 17:53:29.146027,Home & Garden,2,497.53,0.145,user454@example.com,555-879-5569,West
ORD-101571,CUST-204,2026-02-10 23:53:29.146027,2026-02-11 12:53:29.146027,Home & Garden,4,256.54,0.296,user1195@example.com,555-792-1181,South
ORD-101737,CUST-646,2026-01-27 23:53:29.146027,2026-01-29 18:53:29.146027,Electronics,-3,427.66,0.045,user791@example.com,555-241-7798,North
ORD-103855,CUST-62,2026-05-18 23:53:29.146027,2026-05-19 05:53:29.146027,Apparel,9,405.05,0.02,user333@example.com,555-553-7035,North
ORD-102846,CUST-280,2026-05-08 23:53:29.146027,2026-05-09 09:53:29.146027,Electronics,4,37.86,0.063,user184@example.com,555-337-8987,North
ORD-102980,CUST-550,2026-03-12 23:53:29.146027,2026-03-14 01:53:29.146027,Groceries,-7,219.1,0.28,user829@example.com,555-875-9699,North
ORD-100618,CUST-597,2026-04-09 23:53:29.146027,2026-04-10 04:53:29.146027,Electronics,6,368.5,0.27,user878@example.com,555-416-2412,North
ORD-102847,CUST-913,2026-07-10 23:53:29.146027,2026-07-11 11:53:29.146027,Apparel,3,5.71,0.188,user744@example.com,555-509-9007,East
ORD-104578,CUST-887,2026-03-09 23:53:29.146027,2026-03-10 01:53:29.146027,Home & Garden,3,104.02,0.191,user1191@example.com,555-502-1043,
ORD-100867,CUST-185,2026-06-06 23:53:29.146027,2026-06-08 01:53:29.146027,Sports,9,318.54,0.006,user233@example.com,555-266-3444,East
ORD-102507,CUST-1092,2026-01-20 23:53:29.146027,2026-01-22 16:53:29.146027,Electronics,3,36.37,0.016,user822@example.com,555-246-5281,South
ORD-102110,CUST-503,2026-05-13 23:53:29.146027,2026-05-14 10:53:29.146027,Electronics,2,233.48,0.232,user523@example.com,555-112-5049,East
ORD-100457,CUST-1012,2026-08-17 23:53:29.146027,2026-08-18 21:53:29.146027,Apparel,4,60.9,0.244,user959@example.com,555-115-5579,West
ORD-104240,CUST-721,2026-01-11 23:53:29.146027,2026-01-12 01:53:29.146027,Toys,4,374.1,0.111,user160@example.com,555-969-9298,East
ORD-100790,CUST-1058,2026-04-05 23:53:29.146027,2026-04-06 07:53:29.146027,Apparel,5,176.89,0.036,user613@example.com,555-836-2340,East
ORD-104320,CUST-328,2026-05-16 23:53:29.146027,2026-05-17 20:53:29.146027,Groceries,2,404.32,0.257,user926@example.com,555-723-6835,North
ORD-103607,CUST-1111,2026-03-30 23:53:29.146027,2026-03-31 22:53:29.146027,Home & Garden,8,74.23,0.059,,555-303-2837,South
ORD-103822,CUST-799,2026-02-21 23:53:29.146027,2026-02-22 08:53:29.146027,Groceries,1,257.26,0.26,user96@example.com,555-266-9416,East
ORD-102260,CUST-339,2026-03-27 23:53:29.146027,2026-03-29 14:53:29.146027,Home & Garden,4,247.0,0.025,user985@example.com,555-938-2378,West
ORD-104640,CUST-499,2026-04-01 23:53:29.146027,2026-04-02 12:53:29.146027,Electronics,5,310.46,0.119,user809@example.com,555-914-2582,East
ORD-102808,CUST-1098,2026-01-30 23:53:29.146027,2026-02-01 18:53:29.146027,Home & Garden,9,277.7,0.297,user969@example.com,555-133-4326,West
ORD-103518,CUST-1018,2026-01-26 23:53:29.146027,2026-01-28 14:53:29.146027,Sports,6,485.99,0.06,user420@example.com,555-145-8636,North
ORD-100733,CUST-503,2026-04-23 23:53:29.146027,2026-04-24 01:53:29.146027,Groceries,6,82.92,0.259,user644@example.com,555-950-6998,East
ORD-104918,CUST-638,2026-04-03 23:53:29.146027,2026-04-05 11:53:29.146027,Toys,6,469.79,0.113,user303@example.com,555-775-1031,North
ORD-103958,CUST-556,2026-04-17 23:53:29.146027,2026-04-19 17:53:29.146027,Toys,3,393.41,0.29,user363@example.com,555-208-1197,North
ORD-102133,CUST-912,2026-08-05 23:53:29.146027,2026-08-06 09:53:29.146027,Home & Garden,8,207.61,0.107,user664@example.com,555-889-7604,East
ORD-101944,CUST-101,2026-03-14 23:53:29.146027,2026-03-16 22:53:29.146027,Electronics,5,162.46,0.274,user410@example.com,555-254-1676,North
ORD-102279,CUST-484,2026-06-04 23:53:29.146027,2026-06-05 06:53:29.146027,Sports,9,301.17,0.197,,555-425-7785,West
ORD-100659,CUST-1084,2026-02-23 23:53:29.146027,2026-02-25 00:53:29.146027,Electronics,2,87.54,0.242,user1198@example.com,555-890-9458,South
ORD-102430,CUST-307,2026-05-09 23:53:29.146027,2026-05-10 04:53:29.146027,Home & Garden,4,242.95,0.121,user319@example.com,555-556-6731,West
ORD-103751,CUST-1167,2026-08-30 23:53:29.146027,2026-08-31 02:53:29.146027,Toys,4,471.23,0.054,user596@example.com,555-684-8481,North
ORD-102528,CUST-486,2030-01-01 00:00:00,2026-07-29 23:53:29.146027,Apparel,1,223.99,0.189,user423@example.com,555-289-6218,North
ORD-104425,CUST-787,2026-10-02 23:53:29.146027,2026-10-03 11:53:29.146027,Electronics,6,169.58,0.205,user1194@example.com,555-695-3792,East
ORD-100642,CUST-585,2026-02-10 23:53:29.146027,2026-02-11 01:53:29.146027,Home & Garden,8,21.52,0.131,user172@example.com,555-257-2945,North
ORD-100168,CUST-741,2026-04-18 23:53:29.146027,2026-04-19 21:53:29.146027,Groceries,5,421.94,0.153,user945@example.com,555-840-3939,North
ORD-101517,CUST-154,2026-02-11 23:53:29.146027,2026-02-12 20:53:29.146027,Home & Garden,2,288.54,0.252,user543@example.com,555-666-1864,South
ORD-101800,CUST-292,2026-09-30 23:53:29.146027,2026-10-02 05:53:29.146027,Groceries,7,99.43,0.219,user1065@example.com,555-839-4592,East
ORD-103394,CUST-450,2026-01-16 23:53:29.146027,2026-01-17 08:53:29.146027,Groceries,1,254.33,0.147,user253@example.com,555-395-1782,East
ORD-101917,CUST-1094,2026-06-01 23:53:29.146027,2026-06-03 08:53:29.146027,Toys,7,74.79,0.134,user618@example.com,555-896-6370,North
ORD-100272,CUST-821,2026-03-02 23:53:29.146027,2026-03-03 08:53:29.146027,Electronics,7,318.76,0.269,user1112@example.com,555-212-5025,East
ORD-102468,CUST-753,2026-03-29 23:53:29.146027,2026-03-31 02:53:29.146027,Groceries,8,353.83,0.024,,555-334-9408,North
ORD-104797,CUST-547,2026-07-13 23:53:29.146027,2026-07-15 10:53:29.146027,Groceries,2,46.4,0.204,user482@example.com,555-229-3981,North
ORD-101066,CUST-249,2026-09-26 23:53:29.146027,2026-09-27 21:53:29.146027,Groceries,7,281.88,0.079,user602@example.com,555-868-7821,East
ORD-100494,CUST-694,2026-02-27 23:53:29.146027,2026-03-01 10:53:29.146027,Electronics,8,252.95,0.283,user427@example.com,555-820-8805,South
ORD-101912,CUST-1034,2026-03-31 23:53:29.146027,2026-04-01 17:53:29.146027,Apparel,5,212.94,0.212,user354@example.com,555-650-4945,West
ORD-103646,CUST-824,2026-08-25 23:53:29.146027,2026-08-27 03:53:29.146027,Toys,8,267.18,0.129,user216@example.com,555-756-5232,South
ORD-100038,CUST-855,2026-04-09 23:53:29.146027,2026-04-10 22:53:29.146027,Toys,8,392.75,0.26,user42@example.com,555-687-4320,East
ORD-100306,CUST-396,2026-03-31 23:53:29.146027,2026-04-02 05:53:29.146027,Electronics,4,130.43,0.165,user1153@example.com,555-497-4035,West
ORD-103740,CUST-645,2026-09-15 23:53:29.146027,2026-09-16 16:53:29.146027,Toys,6,483.83,0.198,user1062@example.com,555-110-4110,West
ORD-104102,CUST-529,2026-03-22 23:53:29.146027,2026-03-24 20:53:29.146027,Groceries,7,393.42,0.121,user1164@example.com,555-738-8472,North
ORD-103152,CUST-367,2026-06-25 23:53:29.146027,2026-06-26 13:53:29.146027,Electronics,9,210.19,0.165,user159@example.com,555-174-8427,East
ORD-102829,CUST-679,2026-07-07 23:53:29.146027,2026-07-08 01:53:29.146027,Electronics,2,143.57,0.095,user757@example.com,555-783-5262,East
ORD-100781,CUST-162,2026-07-17 23:53:29.146027,2026-07-18 13:53:29.146027,Apparel,9,430.61,0.252,user801@example.com,555-637-2915,South
ORD-100534,CUST-760,2026-07-23 23:53:29.146027,2026-07-25 15:53:29.146027,Home & Garden,7,80.27,0.278,user125@example.com,555-371-7207,North
ORD-100583,CUST-777,2026-02-25 23:53:29.146027,2026-02-26 09:53:29.146027,Groceries,3,162.65,0.298,user1166@example.com,555-729-3387,West
ORD-104143,CUST-26,2026-02-07 23:53:29.146027,2026-02-09 17:53:29.146027,Home & Garden,9,247.59,0.038,,555-367-9303,North
ORD-103796,CUST-530,2026-03-20 23:53:29.146027,2026-03-22 11:53:29.146027,Toys,3,415.61,0.088,user413@example.com,555-485-5857,North
ORD-104550,CUST-274,2026-04-26 23:53:29.146027,2026-04-27 06:53:29.146027,Electronics,4,254.31,0.161,user562@example.com,555-808-1545,East
ORD-104965,CUST-1066,2026-01-24 23:53:29.146027,2026-01-26 12:53:29.146027,Apparel,6,409.74,0.109,user1173@example.com,555-245-7191,South
ORD-102861,CUST-965,2026-09-20 23:53:29.146027,2026-09-21 11:53:29.146027,Apparel,9,54.42,0.264,user743@example.com,555-327-1919,North
ORD-100316,CUST-989,2026-07-23 23:53:29.146027,2026-07-25 03:53:29.146027,Sports,4,412.89,0.128,user623@example.com,555-904-5748,West
ORD-102197,CUST-1090,2026-09-23 23:53:29.146027,2026-09-24 18:53:29.146027,Sports,2,139.5,0.165,user1146@example.com,555-178-4747,East
ORD-102564,CUST-256,2026-05-06 23:53:29.146027,2026-05-07 17:53:29.146027,Electronics,7,243.85,0.299,user331@example.com,555-339-9654,West
ORD-104610,CUST-832,2026-06-05 23:53:29.146027,2026-06-06 08:53:29.146027,Toys,2,46.06,0.289,user67@example.com,555-162-8816,West
ORD-104856,CUST-200,2026-07-09 23:53:29.146027,2026-07-11 01:53:29.146027,Home & Garden,5,339.86,0.172,user396@example.com,555-414-3227,East
ORD-101794,CUST-24,2026-02-07 23:53:29.146027,2026-02-08 21:53:29.146027,Toys,8,420.24,0.099,user416@example.com,555-427-6961,West
ORD-104726,CUST-747,2026-06-20 23:53:29.146027,2026-06-21 16:53:29.146027,Sports,6,115.86,0.248,user248@example.com,555-864-7868,East
ORD-104309,CUST-403,2026-04-21 23:53:29.146027,2026-04-22 08:53:29.146027,Apparel,-2,42.4,0.026,user1015@example.com,555-824-7951,West
ORD-100271,CUST-717,2026-05-07 23:53:29.146027,2026-05-07 23:53:29.146027,Toys,9,368.85,0.258,user699@example.com,555-780-1500,South
ORD-100548,CUST-463,2026-08-29 23:53:29.146027,2026-08-31 05:53:29.146027,Groceries,5,427.99,0.091,user682@example.com,555-980-8769,North
ORD-101692,CUST-528,2026-07-29 23:53:29.146027,2026-07-30 04:53:29.146027,Apparel,3,453.29,0.006,user383@example.com,555-306-9983,East
ORD-103525,CUST-766,2026-01-10 23:53:29.146027,2026-01-12 15:53:29.146027,Groceries,7,29.78,0.292,user716@example.com,555-827-6072,East
ORD-103012,CUST-1148,2026-09-03 23:53:29.146027,2026-09-05 09:53:29.146027,Home & Garden,9,314.24,0.05,user121@example.com,555-638-8455,North
ORD-104867,CUST-589,2026-05-06 23:53:29.146027,2026-05-08 15:53:29.146027,Electronics,5,321.9,0.021,user1002@example.com,555-961-9870,East
ORD-102390,CUST-855,2026-09-16 23:53:29.146027,2026-09-17 17:53:29.146027,Sports,5,271.05,0.221,,555-613-6447,West
ORD-103876,CUST-672,2026-04-04 23:53:29.146027,2026-04-05 22:53:29.146027,Electronics,4,151.99,0.15,user224@example.com,555-165-3589,West
ORD-100894,CUST-290,2026-09-15 23:53:29.146027,2026-09-17 21:53:29.146027,Apparel,5,247.69,0.093,user587@example.com,555-238-3270,West
ORD-101999,CUST-250,2026-03-02 23:53:29.146027,2026-03-03 10:53:29.146027,Electronics,8,71.23,0.144,user916@example.com,555-341-4638,South
ORD-102122,CUST-323,2026-08-18 23:53:29.146027,2026-08-20 10:53:29.146027,Electronics,3,377.88,0.254,user153@example.com,555-644-3435,West
ORD-104157,CUST-636,2026-04-17 23:53:29.146027,2026-04-19 08:53:29.146027,Electronics,6,171.73,0.218,user131@example.com,555-809-4551,South
ORD-101247,CUST-603,2026-03-20 23:53:29.146027,2026-03-22 04:53:29.146027,Apparel,9,376.63,0.276,user170@example.com,555-467-4297,West
ORD-101259,CUST-1025,2026-01-16 23:53:29.146027,2026-01-17 00:53:29.146027,Apparel,9,497.69,0.186,user817@example.com,555-555-1539,North
ORD-100809,CUST-14,2026-01-31 23:53:29.146027,2026-02-01 16:53:29.146027,Sports,5,256.55,0.254,user1121@example.com,555-311-2537,North
ORD-101049,CUST-444,2026-05-28 23:53:29.146027,2026-05-30 20:53:29.146027,groceries,9,439.73,0.198,user742@example.com,555-155-9207,North
ORD-101878,CUST-232,2026-07-03 23:53:29.146027,2026-07-05 00:53:29.146027,Sports,8,34.61,0.276,user761@example.com,555-921-2293,West
ORD-102879,CUST-47,2026-02-28 23:53:29.146027,2026-03-01 03:53:29.146027,Apparel,4,23108.5,0.115,user1032@example.com,555-905-3541,West
ORD-100107,CUST-1032,2026-04-21 23:53:29.146027,2026-04-23 16:53:29.146027,Apparel,7,146.81,0.106,user966@example.com,555-519-7103,West
ORD-100673,CUST-758,2026-08-02 23:53:29.146027,2026-08-03 06:53:29.146027,Home & Garden,6,256.28,0.035,user1179@example.com,555-723-9689,East
ORD-104538,CUST-905,31/02/2025,2026-09-18 01:53:29.146027,Sports,3,351.3,0.267,user711@example.com,555-465-3177,South
ORD-104365,CUST-117,2026-03-28 23:53:29.146027,2026-03-29 18:53:29.146027,Apparel,3,92.94,0.216,user918@example.com,555-423-4222,West
ORD-101532,CUST-1133,2026-08-03 23:53:29.146027,2026-08-05 03:53:29.146027,Electronics,1,69.7,0.234,user1091@example.com,555-329-7541,South
ORD-101855,CUST-1034,2026-05-22 23:53:29.146027,2026-05-24 19:53:29.146027,Electronics,9,103.17,0.143,user1171@example.com,555-390-4848,North
ORD-100211,CUST-55,2026-04-09 23:53:29.146027,2026-04-11 13:53:29.146027,Apparel,5,109.85,0.141,user1013@example.com,555-908-1165,West
ORD-103147,CUST-902,2026-08-19 23:53:29.146027,2026-08-21 22:53:29.146027,Groceries,7,319.12,0.24,user1020@example.com,555-969-4055,North
ORD-102256,CUST-1021,2026-02-01 23:53:29.146027,2026-02-02 23:53:29.146027,Toys,9,400.33,0.152,user823@example.com,555-559-1855,East
ORD-102105,CUST-475,2026-06-25 23:53:29.146027,2026-06-26 19:53:29.146027,Toys,8,22.06,0.17,user469@example.com,555-681-3115,East
ORD-103268,CUST-250,2026-08-29 23:53:29.146027,2026-08-30 19:53:29.146027,Groceries,6,25.01,0.279,user945@example.com,555-277-4117,North
ORD-104840,CUST-957,2026-06-11 23:53:29.146027,2026-06-12 23:53:29.146027,Apparel,4,316.87,0.247,user328@example.com,555-196-4158,West
ORD-101973,CUST-712,2026-04-19 23:53:29.146027,2026-04-21 00:53:29.146027,Apparel,7,337.23,0.289,user520@example.com,555-368-1334,North
ORD-101501,CUST-45,2026-05-10 23:53:29.146027,2026-05-12 20:53:29.146027,Home & Garden,9,304.03,0.202,user748@example.com,555-632-1893,South
ORD-104182,CUST-783,2026-05-08 23:53:29.146027,2026-05-09 01:53:29.146027,Toys,9,0.0,0.083,user1064@example.com,555-873-5704,North
ORD-100646,CUST-521,2026-09-10 23:53:29.146027,2026-09-11 10:53:29.146027,electronics,2,31.61,0.289,user922@example.com,555-616-9563,East
ORD-103633,CUST-753,2026-04-09 23:53:29.146027,2026-04-10 12:53:29.146027,Apparel,7,402.85,0.059,user34@example.com,555-451-2554,North
ORD-100771,CUST-1165,2026-05-12 23:53:29.146027,2026-05-13 01:53:29.146027,Electronics,1,134.29,0.232,user1020@example.com,555-651-5804,West
ORD-100703,CUST-523,2026-02-09 23:53:29.146027,2026-02-10 20:53:29.146027,Groceries,3,144.03,0.199,user1118@example.com,555-263-9148,North
ORD-103587,CUST-990,2026-01-08 23:53:29.146027,2026-01-09 09:53:29.146027,Electronics,1,411.91,0.003,user843@example.com,555-707-4495,West
ORD-101249,CUST-677,2026-07-15 23:53:29.146027,2026-07-16 12:53:29.146027,Sports,4,323.95,0.246,user1045@example.com,555-311-1425,North
ORD-102472,CUST-226,2026-07-31 23:53:29.146027,2026-08-01 22:53:29.146027,Sports,1,184.92,0.178,,555-121-3729,East
ORD-101860,CUST-400,2026-10-01 23:53:29.146027,2026-10-03 09:53:29.146027,Toys,5,105.67,0.132,user625@example.com,555-294-7948,West
ORD-100709,CUST-1196,2026-02-09 23:53:29.146027,2026-02-11 04:53:29.146027,Home & Garden,9,80.35,0.102,user94@example.com,555-792-7712,West
ORD-102672,CUST-181,2026-01-09 23:53:29.146027,2026-01-11 16:53:29.146027,Apparel,6,135.48,0.231,user33@example.com,555-846-5518,North
ORD-101461,CUST-105,2026-02-27 23:53:29.146027,2026-02-27 23:53:29.146027,Home & Garden,2,282.58,0.23,user275@example.com,555-547-2996,West
ORD-101484,CUST-740,2026-07-31 23:53:29.146027,2026-08-02 01:53:29.146027,Sports,8,9370.0,0.208,user274@example.com,555-907-4052,South
ORD-102545,CUST-417,2026-07-11 23:53:29.146027,2026-07-12 18:53:29.146027,Toys,3,18911.0,0.037,user564@example.com,555-380-3631,South
ORD-100230,CUST-1040,2026-06-11 23:53:29.146027,2026-06-12 02:53:29.146027,Toys,9,337.31,0.25,user89@example.com,555-710-6836,South
ORD-101356,CUST-795,2026-05-08 23:53:29.146027,2026-05-10 13:53:29.146027,Toys,4,486.02,0.063,user470@example.com,555-607-7472,South
ORD-103011,CUST-320,2026-03-24 23:53:29.146027,2026-03-26 19:53:29.146027,Sports,9,188.15,0.285,user493@example.com,555-882-6181,East
ORD-100851,CUST-757,2026-09-22 23:53:29.146027,2026-09-24 02:53:29.146027,Groceries,8,138.48,0.218,user140@example.com,555-559-5646,North
ORD-101004,CUST-1143,2026-05-12 23:53:29.146027,2026-05-13 05:53:29.146027,Home & Garden,2,110.72,0.284,user1136@example.com,555-776-7274,East
ORD-101996,CUST-29,2026-02-21 23:53:29.146027,2026-02-23 03:53:29.146027,Sports,3,367.1,0.299,user1171@example.com,555-476-2245,West
ORD-101834,CUST-694,2026-04-03 23:53:29.146027,2026-04-04 11:53:29.146027,Apparel,9,21158.5,0.083,user485@example.com,555-399-4115,
ORD-103973,CUST-566,2026-03-12 23:53:29.146027,2026-03-14 02:53:29.146027,Electronics,3,21.27,0.268,user237@example.com,555-131-7657,West
ORD-101316,CUST-442,2026-06-18 23:53:29.146027,2026-06-20 22:53:29.146027,Electronics,-1,76.24,0.187,user890@example.com,555-204-5796,South
ORD-103327,CUST-1031,2026-05-05 23:53:29.146027,2026-05-06 12:53:29.146027,Toys,8,19.35,0.041,user595@example.com,555-906-4159,North
ORD-101623,CUST-753,2026-04-17 23:53:29.146027,2026-04-18 03:53:29.146027,Electronics,2,105.22,0.125,user883@example.com,555-607-6591,East
ORD-101480,CUST-127,2026-09-01 23:53:29.146027,2026-09-03 17:53:29.146027,Home & Garden,4,53.14,0.114,user307@example.com,555-356-9635,South
ORD-103833,CUST-394,2026-07-25 23:53:29.146027,2026-07-26 18:53:29.146027,Home & Garden,9,422.08,0.101,user993@example.com,555-214-8001,North
ORD-101278,CUST-319,2026-07-16 23:53:29.146027,2026-07-17 05:53:29.146027,Apparel,5,50.65,0.241,user193@example.com,555-342-8055,South
ORD-103080,CUST-123,2026-09-25 23:53:29.146027,2026-09-27 13:53:29.146027,Toys,8,187.21,0.011,user1163@example.com,555-916-4086,East
ORD-101823,CUST-37,2026-08-14 23:53:29.146027,2026-08-16 05:53:29.146027,Apparel,2,257.27,0.207,user1031@example.com,555-747-3953,North
ORD-101053,CUST-794,2026-03-02 23:53:29.146027,2026-03-03 17:53:29.146027,Home & Garden,8,468.17,0.004,user1071@example.com,555-581-7053,West
ORD-104145,CUST-21,2026-03-20 23:53:29.146027,2026-03-22 02:53:29.146027,Groceries,3,249.26,0.088,user835@example.com,555-415-2056,North
ORD-100475,CUST-713,2026-03-05 23:53:29.146027,2026-03-06 18:53:29.146027,Home & Garden,1,232.57,0.25,user871@example.com,555-247-4785,South
ORD-102282,CUST-210,2026-09-08 23:53:29.146027,2026-09-09 12:53:29.146027,Sports,5,374.35,0.182,user940@example.com,555-107-7815,South
ORD-103711,CUST-711,2026-06-19 23:53:29.146027,2026-06-21 22:53:29.146027,Apparel,9,389.86,0.065,user531@example.com,555-931-6572,West
ORD-103146,CUST-689,2026-07-25 23:53:29.146027,2026-07-27 21:53:29.146027,Electronics,6,135.48,0.048,user792@example.com,555-861-9481,South
ORD-100335,CUST-1159,2026-07-04 23:53:29.146027,2026-07-06 15:53:29.146027,Toys,8,65.48,0.044,user1155@example.com,555-431-1095,West
ORD-102617,CUST-51,2026-08-13 23:53:29.146027,2026-08-14 16:53:29.146027,Sports,2,377.29,0.092,user748@example.com,555-278-2599,East
ORD-103662,CUST-1094,2026-04-15 23:53:29.146027,2026-04-16 12:53:29.146027,Home & Garden,2,22.27,0.237,,555-222-5991,West
ORD-100088,CUST-597,2026-07-17 23:53:29.146027,2026-07-19 11:53:29.146027,Home & Garden,9,420.71,0.297,user467@example.com,555-489-3067,West
ORD-100874,CUST-948,2026-02-08 23:53:29.146027,2026-02-10 00:53:29.146027,Home & Garden,1,179.29,0.278,user720@example.com,555-962-3992,North
ORD-100543,CUST-1113,2026-02-26 23:53:29.146027,2026-02-28 01:53:29.146027,Electronics,2,311.78,0.279,user925@example.com,555-442-8396,East
ORD-103000,CUST-654,2026-05-30 23:53:29.146027,2026-05-31 23:53:29.146027,Electronics,1,470.93,0.121,user1133@example.com,555-811-7901,East
ORD-102760,CUST-789,2026-09-18 23:53:29.146027,2026-09-20 07:53:29.146027,Apparel,7,31.89,0.233,user247@example.com,555-983-3591,North
ORD-101125,CUST-345,2026-05-10 23:53:29.146027,2026-05-11 18:53:29.146027,Toys,9,427.6,0.198,user197@example.com,555-165-9345,North
ORD-101880,CUST-619,2026-02-06 23:53:29.146027,2026-02-07 08:53:29.146027,Toys,7,93.1,0.179,user201@example.com,555-868-2281,West
ORD-104968,CUST-188,2026-08-20 23:53:29.146027,2026-08-21 16:53:29.146027,Apparel,9,164.82,0.269,user384@example.com,555-612-8976,West
ORD-100926,CUST-755,2026-01-23 23:53:29.146027,2026-01-24 04:53:29.146027,Sports,2,370.35,0.119,user964@example.com,555-692-2890,East
ORD-100319,CUST-769,2026-01-20 23:53:29.146027,2026-01-22 18:53:29.146027,Electronics,5,297.22,0.287,user886@example.com,555-550-5688,South
ORD-100878,CUST-83,2026-07-31 23:53:29.146027,2026-08-01 16:53:29.146027,Groceries,6,96.8,0.201,user432@example.com,555-825-3150,West
ORD-103994,CUST-963,2026-04-25 23:53:29.146027,2026-04-26 04:53:29.146027,Apparel,1,31.21,0.169,user1079@example.com,555-211-8917,West
ORD-103246,CUST-459,2026-03-20 23:53:29.146027,2026-03-21 21:53:29.146027,Toys,7,78.02,0.106,user39@example.com,555-636-8616,South
ORD-103078,CUST-670,2026-03-20 23:53:29.146027,2026-03-20 23:53:29.146027,Apparel,N/A,324.42,0.281,user891@example.com,555-360-3188,North
ORD-103761,CUST-40,2026-03-10 23:53:29.146027,2026-03-12 06:53:29.146027,Home & Garden,7,394.68,0.291,user520@example.com,555-291-5323,South
ORD-104680,CUST-461,2026-06-21 23:53:29.146027,2026-06-22 13:53:29.146027,Sports,6,239.5,0.237,,555-771-5961,South
ORD-104234,CUST-254,2026-03-21 23:53:29.146027,2026-03-23 02:53:29.146027,Home & Garden,5,360.43,0.252,user259@example.com,555-773-6602,South
ORD-104259,CUST-749,2026-07-28 23:53:29.146027,2026-07-30 15:53:29.146027,Electronics,2,432.81,0.062,user635@example.com,555-445-2230,East
ORD-101618,CUST-1179,2026-03-29 23:53:29.146027,2026-03-31 14:53:29.146027,Sports,5,286.65,0.039,user871@example.com,555-345-1135,East
ORD-103726,CUST-1112,2026-02-09 23:53:29.146027,2026-02-10 23:53:29.146027,Home & Garden,7,361.94,0.181,user1181@example.com,555-297-7745,North
ORD-103235,CUST-1127,2026-05-25 23:53:29.146027,2026-05-26 04:53:29.146027,Home & Garden,1,326.83,0.13,user268@example.com,555-476-2650,South
ORD-101045,CUST-178,2026-03-17 23:53:29.146027,2026-03-19 17:53:29.146027,Groceries,6,388.39,0.038,user194@example.com,555-117-4658,West
ORD-101750,CUST-926,2026-09-09 23:53:29.146027,2026-09-11 17:53:29.146027,Sports,3,260.94,0.045,user73@example.com,555-943-7055,South
ORD-103878,CUST-997,2026-07-12 23:53:29.146027,2026-07-13 02:53:29.146027,Apparel,5,137.8,0.167,user904@example.com,555-100-7086,East
ORD-103917,CUST-1114,2026-08-29 23:53:29.146027,2026-08-31 20:53:29.146027,Home & Garden,2,36.64,0.223,user300@example.com,555-123-4019,North
ORD-101043,CUST-17,2026-06-28 23:53:29.146027,2026-06-29 13:53:29.146027,Electronics,2,347.8,0.253,user907@example.com,555-867-8362,East
ORD-103010,CUST-778,2026-08-05 23:53:29.146027,2026-08-06 05:53:29.146027,Electronics,1,64.26,0.194,user385@example.com,555-851-7451,West
ORD-103290,CUST-867,2026-03-29 23:53:29.146027,2026-03-31 09:53:29.146027,Toys,3,151.06,0.26,user1077@example.com,555-977-7228,East
ORD-102064,CUST-963,2026-06-20 23:53:29.146027,2026-06-22 02:53:29.146027,Home & Garden,7,412.6,0.216,user531@example.com,555-390-2172,North
ORD-102964,CUST-26,2026-04-30 23:53:29.146027,2026-05-01 02:53:29.146027,Home & Garden,8,143.12,0.039,user918@example.com,555-445-7253,South
ORD-100641,CUST-761,2026-10-02 23:53:29.146027,2026-10-03 15:53:29.146027,Home & Garden,7,133.4,0.182,user446@example.com,555-720-2748,East
ORD-100137,CUST-158,2026-09-25 23:53:29.146027,2026-09-27 05:53:29.146027,Toys,2,18.56,0.021,user1000@example.com,555-669-8092,East
ORD-100880,CUST-518,2030-01-01 00:00:00,2026-08-09 15:53:29.146027,Sports,4,388.42,0.069,user1@example.com,555-251-1908,South
ORD-101976,CUST-137,2026-08-19 23:53:29.146027,2026-08-21 18:53:29.146027,Home & Garden,4,359.87,0.016,user289@example.com,555-445-8759,North
ORD-101581,CUST-460,2026-09-17 23:53:29.146027,2026-09-17 23:53:29.146027,Toys,1,369.89,0.066,user482@example.com,555-307-1512,West
ORD-101097,CUST-144,2026-05-19 23:53:29.146027,2026-05-21 00:53:29.146027,Home & Garden,8,158.25,0.119,user315@example.com,555-210-8110,East
ORD-104745,CUST-108,2026-04-18 23:53:29.146027,2026-04-19 12:53:29.146027,Electronics,3,265.88,0.102,user306@example.com,555-555-1646,East
ORD-101392,CUST-223,2026-03-11 23:53:29.146027,2026-03-12 14:53:29.146027,Groceries,N/A,165.22,0.273,user1136@example.com,555-713-1675,South
ORD-102083,CUST-912,2026-03-05 23:53:29.146027,2026-03-07 00:53:29.146027,Groceries,8,407.8,0.187,user449@example.com,555-432-1148,East
ORD-101266,CUST-1016,2026-02-28 23:53:29.146027,2026-03-01 14:53:29.146027,Groceries,3,0.0,0.136,user28@example.com,555-517-2580,North
ORD-104231,CUST-611,2026-06-12 23:53:29.146027,2026-06-14 05:53:29.146027,Home & Garden,9,295.87,0.18,user903@example.com,555-913-7526,South
ORD-102574,CUST-1,2026-09-03 23:53:29.146027,2026-09-05 03:53:29.146027,Sports,2,79.65,0.285,user1044@example.com,555-210-9305,East
ORD-102135,CUST-877,2026-02-23 23:53:29.146027,2026-02-24 02:53:29.146027,Home & Garden,3,323.12,0.056,user1066@example.com,555-864-7020,East
ORD-101503,CUST-416,2026-07-04 23:53:29.146027,2026-07-06 05:53:29.146027,Groceries,3,74.82,0.211,user85@example.com,555-861-4174,South
ORD-103367,CUST-586,2026-01-11 23:53:29.146027,2026-01-12 19:53:29.146027,Sports,5,222.9,0.029,user511@example.com,555-519-3700,North
ORD-103729,CUST-426,2026-08-16 23:53:29.146027,2026-08-18 19:53:29.146027,Electronics,3,162.6,0.232,user395@example.com,555-463-3034,West
ORD-100148,CUST-306,2026-05-30 23:53:29.146027,2026-06-01 11:53:29.146027,Home & Garden,1,49.52,0.173,user44@example.com,555-456-4029,South
ORD-100303,CUST-513,2026-08-12 23:53:29.146027,2026-08-14 21:53:29.146027,Home & Garden,3,379.9,0.151,user302@example.com,555-219-3449,South
ORD-101924,CUST-809,2026-04-06 23:53:29.146027,2026-04-08 13:53:29.146027,Apparel,8,82.84,0.071,user1133@example.com,555-970-7711,West
ORD-104844,CUST-431,2026-04-05 23:53:29.146027,2026-04-07 04:53:29.146027,Sports,9,322.58,0.121,user500@example.com,555-384-9611,North
ORD-102637,CUST-709,2026-07-21 23:53:29.146027,2026-07-22 22:53:29.146027,Electronics,7,318.32,0.089,user352@example.com,555-929-1012,North
ORD-101904,CUST-282,2026-04-28 23:53:29.146027,2026-04-29 17:53:29.146027,Apparel,-6,493.81,0.098,user1113@example.com,555-538-6315,North
ORD-104735,CUST-221,2026-03-20 23:53:29.146027,2026-03-22 11:53:29.146027,Sports,7,490.23,0.146,user134@example.com,555-815-1971,
ORD-104294,CUST-623,2026-06-24 23:53:29.146027,2026-06-25 17:53:29.146027,Electronics,2,167.83,0.095,user376@example.com,555-867-9038,East
ORD-103842,CUST-305,2026-05-17 23:53:29.146027,2026-05-18 20:53:29.146027,Home & Garden,-9,149.64,0.243,user319@example.com,555-880-3725,North
ORD-104505,CUST-434,2026-06-30 23:53:29.146027,2026-07-02 18:53:29.146027,Sports,4,383.69,0.219,user1012@example.com,555-625-1794,South
ORD-101768,CUST-642,2026-04-30 23:53:29.146027,2026-05-01 10:53:29.146027,Apparel,5,247.68,0.166,user17@example.com,555-602-4200,South
ORD-102875,CUST-676,2026-04-12 23:53:29.146027,2026-04-14 16:53:29.146027,Groceries,1,275.55,0.298,user840@example.com,555-763-1380,East
ORD-102240,CUST-753,2026-01-17 23:53:29.146027,2026-01-19 01:53:29.146027,Electronics,6,185.96,0.193,user562@example.com,555-115-5290,South
ORD-102605,CUST-750,2026-03-19 23:53:29.146027,2026-03-21 11:53:29.146027,Sports,7,201.74,0.076,user374@example.com,555-121-5855,South
ORD-100483,CUST-1142,2026-03-16 23:53:29.146027,2026-03-17 12:53:29.146027,Home & Garden,9,42.55,0.113,user112@example.com,555-652-5994,West
ORD-101280,CUST-708,2026-09-12 23:53:29.146027,2026-09-13 20:53:29.146027,Apparel,4,379.74,0.293,user571@example.com,555-261-2490,South
ORD-103680,CUST-145,2026-06-18 23:53:29.146027,2026-06-19 08:53:29.146027,Groceries,1,90.85,0.267,user1002@example.com,555-137-3626,North
ORD-100791,CUST-288,2026-02-21 23:53:29.146027,2026-02-23 18:53:29.146027,Sports,1,495.64,0.146,user285@example.com,555-859-5511,North
ORD-101201,CUST-127,2026-08-24 23:53:29.146027,2026-08-24 23:53:29.146027,Electronics,2,259.85,0.113,user976@example.com,555-339-4050,North
ORD-103912,CUST-1013,2026-02-06 23:53:29.146027,2026-02-08 08:53:29.146027,Sports,7,50.96,0.152,user70@example.com,555-826-2845,East
ORD-102362,CUST-1011,2026-08-01 23:53:29.146027,2026-08-02 08:53:29.146027,Toys,9,486.95,0.13,user621@example.com,555-513-8736,East
ORD-103069,CUST-1163,2026-02-26 23:53:29.146027,2026-02-27 14:53:29.146027,Electronics,7,495.26,0.064,user438@example.com,555-493-4012,North
ORD-103429,CUST-156,2026-05-21 23:53:29.146027,2026-05-22 20:53:29.146027,Sports,2,489.89,0.006,user856@example.com,555-123-6758,East
ORD-104171,CUST-342,2026-09-09 23:53:29.146027,2026-09-11 16:53:29.146027,Toys,6,357.66,0.067,user919@example.com,555-954-8179,North
ORD-104911,CUST-612,2026-04-26 23:53:29.146027,2026-04-28 03:53:29.146027,Toys,1,171.49,0.279,user448@example.com,555-958-5738,West
ORD-102591,CUST-699,2026-09-24 23:53:29.146027,2026-09-25 02:53:29.146027,Toys,6,410.11,0.218,user691@example.com,555-428-2093,East
ORD-102710,CUST-978,2026-03-18 23:53:29.146027,2026-03-19 01:53:29.146027,Toys,3,311.9,0.073,user231@example.com,555-475-7030,North
ORD-101529,CUST-7,2026-04-06 23:53:29.146027,2026-04-07 07:53:29.146027,Toys,6,396.69,0.215,user866@example.com,555-275-2352,South
ORD-102809,CUST-285,2026-09-19 23:53:29.146027,2026-09-20 14:53:29.146027,Groceries,6,282.55,0.101,user572@example.com,555-520-8057,West
ORD-100685,CUST-608,2026-07-20 23:53:29.146027,2026-07-22 01:53:29.146027,Electronics,3,198.04,0.028,user640@example.com,555-685-7835,East
ORD-101551,CUST-791,2026-02-13 23:53:29.146027,2026-02-14 00:53:29.146027,Toys,3,172.51,0.077,user113@example.com,555-911-2496,East
ORD-104255,CUST-684,2026-08-26 23:53:29.146027,2026-08-28 12:53:29.146027,Apparel,1,436.04,0.008,user1@example.com,555-749-3036,South
ORD-103871,CUST-264,2026-09-01 23:53:29.146027,2026-09-02 04:53:29.146027,Groceries,4,220.35,0.083,user279@example.com,555-554-3239,North
ORD-100560,CUST-37,2026-08-24 23:53:29.146027,2026-08-26 00:53:29.146027,Apparel,1,452.69,0.016,,555-111-1088,North
ORD-102250,CUST-315,2026-07-27 23:53:29.146027,2026-07-29 01:53:29.146027,Sports,1,291.26,0.047,user293@example.com,555-855-6839,North
ORD-104754,CUST-1124,2026-02-11 23:53:29.146027,2026-02-12 19:53:29.146027,Sports,9,240.15,0.257,user922@example.com,555-631-6539,North
ORD-103500,CUST-1096,2026-07-10 23:53:29.146027,2026-07-11 00:53:29.146027,Groceries,7,348.84,0.016,user640@example.com,555-366-1439,North
ORD-102689,CUST-235,2026-01-11 23:53:29.146027,2026-01-12 05:53:29.146027,Toys,1,122.63,0.01,user564@example.com,555-121-7430,West
ORD-104208,CUST-684,2026-04-02 23:53:29.146027,2026-04-03 23:53:29.146027,Toys,8,236.48,0.242,,555-395-5550,East
ORD-104944,CUST-722,2026-02-27 23:53:29.146027,2026-03-01 14:53:29.146027,Home & Garden,3,221.37,0.058,user565@example.com,555-397-5762,West
ORD-103379,CUST-1113,2026-08-21 23:53:29.146027,2026-08-22 22:53:29.146027,Groceries,7,10.99,0.203,user763@example.com,555-167-7938,North
ORD-103193,CUST-451,2026-06-25 23:53:29.146027,2026-06-25 23:53:29.146027,Home & Garden,4,130.54,0.185,user177@example.com,555-616-8542,South
ORD-101446,CUST-16,2026-06-19 23:53:29.146027,2026-06-20 05:53:29.146027,Toys,2,143.03,0.116,user122@example.com,555-793-8557,North
ORD-101952,CUST-780,2026-07-26 23:53:29.146027,2026-07-27 05:53:29.146027,Toys,1,494.21,0.029,user958@example.com,555-694-2014,West
ORD-100922,CUST-361,2026-01-26 23:53:29.146027,2026-01-28 19:53:29.146027,Home & Garden,8,334.72,0.283,user639@example.com,555-201-2044,West
ORD-101624,CUST-309,2026-04-25 23:53:29.146027,2026-04-26 17:53:29.146027,Sports,8,483.4,0.116,user1020@example.com,555-966-7230,North
ORD-100310,CUST-177,2026-09-12 23:53:29.146027,2026-09-14 12:53:29.146027,Apparel,9,195.2,0.028,user416@example.com,555-236-8185,East
ORD-101319,CUST-178,2026-01-27 23:53:29.146027,2026-01-28 16:53:29.146027,Sports,7,430.89,0.0,user307@example.com,555-452-9509,West
ORD-103531,CUST-673,2026-09-06 23:53:29.146027,2026-09-08 17:53:29.146027,Apparel,1,448.95,0.115,user863@example.com,555-829-8447,East
ORD-101663,CUST-532,2026-04-18 23:53:29.146027,2026-04-20 12:53:29.146027,Groceries,4,236.98,0.066,user577@example.com,555-686-9752,East
ORD-100815,CUST-618,2026-08-11 23:53:29.146027,2026-08-13 14:53:29.146027,Toys,1,112.33,0.286,user925@example.com,555-946-3018,West
ORD-104606,CUST-334,2026-04-30 23:53:29.146027,2026-05-01 00:53:29.146027,Apparel,3,426.85,0.299,user928@example.com,555-720-9942,West
ORD-102266,CUST-380,2026-04-27 23:53:29.146027,2026-04-29 22:53:29.146027,Groceries,4,34.44,0.209,user1106@example.com,555-691-8783,West
ORD-101473,CUST-740,2026-05-28 23:53:29.146027,2026-05-30 21:53:29.146027,Groceries,2,43.15,0.131,user173@example.com,555-964-2210,South
ORD-101773,CUST-649,2026-01-13 23:53:29.146027,2026-01-15 21:53:29.146027,Toys,7,432.02,0.134,user204@example.com,555-584-7738,North
ORD-104693,CUST-1138,2026-08-20 23:53:29.146027,2026-08-21 13:53:29.146027,Home & Garden,3,421.66,0.142,user128@example.com,555-655-2386,West
ORD-101093,CUST-947,2026-03-17 23:53:29.146027,2026-03-18 17:53:29.146027,Home & Garden,5,187.66,0.02,user110@example.com,555-275-9902,West
ORD-104176,CUST-1181,2026-02-04 23:53:29.146027,2026-02-06 09:53:29.146027,Sports,5,316.25,0.234,user646@example.com,555-258-9327,West
ORD-101950,CUST-519,2026-07-03 23:53:29.146027,2026-07-05 11:53:29.146027,Sports,6,499.53,0.115,user596@example.com,555-511-7677,West
ORD-103884,CUST-157,2026-03-16 23:53:29.146027,2026-03-17 03:53:29.146027,Home & Garden,5,383.92,0.143,user561@example.com,555-313-3903,South
ORD-104834,CUST-15,2026-08-05 23:53:29.146027,2026-08-07 13:53:29.146027,Electronics,7,323.91,0.23,user775@example.com,555-601-4803,South
ORD-104753,CUST-474,2026-01-12 23:53:29.146027,2026-01-13 15:53:29.146027,Home & Garden,4,444.86,0.175,user111@example.com,555-340-7543,West
ORD-102800,CUST-163,2026-02-11 23:53:29.146027,2026-02-13 02:53:29.146027,Toys,4,401.23,0.235,user423@example.com,555-149-4475,North
ORD-101239,CUST-370,2026-07-11 23:53:29.146027,2026-07-13 05:53:29.146027,Home & Garden,6,168.6,0.066,user609@example.com,555-187-4915,South
ORD-100329,CUST-396,2026-06-19 23:53:29.146027,2026-06-20 14:53:29.146027,Apparel,3,198.93,0.047,user473@example.com,555-356-1419,South
ORD-103102,CUST-639,2026-03-05 23:53:29.146027,2026-03-07 12:53:29.146027,electronics,4,398.67,0.199,,555-126-3572,North
ORD-100242,CUST-209,2026-08-28 23:53:29.146027,2026-08-29 17:53:29.146027,Toys,8,421.32,0.212,user1152@example.com,555-826-8277,North
ORD-104762,CUST-705,2026-03-06 23:53:29.146027,2026-03-07 12:53:29.146027,Electronics,3,491.68,0.138,user84@example.com,555-207-4401,South
ORD-102257,CUST-618,2026-07-19 23:53:29.146027,2026-07-21 06:53:29.146027,Sports,8,370.81,0.241,user537@example.com,555-405-4950,East
ORD-102818,CUST-874,2026-08-18 23:53:29.146027,2026-08-20 15:53:29.146027,Home & Garden,1,80.76,0.178,user942@example.com,555-473-9626,West
ORD-103824,CUST-782,2026-05-03 23:53:29.146027,2026-05-04 07:53:29.146027,Apparel,8,194.55,0.113,user6@example.com,555-392-2915,South
ORD-100753,CUST-282,2026-03-04 23:53:29.146027,2026-03-05 00:53:29.146027,Home & Garden,2,457.13,0.215,user833@example.com,555-483-9404,East
ORD-101563,CUST-602,2026-05-15 23:53:29.146027,2026-05-16 21:53:29.146027,Toys,-3,248.52,0.09,user468@example.com,555-822-7697,North
ORD-101934,CUST-987,2026-09-02 23:53:29.146027,2026-09-03 00:53:29.146027,Sports,6,390.15,0.201,user1029@example.com,555-661-5501,West
ORD-104872,CUST-854,2026-09-30 23:53:29.146027,2026-10-02 13:53:29.146027,Home & Garden,6,53.44,0.27,user992@example.com,555-692-2749,North
ORD-103493,CUST-953,2026-01-31 23:53:29.146027,2026-01-31 23:53:29.146027,Electronics,3,47.61,0.098,user863@example.com,555-428-8567,West
ORD-103022,CUST-713,2026-03-03 23:53:29.146027,2026-03-05 21:53:29.146027,Home & Garden,9,179.84,0.184,user698@example.com,555-983-2435,North
ORD-102648,CUST-738,2026-07-21 23:53:29.146027,2026-07-22 20:53:29.146027,Sports,6,422.14,0.246,user894@example.com,555-780-1057,South
ORD-101856,CUST-565,2026-06-18 23:53:29.146027,2026-06-19 10:53:29.146027,Home & Garden,3,8.81,0.052,user1035@example.com,555-823-8133,West
ORD-103563,CUST-652,2026-03-10 23:53:29.146027,2026-03-12 07:53:29.146027,Sports,1,426.91,0.074,user447@example.com,555-250-1902,North
ORD-101964,CUST-960,2026-03-05 23:53:29.146027,2026-03-07 12:53:29.146027,Home & Garden,8,200.72,0.152,user886@example.com,555-766-8535,South
ORD-101013,CUST-95,2026-04-17 23:53:29.146027,2026-04-19 19:53:29.146027,Home & Garden,4,439.89,0.109,user6@example.com,555-197-5414,West
ORD-101427,CUST-192,2026-07-24 23:53:29.146027,2026-07-25 06:53:29.146027,Electronics,8,115.74,0.276,user614@example.com,555-454-2275,South
ORD-103322,CUST-483,2026-06-01 23:53:29.146027,2026-06-03 18:53:29.146027,Apparel,6,9.58,0.265,user1153@example.com,555-331-3724,South
ORD-101295,CUST-495,2026-04-21 23:53:29.146027,2026-04-23 17:53:29.146027,Electronics,5,408.1,0.125,user975@example.com,555-268-7357,West
ORD-100466,CUST-715,2026-05-12 23:53:29.146027,2026-05-14 15:53:29.146027,Sports,4,225.87,0.117,user797@example.com,555-115-5357,South
ORD-104028,CUST-8,2026-06-16 23:53:29.146027,2026-06-17 07:53:29.146027,Electronics,7,88.27,0.222,user718@example.com,555-305-1139,North
ORD-100174,CUST-258,2026-01-23 23:53:29.146027,2026-01-24 06:53:29.146027,Home & Garden,2,91.1,0.086,user964@example.com,555-475-3064,South
ORD-100277,CUST-565,2026-05-27 23:53:29.146027,2026-05-28 14:53:29.146027,Toys,8,96.59,0.176,user6@example.com,555-427-2243,West
ORD-101069,CUST-684,2026-07-17 23:53:29.146027,2026-07-18 19:53:29.146027,Apparel,6,12.66,0.089,user513@example.com,555-401-8350,East
ORD-101548,CUST-50,2026-05-20 23:53:29.146027,2026-05-22 09:53:29.146027,Electronics,1,330.43,0.297,user126@example.com,555-833-8358,East
ORD-101024,CUST-1092,2026-05-24 23:53:29.146027,2026-05-26 14:53:29.146027,Electronics,6,493.32,0.113,user658@example.com,555-295-1582,North
ORD-102834,CUST-647,2026-02-22 23:53:29.146027,2026-02-23 23:53:29.146027,Apparel,5,51.59,0.265,user321@example.com,555-558-6129,East
ORD-101466,CUST-1018,2026-09-18 23:53:29.146027,2026-09-19 16:53:29.146027,Groceries,6,434.49,0.242,user819@example.com,555-869-4833,South
ORD-101713,CUST-25,2026-06-19 23:53:29.146027,2026-06-20 10:53:29.146027,Apparel,9,375.38,0.263,user618@example.com,555-688-6472,South
ORD-103424,CUST-200,2026-03-15 23:53:29.146027,2026-03-17 02:53:29.146027,Toys,2,146.5,0.056,user902@example.com,555-218-4879,North
ORD-102611,CUST-842,2026-03-02 23:53:29.146027,2026-03-03 09:53:29.146027,Groceries,8,384.88,0.165,user959@example.com,555-510-3690,North
ORD-100388,CUST-157,2026-02-05 23:53:29.146027,2026-02-06 20:53:29.146027,Electronics,6,498.53,0.092,user361@example.com,555-109-5267,East
ORD-102070,CUST-93,2026-01-10 23:53:29.146027,2026-01-12 18:53:29.146027,Sports,2,426.78,0.029,user1182@example.com,555-533-2738,East
ORD-103970,CUST-992,2026-08-08 23:53:29.146027,2026-08-10 08:53:29.146027,Toys,2,42.95,0.184,user276@example.com,555-186-5621,East
ORD-103495,CUST-601,2026-09-04 23:53:29.146027,2026-09-05 21:53:29.146027,Toys,1,271.14,0.142,user273@example.com,555-139-9282,West
ORD-102821,CUST-34,2026-07-27 23:53:29.146027,2026-07-28 01:53:29.146027,Home & Garden,3,0.0,0.079,user228@example.com,555-555-5571,East
ORD-101424,CUST-1158,2026-08-17 23:53:29.146027,2026-08-18 13:53:29.146027,Toys,7,288.31,0.284,user1102@example.com,555-407-1188,
ORD-103542,CUST-1003,2026-03-04 23:53:29.146027,2026-03-05 05:53:29.146027,Electronics,9,38.63,0.199,user881@example.com,555-722-2649,West
ORD-104982,CUST-293,2026-03-09 23:53:29.146027,2026-03-10 18:53:29.146027,Groceries,4,320.51,0.01,user561@example.com,555-809-4596,West
ORD-103574,CUST-355,2026-07-01 23:53:29.146027,2026-07-02 14:53:29.146027,Electronics,6,392.87,0.051,user585@example.com,555-167-5828,West
ORD-100050,CUST-1083,2026-02-14 23:53:29.146027,2026-02-15 11:53:29.146027,Apparel,6,267.82,0.107,user424@example.com,555-115-1162,South
ORD-101887,CUST-806,2026-09-20 23:53:29.146027,2026-09-22 15:53:29.146027,Apparel,7,467.23,0.179,user844@example.com,555-470-3974,East
ORD-103695,CUST-363,2026-08-06 23:53:29.146027,2026-08-08 02:53:29.146027,Groceries,7,352.28,0.163,user839@example.com,555-925-5543,East
ORD-104229,CUST-146,2026-08-20 23:53:29.146027,2026-08-21 10:53:29.146027,Home & Garden,9,148.11,0.078,user94@example.com,555-346-4887,East
ORD-100482,CUST-767,2026-02-19 23:53:29.146027,2026-02-21 18:53:29.146027,Electronics,8,458.86,0.042,user64@example.com,555-402-7820,
ORD-103393,CUST-793,2026-04-29 23:53:29.146027,2026-05-01 15:53:29.146027,Groceries,5,230.23,0.27,user1127@example.com,555-881-8104,South
ORD-102251,CUST-243,2026-08-07 23:53:29.146027,2026-08-09 15:53:29.146027,Groceries,7,414.07,0.273,user190@example.com,555-832-7829,West
ORD-104162,CUST-1104,2026-05-25 23:53:29.146027,2026-05-27 03:53:29.146027,Groceries,7,307.91,0.296,user123@example.com,555-560-7735,East
ORD-102313,CUST-254,2026-06-21 23:53:29.146027,2026-06-23 02:53:29.146027,Electronics,5,435.35,0.092,user390@example.com,555-756-5649,East
ORD-102849,CUST-861,2026-07-09 23:53:29.146027,2026-07-11 01:53:29.146027,Apparel,9,178.67,0.261,user1093@example.com,555-375-9491,South
ORD-103103,CUST-438,2026-05-31 23:53:29.146027,2026-06-01 06:53:29.146027,Electronics,6,110.51,0.142,user811@example.com,555-970-5343,West
ORD-104127,CUST-385,2026-02-24 23:53:29.146027,2026-02-26 15:53:29.146027,Electronics,2,331.74,0.003,user1150@example.com,555-489-7028,South
ORD-103867,CUST-757,2026-06-05 23:53:29.146027,2026-06-07 08:53:29.146027,Apparel,8,188.16,0.009,user1017@example.com,555-244-7634,South
ORD-102465,CUST-738,2026-02-10 23:53:29.146027,2026-02-11 03:53:29.146027,Toys,1,259.18,0.016,user251@example.com,555-660-5387,South
ORD-102929,CUST-1094,2026-09-18 23:53:29.146027,2026-09-20 10:53:29.146027,Toys,4,339.62,0.286,user348@example.com,555-586-3195,North
ORD-104106,CUST-1042,2026-02-10 23:53:29.146027,2026-02-12 12:53:29.146027,Home & Garden,6,472.66,0.113,user1126@example.com,555-959-7202,East
ORD-100064,CUST-190,2026-10-02 23:53:29.146027,2026-10-03 22:53:29.146027, Groceries ,1,132.24,0.143,user779@example.com,555-216-8578,South
ORD-104815,CUST-385,2026-09-22 23:53:29.146027,2026-09-23 15:53:29.146027,Electronics,3,297.33,0.134,user1145@example.com,555-737-3602,South
ORD-100776,CUST-123,2026-08-08 23:53:29.146027,2026-08-10 21:53:29.146027,Sports,4,191.06,0.063,user1161@example.com,555-291-5550,East
ORD-104173,CUST-614,2026-10-01 23:53:29.146027,2026-10-01 23:53:29.146027,Sports,5,262.39,0.262,user973@example.com,555-884-1879,
ORD-102734,CUST-326,2026-03-27 23:53:29.146027,2026-03-28 13:53:29.146027,Sports,8,473.01,0.26,user220@example.com,555-363-6351,North
ORD-102580,CUST-1043,2026-02-26 23:53:29.146027,2026-02-27 14:53:29.146027,Sports,8,205.27,0.246,user764@example.com,555-804-9492,South
ORD-103483,CUST-663,2026-06-15 23:53:29.146027,2026-06-16 10:53:29.146027,Home & Garden,2,437.72,0.053,user706@example.com,555-397-3643,West
ORD-104959,CUST-282,2026-07-05 23:53:29.146027,2026-07-07 09:53:29.146027,Sports,1,465.8,0.238,user678@example.com,555-403-4476,East
ORD-102344,CUST-874,2026-03-29 23:53:29.146027,2026-03-31 02:53:29.146027,GROCERIES,7,153.94,0.239,user919@example.com,555-409-9289,South
ORD-102815,CUST-675,2026-02-26 23:53:29.146027,2026-02-28 02:53:29.146027,Sports,2,423.93,0.063,user626@example.com,555-281-5895,North
ORD-104781,CUST-563,2026-03-27 23:53:29.146027,2026-03-28 20:53:29.146027,Home & Garden,6,437.99,0.199,user977@example.com,555-360-9639,North
ORD-104026,CUST-225,2026-02-16 23:53:29.146027,2026-02-17 22:53:29.146027,Electronics,4,29.94,0.276,user440@example.com,555-726-3604,North
ORD-100724,CUST-312,2026-08-05 23:53:29.146027,2026-08-07 12:53:29.146027,Sports,3,372.51,0.165,user860@example.com,555-912-3372,West
ORD-104661,CUST-134,2026-02-23 23:53:29.146027,2026-02-24 04:53:29.146027,Home & Garden,4,313.84,0.101,user456@example.com,555-811-9361,South
ORD-104643,CUST-61,2026-05-13 23:53:29.146027,2026-05-15 19:53:29.146027,Home & Garden,7,491.62,0.248,user716@example.com,555-609-9414,East
ORD-104575,CUST-367,2026-02-01 23:53:29.146027,2026-02-02 14:53:29.146027,Electronics,1,448.5,0.117,user764@example.com,555-778-1965,South
ORD-104952,CUST-391,2026-04-08 23:53:29.146027,2026-04-10 21:53:29.146027,Apparel,8,103.22,0.255,user828@example.com,555-146-5370,East
ORD-101735,CUST-653,2026-06-04 23:53:29.146027,2026-06-06 09:53:29.146027,Groceries,7,125.18,0.024,user1027@example.com,555-728-2727,South
ORD-103124,CUST-87,2026-09-30 23:53:29.146027,2026-10-02 02:53:29.146027,Toys,7,94.16,0.073,user1073@example.com,555-166-8938,West
ORD-100273,CUST-1055,2026-09-28 23:53:29.146027,2026-09-29 10:53:29.146027,Electronics,8,359.17,0.104,user743@example.com,555-201-4004,South
ORD-102944,CUST-317,2026-07-11 23:53:29.146027,2026-07-12 22:53:29.146027,electronics,3,292.29,0.194,user1175@example.com,555-982-4273,East
ORD-104850,CUST-573,2026-06-24 23:53:29.146027,2026-06-25 16:53:29.146027,Electronics,9,41.46,0.037,user1157@example.com,555-608-4066,East
ORD-104637,CUST-367,2026-08-16 23:53:29.146027,2026-08-18 15:53:29.146027,Home & Garden,1,385.34,0.223,user85@example.com,555-231-8582,North
ORD-101452,CUST-79,2026-06-19 23:53:29.146027,2026-06-20 01:53:29.146027,Toys,1,377.19,0.22,user219@example.com,555-365-8214,East
ORD-102715,CUST-412,2026-04-14 23:53:29.146027,2026-04-16 01:53:29.146027,Sports,6,400.02,0.092,user1024@example.com,555-686-9813,West
ORD-104245,CUST-744,2026-07-04 23:53:29.146027,2026-07-05 04:53:29.146027,Apparel,4,439.58,0.04,user1139@example.com,555-976-8912,East
ORD-102692,CUST-530,2026-08-21 23:53:29.146027,2026-08-22 10:53:29.146027,Sports,2,418.03,0.068,user522@example.com,555-594-3486,East
ORD-102767,CUST-681,2026-06-24 23:53:29.146027,2026-06-26 16:53:29.146027,Groceries,8,449.81,0.088,user665@example.com,555-326-8277,North
ORD-100218,CUST-448,2026-09-07 23:53:29.146027,2026-09-08 22:53:29.146027,Apparel,5,193.98,0.078,user319@example.com,555-773-4354,West
ORD-100239,CUST-31,2026-08-15 23:53:29.146027,2026-08-16 09:53:29.146027,Sports,7,140.84,0.109,user214@example.com,555-410-7993,North
ORD-101131,CUST-385,2026-08-08 23:53:29.146027,2026-08-09 15:53:29.146027,Sports,5,226.54,0.244,user1148@example.com,555-285-1821,West
ORD-104821,CUST-586,2026-04-27 23:53:29.146027,2026-04-29 07:53:29.146027,Home & Garden,6,359.07,0.217,user674@example.com,555-303-3979,North
ORD-103264,CUST-236,2026-04-15 23:53:29.146027,2026-04-17 02:53:29.146027,Home & Garden,3,321.24,0.237,user289@example.com,555-845-8028,East
ORD-102239,CUST-586,2026-05-11 23:53:29.146027,2026-05-12 12:53:29.146027,Sports,5,23896.5,0.25,user1040@example.com,555-243-7060,East
ORD-101383,CUST-561,2026-01-18 23:53:29.146027,2026-01-20 21:53:29.146027,Groceries,2,346.74,0.017,user741@example.com,555-433-5592,North
ORD-103074,CUST-281,2026-02-24 23:53:29.146027,2026-02-25 17:53:29.146027,Toys,3,495.84,0.043,user396@example.com,555-170-4091,East
ORD-101357,CUST-1027,2026-08-28 23:53:29.146027,2026-08-29 05:53:29.146027,Toys,6,109.57,0.122,user242@example.com,555-278-1346,East
ORD-102630,CUST-979,2026-02-20 23:53:29.146027,2026-02-22 02:53:29.146027,Groceries,1,52.13,0.103,user632@example.com,555-518-3328,South
ORD-102832,CUST-71,2026-07-05 23:53:29.146027,2026-07-07 13:53:29.146027,Electronics,4,253.97,0.017,user157@example.com,555-512-7767,North
ORD-100624,CUST-75,2026-09-25 23:53:29.146027,2026-09-26 17:53:29.146027,Toys,5,90.68,0.224,user1083@example.com,555-121-8658,East
ORD-100839,CUST-842,2026-03-04 23:53:29.146027,2026-03-05 23:53:29.146027,Groceries,1,379.94,0.121,user532@example.com,555-976-4744,North
ORD-100323,CUST-1018,2026-09-11 23:53:29.146027,2026-09-12 03:53:29.146027,toys,8,396.87,0.136,user620@example.com,555-474-1272,West
ORD-102261,CUST-21,2026-03-19 23:53:29.146027,2026-03-21 02:53:29.146027,Toys,3,149.2,0.265,user1029@example.com,555-998-1459,West
ORD-101867,CUST-1070,2026-05-23 23:53:29.146027,2026-05-24 22:53:29.146027,Toys,2,431.86,0.137,user806@example.com,555-564-2542,East
ORD-102826,CUST-327,2026-05-27 23:53:29.146027,2026-05-29 19:53:29.146027,Electronics,6,118.45,0.037,user911@example.com,555-628-7170,North
ORD-104634,CUST-234,2026-06-09 23:53:29.146027,2026-06-11 06:53:29.146027,Toys,3,462.06,0.157,user865@example.com,555-351-4190,North
ORD-100437,CUST-958,2026-02-10 23:53:29.146027,2026-02-11 20:53:29.146027,Apparel,7,477.27,0.117,user559@example.com,555-187-1782,South
ORD-100119,CUST-352,2026-06-15 23:53:29.146027,2026-06-16 09:53:29.146027,Home & Garden,5,271.72,0.275,user49@example.com,555-824-3443,North
ORD-104602,CUST-106,2026-01-14 23:53:29.146027,2026-01-16 19:53:29.146027,Groceries,9,179.8,0.2,user399@example.com,555-118-4161,West
ORD-104776,CUST-541,2026-04-23 23:53:29.146027,2026-04-25 03:53:29.146027,Electronics,3,329.54,0.18,user630@example.com,555-888-2717,North
ORD-101839,CUST-464,2026-08-28 23:53:29.146027,2026-08-29 03:53:29.146027,Electronics,5,30.19,0.287,user157@example.com,555-664-3698,West
ORD-101026,CUST-195,2026-02-24 23:53:29.146027,2026-02-25 16:53:29.146027,Apparel,1,483.16,0.292,user256@example.com,555-185-7939,West
ORD-103301,CUST-1180,2026-07-24 23:53:29.146027,2026-07-25 21:53:29.146027,Toys,1,315.91,0.024,user1148@example.com,555-426-7876,West
ORD-104172,CUST-1062,2026-03-05 23:53:29.146027,2026-03-07 13:53:29.146027,Apparel,8,247.99,0.145,user465@example.com,555-413-5761,West
ORD-103101,CUST-219,2026-08-13 23:53:29.146027,2026-08-14 08:53:29.146027,Home & Garden,3,480.98,0.088,user495@example.com,555-489-6107,North
ORD-100900,CUST-347,2026-02-17 23:53:29.146027,2026-02-18 01:53:29.146027,Toys,3,137.51,0.261,user794@example.com,555-501-5715,East
ORD-104467,CUST-245,2026-01-20 23:53:29.146027,2026-01-22 22:53:29.146027,Home & Garden,4,61.76,0.113,user670@example.com,555-100-7816,South
ORD-101204,CUST-105,2026-01-31 23:53:29.146027,2026-02-02 09:53:29.146027,Groceries,6,16.97,0.129,user435@example.com,555-746-2162,East
ORD-104682,CUST-610,2026-07-24 23:53:29.146027,2026-07-26 10:53:29.146027,Groceries,8,78.71,0.13,user177@example.com,555-979-1157,West
ORD-103070,CUST-673,2026-08-28 23:53:29.146027,2026-08-30 20:53:29.146027,Electronics,5,465.11,0.227,user415@example.com,555-130-3723,East
ORD-104050,CUST-430,2026-08-14 23:53:29.146027,2026-08-15 01:53:29.146027, Toys ,7,126.36,0.221,user774@example.com,555-828-4249,North
ORD-100552,CUST-1075,2026-05-09 23:53:29.146027,2026-05-11 02:53:29.146027,Groceries,6,149.88,0.286,user952@example.com,555-284-5319,West
ORD-100406,CUST-143,2026-03-11 23:53:29.146027,2026-03-12 17:53:29.146027,Sports,6,203.21,0.087,user1069@example.com,555-506-3721,East
ORD-104617,CUST-387,2026-02-04 23:53:29.146027,2026-02-05 19:53:29.146027,Home & Garden,6,119.81,0.093,user43@example.com,555-894-8005,East
ORD-101613,CUST-304,2026-10-01 23:53:29.146027,2026-10-02 14:53:29.146027,apparel,3,329.19,0.199,user138@example.com,555-492-5989,East
ORD-102934,CUST-1021,2026-08-21 23:53:29.146027,2026-08-23 01:53:29.146027,Apparel,3,40.55,0.134,user111@example.com,555-844-5299,North
ORD-103298,CUST-555,2026-06-04 23:53:29.146027,2026-06-05 03:53:29.146027,Apparel,4,23.38,0.251,user1046@example.com,555-286-6307,North
ORD-102833,CUST-23,2026-04-08 23:53:29.146027,2026-04-08 23:53:29.146027,Home & Garden,5,383.63,0.215,user256@example.com,555-422-5447,West
ORD-102349,CUST-851,2026-08-31 23:53:29.146027,2026-09-01 13:53:29.146027,Electronics,4,159.03,0.152,user90@example.com,555-314-6477,North
ORD-103109,CUST-1101,2026-06-02 23:53:29.146027,2026-06-02 23:53:29.146027,Electronics,7,190.29,0.249,user647@example.com,555-305-1391,West
ORD-101738,CUST-839,2026-07-27 23:53:29.146027,2026-07-29 17:53:29.146027,Sports,8,325.24,0.154,user147@example.com,555-862-1965,South
ORD-100236,CUST-1155,2030-01-01 00:00:00,2026-08-24 17:53:29.146027,Groceries,9,191.08,0.297,user1103@example.com,555-741-3067,West
ORD-103163,CUST-785,2026-07-23 23:53:29.146027,2026-07-25 08:53:29.146027,Toys,8,427.2,0.036,user195@example.com,555-978-1890,
ORD-100499,CUST-1180,2026-04-18 23:53:29.146027,2026-04-18 23:53:29.146027,Sports,7,294.43,0.132,user442@example.com,555-724-5828,North
ORD-103625,CUST-778,2026-05-19 23:53:29.146027,2026-05-21 07:53:29.146027,Sports,2,167.2,0.149,user532@example.com,555-196-3801,West
ORD-103127,CUST-451,2026-08-26 23:53:29.146027,2026-08-27 12:53:29.146027,Toys,6,297.81,0.242,user460@example.com,555-192-7182,South
ORD-100794,CUST-1144,2026-08-06 23:53:29.146027,2026-08-08 05:53:29.146027,Toys,7,201.71,0.258,user1095@example.com,555-742-4517,East
ORD-103358,CUST-457,2026-09-14 23:53:29.146027,2026-09-16 13:53:29.146027,Home & Garden,1,377.51,0.203,user681@example.com,555-407-4991,East
ORD-103291,CUST-1158,2026-07-02 23:53:29.146027,2026-07-03 04:53:29.146027,Sports,7,313.03,0.088,user657@example.com,555-307-2110,West
ORD-103972,CUST-1112,2026-08-22 23:53:29.146027,2026-08-23 11:53:29.146027,Home & Garden,8,486.16,0.13,user26@example.com,555-394-6866,East
ORD-100990,CUST-1176,2026-02-11 23:53:29.146027,2026-02-12 08:53:29.146027,Home & Garden,2,469.96,0.175,user1020@example.com,555-296-7942,South
ORD-102435,CUST-497,2026-08-22 23:53:29.146027,2026-08-23 05:53:29.146027,Sports,6,33.78,0.278,user488@example.com,555-205-3459,South
ORD-103376,CUST-182,2026-07-14 23:53:29.146027,2026-07-14 23:53:29.146027,Groceries,9,266.51,0.037,user1055@example.com,555-241-1989,East
ORD-100390,CUST-706,2026-02-07 23:53:29.146027,2026-02-08 15:53:29.146027,Groceries,4,182.74,0.115,user712@example.com,555-837-1082,West
ORD-102400,CUST-36,2026-07-24 23:53:29.146027,2026-07-25 09:53:29.146027,Sports,5,334.35,0.233,user627@example.com,555-847-6558,West
ORD-101217,CUST-1189,2026-09-14 23:53:29.146027,2026-09-16 10:53:29.146027,Electronics,2,227.29,0.245,user639@example.com,555-362-6489,North
ORD-100235,CUST-945,2026-02-12 23:53:29.146027,2026-02-13 23:53:29.146027,Sports,9,193.46,0.234,user1044@example.com,555-870-1716,South
ORD-100331,CUST-77,2026-05-16 23:53:29.146027,2026-05-17 04:53:29.146027,Apparel,8,212.38,0.233,,555-819-4465,North
ORD-104576,CUST-151,2026-01-24 23:53:29.146027,2026-01-26 02:53:29.146027,Sports,7,331.32,0.118,user109@example.com,555-235-6036,West
ORD-103188,CUST-360,2026-01-30 23:53:29.146027,2026-02-01 21:53:29.146027,Apparel,5,268.41,0.115,user539@example.com,555-407-4983,East
ORD-100044,CUST-733,2026-08-26 23:53:29.146027,2026-08-27 08:53:29.146027,Groceries,9,309.85,0.052,,555-621-5030,North
ORD-104777,CUST-1182,2026-09-16 23:53:29.146027,2026-09-17 09:53:29.146027,Sports,1,386.55,0.235,user501@example.com,555-727-7983,East
ORD-104216,CUST-1120,2026-03-12 23:53:29.146027,2026-03-13 17:53:29.146027,Toys,3,63.98,0.218,user839@example.com,555-777-6254,West
ORD-103436,CUST-1032,2026-07-14 23:53:29.146027,2026-07-15 07:53:29.146027,Sports,5,9.27,0.25,user155@example.com,555-819-3911,East
ORD-103072,CUST-249,2026-06-05 23:53:29.146027,2026-06-06 15:53:29.146027,Home & Garden,4,371.92,0.268,user731@example.com,555-120-5449,West
ORD-103134,CUST-421,2026-07-30 23:53:29.146027,2026-08-01 17:53:29.146027,Groceries,8,302.43,0.16,user443@example.com,555-676-4207,North
ORD-104045,CUST-697,2026-07-08 23:53:29.146027,2026-07-10 10:53:29.146027,Home & Garden,1,114.29,0.071,user887@example.com,555-384-5149,East
ORD-101594,CUST-530,2026-08-21 23:53:29.146027,2026-08-22 16:53:29.146027,Home & Garden,9,36.35,0.047,user785@example.com,555-199-7327,East
ORD-100223,CUST-509,2026-09-09 23:53:29.146027,2026-09-10 21:53:29.146027,Apparel,4,395.06,0.08,user446@example.com,555-332-7949,North
ORD-102891,CUST-994,2026-09-17 23:53:29.146027,2026-09-19 08:53:29.146027,Apparel,1,137.57,0.142,user799@example.com,555-754-8965,South
ORD-101245,CUST-448,2026-09-17 23:53:29.146027,2026-09-18 15:53:29.146027,Groceries,3,57.42,0.064,user829@example.com,555-546-2192,East
ORD-101540,CUST-542,2026-03-06 23:53:29.146027,2026-03-07 01:53:29.146027,Home & Garden,1,412.77,0.143,,555-718-8328,East
ORD-103537,CUST-194,2026-08-22 23:53:29.146027,2026-08-24 00:53:29.146027,Electronics,3,364.13,0.074,user1146@example.com,555-713-3310,East
ORD-104148,CUST-1148,2026-07-08 23:53:29.146027,2026-07-10 22:53:29.146027,Apparel,2,478.19,0.12,user1130@example.com,555-786-8749,West
ORD-104625,CUST-258,2026-04-05 23:53:29.146027,2026-04-07 02:53:29.146027,Apparel,8,415.47,0.183,user49@example.com,555-276-3464,North
ORD-102533,CUST-456,2026-08-04 23:53:29.146027,2026-08-05 19:53:29.146027,Sports,6,77.53,0.172,user631@example.com,555-700-6187,East
ORD-102366,CUST-630,2026-01-22 23:53:29.146027,2026-01-24 21:53:29.146027,Apparel,7,294.31,0.18,user254@example.com,555-265-9109,South
ORD-100818,CUST-1024,2026-06-13 23:53:29.146027,2026-06-14 02:53:29.146027,Home & Garden,3,204.91,0.009,user346@example.com,555-957-1722,East
ORD-103458,CUST-966,2026-08-25 23:53:29.146027,2026-08-27 07:53:29.146027,Groceries,3,73.02,0.09,user884@example.com,555-957-3988,East
ORD-100155,CUST-98,2026-09-08 23:53:29.146027,2026-09-10 04:53:29.146027,Sports,8,191.9,0.16,user102@example.com,555-405-4056,North
ORD-104969,CUST-464,2026-09-16 23:53:29.146027,2026-09-17 09:53:29.146027,Groceries,9,364.57,0.113,user916@example.com,555-870-3514,East
ORD-100248,CUST-1054,2026-01-30 23:53:29.146027,2026-02-01 13:53:29.146027,Sports,4,188.47,0.117,user595@example.com,555-501-9249,East
ORD-103927,CUST-921,2026-05-20 23:53:29.146027,2026-05-21 14:53:29.146027,Home & Garden,6,218.1,0.174,user634@example.com,555-765-3530,South
ORD-104014,CUST-1152,2026-05-15 23:53:29.146027,2026-05-17 09:53:29.146027,Sports,5,274.87,0.198,user427@example.com,555-270-6816,East
ORD-102636,CUST-66,2026-08-14 23:53:29.146027,2026-08-16 04:53:29.146027,Home & Garden,6,288.85,0.243,user884@example.com,555-704-1000,West
ORD-100793,CUST-168,2026-07-30 23:53:29.146027,2026-08-01 15:53:29.146027,Apparel,7,74.11,0.2,user376@example.com,555-779-8862,East
ORD-101725,CUST-369,2026-07-15 23:53:29.146027,2026-07-17 16:53:29.146027,Toys,3,309.54,0.029,user452@example.com,555-337-3200,South
ORD-103189,CUST-668,2026-09-06 23:53:29.146027,2026-09-07 19:53:29.146027,Electronics,5,330.85,0.028,user1107@example.com,555-852-2659,East
ORD-102649,CUST-193,2026-06-24 23:53:29.146027,2026-06-25 21:53:29.146027,Apparel,1,199.44,0.034,user1143@example.com,555-410-9626,East
ORD-100628,CUST-225,2026-08-02 23:53:29.146027,2026-08-03 04:53:29.146027,Electronics,5,356.06,0.071,user1149@example.com,555-210-5373,East
ORD-104829,CUST-375,2026-08-24 23:53:29.146027,2026-08-25 07:53:29.146027,Sports,8,203.39,0.05,user418@example.com,555-283-8385,West
ORD-102339,CUST-166,2026-05-24 23:53:29.146027,2026-05-26 05:53:29.146027,Apparel,3,105.33,0.128,user255@example.com,555-698-4786,North
ORD-104950,CUST-145,2026-05-07 23:53:29.146027,2026-05-09 19:53:29.146027,Electronics,5,160.02,0.229,user528@example.com,555-558-1062,South
ORD-101620,CUST-585,2026-05-21 23:53:29.146027,2026-05-22 22:53:29.146027,Sports,2,477.21,0.279,user955@example.com,555-308-6759,South
ORD-101451,CUST-1091,2026-02-22 23:53:29.146027,2026-02-24 17:53:29.146027,Home & Garden,7,410.27,0.108,user249@example.com,555-680-9890,East
ORD-102902,CUST-263,2030-01-01 00:00:00,2026-08-20 12:53:29.146027,Groceries,-4,460.19,0.193,user812@example.com,555-294-9571,East
ORD-101828,CUST-241,2026-06-30 23:53:29.146027,2026-07-01 13:53:29.146027,Groceries,3,462.3,0.033,user209@example.com,555-759-9972,West
ORD-100826,CUST-151,2026-03-06 23:53:29.146027,2026-03-08 05:53:29.146027,Toys,4,278.43,0.162,user687@example.com,555-358-4382,South
ORD-101639,CUST-1174,2026-05-03 23:53:29.146027,2026-05-04 03:53:29.146027,Home & Garden,9,16.04,0.033,user345@example.com,555-386-5461,North
ORD-103864,CUST-763,2026-02-08 23:53:29.146027,2026-02-08 23:53:29.146027,Electronics,3,361.63,0.256,user415@example.com,555-623-2362,North
ORD-102913,CUST-397,2026-09-13 23:53:29.146027,2026-09-14 02:53:29.146027,Groceries,4,382.3,0.006,user1181@example.com,555-140-9271,South
ORD-103791,CUST-58,2026-05-27 23:53:29.146027,2026-05-29 11:53:29.146027,Apparel,5,456.71,0.206,user769@example.com,555-356-8247,South
ORD-102939,CUST-863,2026-05-11 23:53:29.146027,2026-05-13 17:53:29.146027,Sports,7,316.51,0.27,user747@example.com,555-796-9089,North
ORD-103420,CUST-478,2026-03-30 23:53:29.146027,2026-04-01 20:53:29.146027,Electronics,3,142.08,0.09,,555-791-7359,North
ORD-103996,CUST-896,2026-05-07 23:53:29.146027,2026-05-08 10:53:29.146027,Apparel,9,216.5,0.178,user106@example.com,555-471-8093,West
ORD-103767,CUST-637,2026-08-01 23:53:29.146027,2026-08-03 14:53:29.146027,Electronics,4,15.86,0.295,user939@example.com,555-767-7834,West
ORD-100535,CUST-1091,2026-03-20 23:53:29.146027,2026-03-22 18:53:29.146027,Electronics,9,410.52,0.207,user243@example.com,555-792-3066,North
ORD-102663,CUST-474,2026-04-19 23:53:29.146027,2026-04-20 10:53:29.146027,Sports,4,384.58,0.047,user73@example.com,555-213-8405,West
ORD-100154,CUST-1125,2026-06-19 23:53:29.146027,2026-06-20 15:53:29.146027,Electronics,4,371.91,0.038,user483@example.com,555-435-3007,West
ORD-103241,CUST-483,2026-07-29 23:53:29.146027,2026-07-30 13:53:29.146027,Home & Garden,5,485.11,0.106,user1051@example.com,555-185-2762,East
ORD-103149,CUST-803,2026-02-14 23:53:29.146027,2026-02-15 10:53:29.146027,Sports,1,51.38,0.211,user1044@example.com,555-726-3603,East
ORD-102952,CUST-1013,2026-01-08 23:53:29.146027,2026-01-10 20:53:29.146027,SPORTS,8,161.94,0.025,user383@example.com,555-858-1655,South
ORD-101311,CUST-71,2026-08-27 23:53:29.146027,2026-08-28 08:53:29.146027,Sports,4,183.42,0.074,,555-409-6687,West
ORD-100322,CUST-733,2026-03-28 23:53:29.146027,2026-03-29 20:53:29.146027,Home & Garden,4,118.6,0.114,user436@example.com,555-234-5355,East
ORD-104110,CUST-1043,2026-02-10 23:53:29.146027,2026-02-11 23:53:29.146027,Toys,1,44.9,0.058,,555-559-5097,South
ORD-103330,CUST-95,2026-04-27 23:53:29.146027,2026-04-28 14:53:29.146027,Sports,9,155.01,0.138,user666@example.com,555-571-8384,South
ORD-103985,CUST-404,2026-06-11 23:53:29.146027,2026-06-12 10:53:29.146027,Home & Garden,6,486.4,0.247,user452@example.com,555-143-8772,South
ORD-101798,CUST-267,2026-01-13 23:53:29.146027,2026-01-14 11:53:29.146027,Electronics,7,490.77,0.202,user451@example.com,555-965-2941,South
ORD-100082,CUST-686,2026-09-24 23:53:29.146027,2026-09-24 23:53:29.146027,Toys,7,128.76,0.292,user408@example.com,555-845-3990,North
ORD-102560,CUST-115,2026-03-31 23:53:29.146027,2026-04-01 14:53:29.146027,Home & Garden,8,344.26,0.255,user118@example.com,555-321-3446,East
ORD-101943,CUST-197,2026-09-08 23:53:29.146027,2026-09-10 14:53:29.146027,Electronics,2,255.38,0.192,user467@example.com,555-137-6902,North
ORD-101988,CUST-1118,2026-05-05 23:53:29.146027,2026-05-07 08:53:29.146027,Home & Garden,2,73.01,0.018,user1149@example.com,555-749-7700,North
ORD-103536,CUST-203,2026-04-05 23:53:29.146027,2026-04-07 22:53:29.146027,HOME & GARDEN,7,205.56,0.135,user595@example.com,555-480-5023,North
ORD-101574,CUST-691,2026-09-28 23:53:29.146027,2026-09-29 13:53:29.146027,Groceries,3,265.24,0.044,user1163@example.com,555-370-6407,West
ORD-102977,CUST-333,2026-08-25 23:53:29.146027,2026-08-26 10:53:29.146027,Electronics,7,80.8,0.281,user310@example.com,555-107-7764,South
ORD-102723,CUST-249,2026-03-22 23:53:29.146027,2026-03-24 06:53:29.146027,Home & Garden,6,135.41,0.287,user453@example.com,555-277-3011,South
ORD-103405,CUST-640,2026-02-19 23:53:29.146027,2026-02-20 22:53:29.146027,Sports,8,276.54,0.105,user520@example.com,555-661-6862,North
ORD-102058,CUST-771,2026-05-12 23:53:29.146027,2026-05-13 11:53:29.146027,Home & Garden,7,434.36,0.0,user668@example.com,555-389-6222,East
ORD-101762,CUST-802,2026-02-27 23:53:29.146027,2026-03-01 10:53:29.146027,Toys,9,112.88,0.176,user201@example.com,555-813-9819,West
ORD-101494,CUST-1004,2026-03-15 23:53:29.146027,2026-03-16 11:53:29.146027,Sports,2,270.16,0.068,user955@example.com,555-635-6457,South
ORD-102080,CUST-750,2026-07-09 23:53:29.146027,2026-07-11 14:53:29.146027,Sports,3,258.86,0.295,user563@example.com,555-634-4648,East
ORD-101174,CUST-251,2026-09-17 23:53:29.146027,2026-09-18 15:53:29.146027,Apparel,2,70.64,0.224,user509@example.com,555-791-1295,North
ORD-104509,CUST-709,2026-03-25 23:53:29.146027,2026-03-27 09:53:29.146027,Apparel,3,461.84,0.139,user357@example.com,555-578-6992,South
ORD-102628,CUST-229,2026-08-10 23:53:29.146027,2026-08-12 08:53:29.146027,Electronics,1,180.04,0.09,user1129@example.com,555-481-4165,West
ORD-104261,CUST-422,2026-05-06 23:53:29.146027,2026-05-08 07:53:29.146027,Toys,9,88.43,0.271,user749@example.com,555-374-8978,West
ORD-104719,CUST-673,2026-02-25 23:53:29.146027,2026-02-26 22:53:29.146027,Apparel,4,18.84,0.166,user160@example.com,555-827-2998,West
ORD-100614,CUST-1039,2026-04-08 23:53:29.146027,2026-04-09 14:53:29.146027,Electronics,7,450.24,0.034,,555-308-2329,West
ORD-103093,CUST-1163,2026-04-14 23:53:29.146027,2026-04-15 21:53:29.146027,Toys,5,173.18,0.248,,555-306-2123,West
ORD-103450,CUST-697,2026-06-19 23:53:29.146027,2026-06-21 02:53:29.146027,Apparel,6,362.86,0.077,user308@example.com,555-446-2476,East
ORD-101014,CUST-310,2026-07-04 23:53:29.146027,2026-07-06 17:53:29.146027,Apparel,6,197.45,0.135,user823@example.com,555-469-4146,West
ORD-103057,CUST-857,2026-07-04 23:53:29.146027,2026-07-06 21:53:29.146027,Sports,5,95.13,0.084,user1193@example.com,555-224-1988,East
ORD-104868,CUST-664,2026-02-04 23:53:29.146027,2026-02-06 20:53:29.146027,Sports,7,322.93,0.029,user954@example.com,555-753-3029,South
ORD-103905,CUST-984,2026-07-29 23:53:29.146027,2026-07-30 17:53:29.146027,Sports,9,124.63,0.136,user665@example.com,555-420-8109,South
ORD-102181,CUST-420,2026-03-30 23:53:29.146027,2026-03-31 03:53:29.146027,Home & Garden,5,9644.5,0.084,user784@example.com,555-167-9995,South
ORD-103418,CUST-895,2026-04-08 23:53:29.146027,2026-04-09 03:53:29.146027,Toys,9,196.18,0.045,user502@example.com,555-815-4385,South
ORD-104651,CUST-32,2026-06-25 23:53:29.146027,2026-06-27 16:53:29.146027,Toys,6,5.2,0.227,user324@example.com,555-592-2883,South
ORD-103100,CUST-1127,2026-06-25 23:53:29.146027,2026-06-26 17:53:29.146027,Groceries,6,398.13,0.285,user692@example.com,555-973-1597,South
ORD-101211,CUST-228,2026-02-25 23:53:29.146027,2026-02-27 08:53:29.146027,Sports,4,422.31,0.204,user1112@example.com,555-188-3508,West
ORD-100634,CUST-634,2026-04-15 23:53:29.146027,2026-04-17 06:53:29.146027,Groceries,7,64.72,0.139,user417@example.com,555-393-1298,North
ORD-101055,CUST-725,2026-09-23 23:53:29.146027,2026-09-24 23:53:29.146027,Toys,6,447.34,0.247,user1009@example.com,555-292-6172,North
ORD-102340,CUST-585,2026-08-20 23:53:29.146027,2026-08-21 18:53:29.146027,Sports,3,85.81,0.111,user964@example.com,555-158-5255,East
ORD-100796,CUST-345,2026-04-23 23:53:29.146027,2026-04-24 12:53:29.146027,Apparel,8,313.23,0.031,user278@example.com,555-842-9390,South
ORD-104270,CUST-982,2026-03-21 23:53:29.146027,2026-03-23 05:53:29.146027,Toys,4,228.42,0.047,user567@example.com,555-978-7654,West
ORD-102814,CUST-941,2026-06-02 23:53:29.146027,2026-06-04 06:53:29.146027,HOME & GARDEN,7,201.07,0.028,user852@example.com,555-817-7292,East
ORD-104341,CUST-1190,2026-04-10 23:53:29.146027,2026-04-12 00:53:29.146027,Electronics,5,216.82,0.034,user331@example.com,555-141-5834,West
ORD-101080,CUST-809,2026-08-02 23:53:29.146027,2026-08-03 05:53:29.146027,Home & Garden,4,59.98,0.132,user136@example.com,555-463-8529,West
ORD-101654,CUST-205,2026-05-22 23:53:29.146027,2026-05-24 01:53:29.146027,Apparel,6,359.61,0.087,user788@example.com,555-927-6736,East
ORD-101607,CUST-953,2026-04-27 23:53:29.146027,2026-04-28 18:53:29.146027,Electronics,6,386.37,0.233,user1088@example.com,555-849-7752,South
ORD-100144,CUST-687,2026-05-21 23:53:29.146027,2026-05-22 19:53:29.146027,Groceries,9,313.43,0.081,user177@example.com,555-613-9705,West
ORD-104241,CUST-983,2026-05-21 23:53:29.146027,2026-05-23 16:53:29.146027,Electronics,8,12.12,0.045,user411@example.com,555-798-6387,East
ORD-100090,CUST-1106,2026-01-18 23:53:29.146027,2026-01-19 07:53:29.146027,Home & Garden,5,377.97,0.209,user424@example.com,555-251-5836,West
ORD-100682,CUST-339,2026-04-22 23:53:29.146027,2026-04-23 05:53:29.146027,Home & Garden,6,257.18,0.061,user208@example.com,555-820-3276,South
ORD-104406,CUST-214,2026-02-22 23:53:29.146027,2026-02-23 02:53:29.146027,Home & Garden,5,128.05,0.177,user468@example.com,555-151-7429,East
ORD-103431,CUST-597,2026-05-18 23:53:29.146027,2026-05-19 13:53:29.146027,Sports,-1,403.88,0.168,user498@example.com,555-507-1282,South
ORD-100093,CUST-91,2026-01-31 23:53:29.146027,2026-02-02 15:53:29.146027,Electronics,2,320.45,0.203,user445@example.com,555-867-8352,West
ORD-100834,CUST-1123,2026-07-20 23:53:29.146027,2026-07-22 09:53:29.146027,Groceries,9,473.86,0.172,user304@example.com,555-799-9372,East
ORD-104865,CUST-689,2026-02-23 23:53:29.146027,2026-02-25 21:53:29.146027,Apparel,7,185.91,0.132,user1055@example.com,555-318-7352,North
ORD-101400,CUST-782,2026-06-21 23:53:29.146027,2026-06-23 09:53:29.146027,Toys,2,354.62,0.062,user475@example.com,555-483-1176,West
ORD-103979,CUST-7,2026-09-19 23:53:29.146027,2026-09-21 21:53:29.146027,Groceries,6,493.48,0.197,user215@example.com,555-295-2811,
ORD-102291,CUST-1110,2026-05-11 23:53:29.146027,2026-05-12 11:53:29.146027,Groceries,9,477.68,0.062,user264@example.com,555-876-1587,South
ORD-101500,CUST-96,2026-05-17 23:53:29.146027,2026-05-19 19:53:29.146027,Sports,6,298.47,0.079,user1101@example.com,555-102-5000,West
ORD-102262,CUST-536,2026-09-04 23:53:29.146027,2026-09-06 01:53:29.146027,Sports,5,223.81,0.224,user780@example.com,555-734-1573,South
ORD-101468,CUST-301,2026-08-07 23:53:29.146027,2026-08-09 01:53:29.146027,Sports,5,4.71,0.014,user368@example.com,555-801-6640,East
ORD-103928,CUST-127,2026-03-23 23:53:29.146027,2026-03-25 06:53:29.146027,Sports,3,352.47,0.091,user456@example.com,555-177-3258,West
ORD-103245,CUST-814,2026-08-14 23:53:29.146027,2026-08-15 07:53:29.146027,Toys,3,339.27,0.241,user596@example.com,555-277-7141,East
ORD-100998,CUST-27,2026-01-27 23:53:29.146027,2026-01-28 21:53:29.146027,Home & Garden,3,66.97,0.157,user817@example.com,555-125-2701,
ORD-100853,CUST-669,2026-05-13 23:53:29.146027,2026-05-15 03:53:29.146027,Toys,5,23.76,0.093,,555-654-7793,North
ORD-103875,CUST-708,2026-03-15 23:53:29.146027,2026-03-16 21:53:29.146027,Electronics,4,124.95,0.007,user809@example.com,555-654-3988,West
ORD-101142,CUST-1022,2026-07-07 23:53:29.146027,2026-07-09 02:53:29.146027,Sports,2,235.89,0.082,user125@example.com,555-107-6071,West
ORD-102274,CUST-281,2026-05-08 23:53:29.146027,2026-05-09 16:53:29.146027,Sports,8,238.16,0.172,user203@example.com,555-424-6305,North
ORD-104497,CUST-789,2026-06-10 23:53:29.146027,2026-06-12 02:53:29.146027,Home & Garden,3,87.02,0.108,user516@example.com,555-155-5885,South
ORD-101103,CUST-171,2026-06-28 23:53:29.146027,2026-06-30 07:53:29.146027,Toys,1,211.86,0.021,user354@example.com,555-363-3077,North
ORD-100084,CUST-449,2026-02-26 23:53:29.146027,2026-02-28 19:53:29.146027,Electronics,N/A,223.05,0.241,user1010@example.com,555-301-6595,West
ORD-102210,CUST-898,2026-03-29 23:53:29.146027,2026-03-30 02:53:29.146027,Sports,9,201.25,0.263,user724@example.com,555-888-4393,North
ORD-104210,CUST-1198,2026-03-07 23:53:29.146027,2026-03-09 15:53:29.146027,Toys,4,149.61,0.259,user38@example.com,555-556-6417,West
ORD-102827,CUST-835,2026-03-28 23:53:29.146027,2026-03-30 20:53:29.146027,Electronics,9,203.94,0.192,user745@example.com,555-257-9621,East
ORD-103440,CUST-74,2026-09-08 23:53:29.146027,2026-09-10 12:53:29.146027,Groceries,8,50.38,0.284,user866@example.com,555-981-4343,East
ORD-101567,CUST-1096,2026-09-26 23:53:29.146027,2026-09-28 19:53:29.146027,Electronics,8,359.36,0.296,user515@example.com,555-753-8117,West
ORD-101660,CUST-670,2026-05-28 23:53:29.146027,2026-05-30 21:53:29.146027,Appparel,5,495.56,0.267,user680@example.com,555-291-5549,North
ORD-101556,CUST-448,2026-08-09 23:53:29.146027,2026-08-10 14:53:29.146027,Groceries,4,146.68,0.236,user358@example.com,555-466-4193,East
ORD-104721,CUST-1131,2026-07-31 23:53:29.146027,2026-08-02 19:53:29.146027,Electronics,8,279.72,0.112,user186@example.com,555-357-7707,South
ORD-103764,CUST-1176,2026-04-19 23:53:29.146027,2026-04-20 18:53:29.146027,Electronics,7,475.98,0.114,user1061@example.com,555-809-6594,North
ORD-103584,CUST-285,2026-05-21 23:53:29.146027,2026-05-23 03:53:29.146027,Apparel,6,398.79,0.031,user474@example.com,555-992-1384,North
ORD-101885,CUST-859,2026-09-20 23:53:29.146027,2026-09-22 18:53:29.146027,Toys,4,382.01,0.162,user1037@example.com,555-696-1414,North
ORD-103144,CUST-742,2026-06-28 23:53:29.146027,2026-06-28 23:53:29.146027,Groceries,4,6.49,0.092,user919@example.com,555-845-7499,North
ORD-101866,CUST-303,2026-05-05 23:53:29.146027,2026-05-07 22:53:29.146027,Groceries,5,192.43,0.072,user652@example.com,555-127-9036,South
ORD-104720,CUST-148,2026-09-03 23:53:29.146027,2026-09-04 18:53:29.146027,Toys,3,376.29,0.259,user276@example.com,555-904-1277,East
ORD-102874,CUST-108,2026-06-10 23:53:29.146027,2026-06-11 01:53:29.146027,Apparel,7,384.68,0.19,user661@example.com,555-673-3214,East
ORD-104330,CUST-681,2026-01-14 23:53:29.146027,2026-01-16 06:53:29.146027,Groceries,1,285.05,0.289,user646@example.com,555-174-6418,West
ORD-103588,CUST-853,2026-09-01 23:53:29.146027,2026-09-03 20:53:29.146027,Electronics,9,380.78,0.231,user404@example.com,555-377-8245,North
ORD-103267,CUST-329,2026-07-27 23:53:29.146027,2026-07-28 18:53:29.146027,Home & Garden,6,431.77,0.195,user1090@example.com,555-844-4730,West
ORD-102884,CUST-188,2026-03-29 23:53:29.146027,2026-03-30 00:53:29.146027,Home & Garden,4,287.01,0.283,user1167@example.com,555-219-2194,West
ORD-102890,CUST-33,2026-09-10 23:53:29.146027,2026-09-12 06:53:29.146027,Electronics,1,250.12,0.262,user87@example.com,555-612-3461,North
ORD-103007,CUST-235,2026-02-24 23:53:29.146027,2026-02-26 03:53:29.146027,Sports,N/A,327.66,0.131,user907@example.com,555-820-4199,East
ORD-101826,CUST-1148,2026-03-19 23:53:29.146027,2026-03-21 07:53:29.146027,Home & Garden,3,218.44,0.095,user1090@example.com,555-502-4870,North
ORD-103923,CUST-235,2026-05-07 23:53:29.146027,2026-05-08 05:53:29.146027,Apparel,3,336.28,0.089,user589@example.com,555-780-5364,South
ORD-102640,CUST-438,2026-02-06 23:53:29.146027,2026-02-08 10:53:29.146027,Electronics,1,424.0,0.199,user551@example.com,555-373-9412,West
ORD-101525,CUST-1069,2026-03-23 23:53:29.146027,2026-03-24 11:53:29.146027,Sports,5,14.7,0.167,user1014@example.com,555-179-5670,West
ORD-101562,CUST-431,2026-08-17 23:53:29.146027,2026-08-18 11:53:29.146027,Groceries,4,217.47,0.005,user388@example.com,555-541-5776,South
ORD-100343,CUST-405,2026-06-25 23:53:29.146027,2026-06-26 11:53:29.146027,Toys,4,337.27,0.018,user772@example.com,555-866-4007,East
ORD-102542,CUST-1186,2026-04-28 23:53:29.146027,2026-04-29 22:53:29.146027,Home & Garden,4,159.98,0.046,user823@example.com,555-477-3821,South
ORD-103385,CUST-442,2026-03-26 23:53:29.146027,2026-03-28 00:53:29.146027,Home & Garden,9,255.14,0.286,user279@example.com,555-469-7366,West
ORD-102412,CUST-795,2026-03-14 23:53:29.146027,2026-03-16 09:53:29.146027,Sports,3,489.06,0.278,user394@example.com,555-837-1107,North
ORD-102707,CUST-1123,2026-06-23 23:53:29.146027,2026-06-25 20:53:29.146027,Sports,4,86.7,0.122,user191@example.com,555-995-9239,West
ORD-101110,CUST-125,2026-09-18 23:53:29.146027,2026-09-19 15:53:29.146027,Groceries,7,333.13,0.037,user325@example.com,555-900-8391,South
ORD-103442,CUST-613,2026-09-18 23:53:29.146027,2026-09-20 14:53:29.146027,Apparel,1,215.46,0.127,user535@example.com,555-465-6508,North
ORD-102213,CUST-424,2026-01-29 23:53:29.146027,2026-01-30 08:53:29.146027,Groceries,5,467.36,0.286,user1044@example.com,555-204-9933,South
ORD-101359,CUST-804,2026-08-29 23:53:29.146027,2026-08-30 19:53:29.146027,Groceries,2,472.08,0.155,user437@example.com,555-907-1700,East
ORD-102107,CUST-901,2026-05-02 23:53:29.146027,2026-05-03 11:53:29.146027,Groceries,4,394.08,0.028,user689@example.com,555-354-3788,South
ORD-101378,CUST-87,2026-07-28 23:53:29.146027,2026-07-29 08:53:29.146027,Toys,2,42.77,0.271,user290@example.com,555-539-3637,West
ORD-102828,CUST-285,2026-07-04 23:53:29.146027,2026-07-05 01:53:29.146027,Home & Garden,4,422.41,0.061,user181@example.com,555-862-1685,West
ORD-100424,CUST-759,2026-02-17 23:53:29.146027,2026-02-18 02:53:29.146027,Sports,6,72.12,0.125,user303@example.com,555-603-8126,North
ORD-100292,CUST-506,2026-02-02 23:53:29.146027,2026-02-04 07:53:29.146027,Electronics,8,16.65,0.026,user527@example.com,555-106-7015,North
ORD-101065,CUST-1136,2026-05-01 23:53:29.146027,2026-05-02 12:53:29.146027,Toys,9,276.94,0.285,user57@example.com,555-837-4019,North
ORD-102377,CUST-793,2026-05-19 23:53:29.146027,2026-05-21 06:53:29.146027,Electronics,7,41.84,0.228,user737@example.com,555-602-3349,East
ORD-102127,CUST-292,2026-07-20 23:53:29.146027,2026-07-21 07:53:29.146027,Apparel,2,355.44,0.172,user557@example.com,555-934-7463,East
ORD-101717,CUST-131,2026-09-20 23:53:29.146027,2026-09-21 14:53:29.146027,Apparel,5,8.78,0.136,user693@example.com,555-937-3944,East
ORD-100937,CUST-74,2026-05-07 23:53:29.146027,2026-05-09 14:53:29.146027,Home & Garden,5,217.4,0.205,user500@example.com,555-530-8110,North
ORD-103779,CUST-357,2026-05-13 23:53:29.146027,2026-05-14 11:53:29.146027,Toys,8,147.01,0.08,user1088@example.com,555-176-8472,South
ORD-103964,CUST-55,2026-05-01 23:53:29.146027,2026-05-02 14:53:29.146027,Sports,4,395.72,0.279,user469@example.com,555-756-3689,East
ORD-103990,CUST-396,2026-03-12 23:53:29.146027,2026-03-13 11:53:29.146027,Apparel,6,17.53,0.11,user901@example.com,555-700-3699,South
ORD-100254,CUST-355,2026-09-09 23:53:29.146027,2026-09-11 01:53:29.146027,Sports,9,384.35,0.228,user1100@example.com,555-288-9657,East
ORD-104897,CUST-567,2026-08-10 23:53:29.146027,2026-08-11 19:53:29.146027,Sports,6,83.75,0.266,user731@example.com,555-158-7833,East
ORD-101482,CUST-367,2026-06-14 23:53:29.146027,2026-06-16 19:53:29.146027,Apparel,8,268.73,0.123,user374@example.com,555-523-8983,North
ORD-100944,CUST-960,2026-08-27 23:53:29.146027,2026-08-28 23:53:29.146027,Groceries,9,80.77,0.097,user1173@example.com,555-921-4882,East
ORD-103183,CUST-841,2026-07-21 23:53:29.146027,2026-07-23 03:53:29.146027,Home & Garden,2,397.87,0.07,user1161@example.com,555-547-9619,West
ORD-103266,CUST-1002,2026-05-21 23:53:29.146027,2026-05-22 17:53:29.146027,Groceries,5,285.16,0.164,user454@example.com,555-422-7523,South
ORD-102907,CUST-489,2026-02-03 23:53:29.146027,2026-02-04 03:53:29.146027,Groceries,8,376.3,0.154,user770@example.com,555-456-1067,East
ORD-100969,CUST-601,2026-04-12 23:53:29.146027,2026-04-13 00:53:29.146027,Toys,-6,371.12,0.129,user694@example.com,555-428-7794,West
ORD-100496,CUST-229,2026-07-09 23:53:29.146027,2026-07-10 17:53:29.146027,Home & Garden,9,172.36,0.205,user1032@example.com,555-769-6143,North
ORD-101829,CUST-277,2026-02-23 23:53:29.146027,2026-02-24 08:53:29.146027,Toys,7,28.56,0.043,user320@example.com,555-310-3855,West
ORD-102177,CUST-810,2026-02-26 23:53:29.146027,2026-02-27 17:53:29.146027,Apparel,1,154.96,0.078,user819@example.com,555-570-2480,East
ORD-100337,CUST-1086,2026-03-30 23:53:29.146027,2026-04-01 03:53:29.146027,Sports,6,311.44,0.199,user1125@example.com,555-223-6368,West
ORD-104704,CUST-167,2026-05-27 23:53:29.146027,2026-05-28 19:53:29.146027,Home & Garden,1,401.15,0.119,user115@example.com,555-383-8779,South
ORD-101148,CUST-801,2026-06-14 23:53:29.146027,2026-06-16 22:53:29.146027,Toys,8,479.93,0.213,user79@example.com,555-915-4100,North
ORD-102243,CUST-7,2026-02-02 23:53:29.146027,2026-02-04 01:53:29.146027,Toys,5,376.07,0.031,user40@example.com,555-691-2229,North
ORD-103778,CUST-397,2026-06-11 23:53:29.146027,2026-06-13 17:53:29.146027,Sports,1,166.38,0.234,user301@example.com,555-693-9105,South
ORD-103968,CUST-614,2026-02-14 23:53:29.146027,2026-02-16 21:53:29.146027,Home & Garden,9,457.85,0.133,user801@example.com,555-587-3461,West
ORD-102151,CUST-754,2026-09-12 23:53:29.146027,2026-09-14 20:53:29.146027,Electronics,-4,240.87,0.24,user729@example.com,555-254-1207,North
ORD-102010,CUST-334,2026-01-20 23:53:29.146027,2026-01-21 00:53:29.146027,Sports,7,251.88,0.252,user104@example.com,555-825-8719,South
ORD-102491,CUST-211,2026-07-24 23:53:29.146027,2026-07-25 16:53:29.146027,Electronics,6,457.24,0.127,user1090@example.com,555-878-6759,South
ORD-104984,CUST-404,2026-07-10 23:53:29.146027,2026-07-12 21:53:29.146027,Apparel,7,241.22,0.05,user185@example.com,555-844-3934,North
ORD-101810,CUST-486,2026-06-19 23:53:29.146027,2026-06-21 07:53:29.146027,Groceries,3,314.45,0.011,user609@example.com,555-906-3881,East
ORD-101994,CUST-307,2026-08-13 23:53:29.146027,2026-08-15 01:53:29.146027,Toys,8,477.16,0.144,user893@example.com,555-953-3969,East
ORD-102932,CUST-1084,2026-07-14 23:53:29.146027,2026-07-15 22:53:29.146027,Groceries,9,266.76,0.166,user345@example.com,555-634-2295,North
ORD-102824,CUST-346,2026-06-16 23:53:29.146027,2026-06-17 21:53:29.146027,Home & Garden,2,409.16,0.238,user671@example.com,555-427-7915,West
ORD-102897,CUST-1142,2026-08-25 23:53:29.146027,2026-08-26 13:53:29.146027,Sports,6,137.36,0.242,user176@example.com,555-189-4010,East
ORD-102275,CUST-621,2026-04-14 23:53:29.146027,2026-04-16 14:53:29.146027,Sports,1,463.55,0.081,user296@example.com,555-105-3314,West
ORD-100434,CUST-863,2026-05-04 23:53:29.146027,2026-05-05 03:53:29.146027,Home & Garden,8,252.18,0.224,user44@example.com,555-514-2409,South
ORD-104501,CUST-981,2026-03-22 23:53:29.146027,2026-03-23 15:53:29.146027,Home & Garden,7,306.57,0.13,user632@example.com,555-153-2528,South
ORD-102823,CUST-150,2026-07-14 23:53:29.146027,2026-07-15 02:53:29.146027,Toys,6,464.99,0.009,user898@example.com,555-790-3404,South
ORD-103755,CUST-450,2026-04-27 23:53:29.146027,2026-04-28 16:53:29.146027,Toys,3,354.69,0.103,user971@example.com,555-474-4269,South
ORD-102504,CUST-610,2026-09-30 23:53:29.146027,2026-10-01 19:53:29.146027,Home & Garden,2,0.0,0.021,user1185@example.com,555-822-4330,South
ORD-103211,CUST-424,2026-04-06 23:53:29.146027,2026-04-07 10:53:29.146027,Home & Garden,7,226.5,0.297,user1101@example.com,555-792-2602,South
ORD-104641,CUST-80,2026-01-28 23:53:29.146027,2026-01-30 04:53:29.146027,Electronics,5,465.23,0.19,user233@example.com,555-858-1901,North
ORD-104308,CUST-692,2026-05-26 23:53:29.146027,2026-05-28 02:53:29.146027,Groceries,3,375.76,0.127,user720@example.com,555-442-3164,West
ORD-103540,CUST-508,2026-09-12 23:53:29.146027,2026-09-13 17:53:29.146027,Apparel,6,139.78,0.049,user382@example.com,555-750-7664,North
ORD-103270,CUST-496,2026-04-07 23:53:29.146027,2026-04-08 08:53:29.146027,Groceries,8,162.35,0.14,user15@example.com,555-920-1930,North
ORD-101941,CUST-84,2026-02-22 23:53:29.146027,2026-02-23 15:53:29.146027,Home & Garden,7,352.33,0.214,,555-906-6919,North
ORD-101891,CUST-11,2026-02-16 23:53:29.146027,2026-02-17 07:53:29.146027,Groceries,3,295.46,0.117,user343@example.com,555-533-7313,East
ORD-103599,CUST-465,2026-02-14 23:53:29.146027,2026-02-15 06:53:29.146027,Apparel,9,257.99,0.12,user131@example.com,555-692-9111,East
ORD-101265,CUST-642,2026-01-29 23:53:29.146027,2026-01-30 23:53:29.146027,Apparel,7,380.06,0.057,user1139@example.com,555-572-5319,West
ORD-104438,CUST-471,2026-01-09 23:53:29.146027,2026-01-11 12:53:29.146027,Apparel,4,145.06,0.231,user384@example.com,555-735-4587,West
ORD-102597,CUST-186,2026-06-27 23:53:29.146027,2026-06-28 18:53:29.146027,Electronics,5,341.56,0.026,user94@example.com,555-632-7378,West
ORD-101410,CUST-256,2026-05-05 23:53:29.146027,2026-05-07 07:53:29.146027,Sports,4,29.54,0.195,user1185@example.com,555-780-5632,West
ORD-101214,CUST-647,2026-09-26 23:53:29.146027,2026-09-28 14:53:29.146027,Home & Garden,7,203.39,0.007,user537@example.com,555-406-5215,East
ORD-100966,CUST-369,2026-06-09 23:53:29.146027,2026-06-11 06:53:29.146027,Groceries,4,147.81,0.135,user1087@example.com,555-474-8743,South
ORD-101230,CUST-1193,2026-01-31 23:53:29.146027,2026-02-01 11:53:29.146027,Electronics,6,484.97,0.075,user706@example.com,555-441-6527,South
ORD-104791,CUST-7,2026-03-23 23:53:29.146027,2026-03-25 08:53:29.146027,Home & Garden,3,249.15,0.037,user279@example.com,555-354-6207,North
ORD-100605,CUST-1121,2026-07-31 23:53:29.146027,2026-08-02 12:53:29.146027,Sports,6,229.98,0.098,user217@example.com,555-931-5460,East
ORD-100104,CUST-253,2026-02-05 23:53:29.146027,2026-02-07 18:53:29.146027,Home & Garden,7,287.1,0.171,user1099@example.com,555-523-7820,North
ORD-100645,CUST-930,2026-07-18 23:53:29.146027,2026-07-19 17:53:29.146027,Toys,8,112.53,0.15,user998@example.com,555-605-5650,East
ORD-104590,CUST-394,2026-04-29 23:53:29.146027,2026-04-30 20:53:29.146027,Apparel,5,429.19,0.193,user847@example.com,555-532-1640,North
ORD-103088,CUST-29,2026-05-20 23:53:29.146027,2026-05-22 22:53:29.146027,Sports,7,50.45,0.188,user681@example.com,555-375-7931,West
ORD-101019,CUST-982,2026-04-02 23:53:29.146027,2026-04-04 20:53:29.146027,Home & Garden,3,20.56,0.209,user574@example.com,555-952-3699,South
ORD-100091,CUST-1192,2026-07-26 23:53:29.146027,2026-07-27 08:53:29.146027,Sports,7,13.73,0.25,user728@example.com,555-886-3081,East
ORD-102870,CUST-774,2026-07-21 23:53:29.146027,2026-07-23 08:53:29.146027,toys,1,261.44,0.05,user1069@example.com,555-504-2782,North
ORD-100908,CUST-301,2026-07-02 23:53:29.146027,2026-07-03 13:53:29.146027,Electronics,6,387.17,0.279,user308@example.com,555-140-7433,South
ORD-102150,CUST-194,2026-09-22 23:53:29.146027,2026-09-24 15:53:29.146027,Groceries,7,383.26,0.05,user236@example.com,555-394-6621,South
ORD-100238,CUST-448,2026-08-23 23:53:29.146027,2026-08-25 09:53:29.146027,Electronics,2,376.86,0.122,user928@example.com,555-603-3476,East
ORD-103140,CUST-621,2026-06-21 23:53:29.146027,2026-06-22 08:53:29.146027,Home & Garden,6,364.61,0.058,user537@example.com,555-869-5212,North
ORD-100942,CUST-847,2026-07-16 23:53:29.146027,2026-07-17 23:53:29.146027,Electronics,1,125.45,0.016,user801@example.com,555-694-6439,South
ORD-101270,CUST-905,2026-08-16 23:53:29.146027,2026-08-17 22:53:29.146027,Sports,9,478.13,0.28,user920@example.com,555-123-3941,North
ORD-100938,CUST-1041,2026-07-29 23:53:29.146027,2026-07-30 11:53:29.146027,Apparel,8,412.84,0.248,user147@example.com,555-662-4186,East
ORD-103229,CUST-354,2026-05-21 23:53:29.146027,2026-05-22 13:53:29.146027,Home & Garden,1,175.04,0.138,user314@example.com,555-526-4947,North
ORD-103551,CUST-298,2026-09-07 23:53:29.146027,2026-09-09 22:53:29.146027,Sports,4,204.38,0.147,user1145@example.com,555-739-5640,West
ORD-101862,CUST-171,2026-08-10 23:53:29.146027,2026-08-12 20:53:29.146027,Apparel,1,53.5,0.03,user457@example.com,555-253-9868,East
ORD-101669,CUST-810,2026-02-26 23:53:29.146027,2026-02-28 20:53:29.146027,Apparel,5,88.16,0.068,user877@example.com,555-563-6601,South
ORD-100005,CUST-720,2026-08-04 23:53:29.146027,2026-08-06 04:53:29.146027,Home & Garden,8,458.0,0.093,,555-445-5469,North
ORD-104343,CUST-129,2026-10-02 23:53:29.146027,2026-10-04 04:53:29.146027,Toys,7,280.2,0.222,user1043@example.com,555-765-1956,South
ORD-103943,CUST-1135,2026-09-27 23:53:29.146027,2026-09-28 08:53:29.146027,Sports,5,206.53,0.217,user10@example.com,555-174-9596,North
ORD-103013,CUST-349,2026-07-30 23:53:29.146027,2026-07-31 14:53:29.146027,Toys,5,46.24,0.232,,555-785-9862,West
ORD-100018,CUST-30,2026-02-08 23:53:29.146027,2026-02-09 07:53:29.146027,Toys,-6,339.54,0.021,,555-190-2487,West
ORD-101970,CUST-175,2026-07-13 23:53:29.146027,2026-07-15 05:53:29.146027,Sports,8,449.82,0.19,user1022@example.com,555-108-9440,West
ORD-102709,CUST-157,2026-02-10 23:53:29.146027,2026-02-11 01:53:29.146027,Electronics,2,424.64,0.276,user405@example.com,555-987-9428,South
ORD-102232,CUST-936,2026-06-17 23:53:29.146027,2026-06-18 22:53:29.146027,Home & Garden,2,51.74,0.134,user864@example.com,555-906-4826,East
ORD-100811,CUST-518,2026-09-24 23:53:29.146027,2026-09-26 11:53:29.146027,groceries,7,150.18,0.259,user558@example.com,555-949-4775,East
ORD-101300,CUST-113,2026-06-07 23:53:29.146027,2026-06-08 23:53:29.146027,Electronics,4,110.35,0.115,user203@example.com,555-888-3123,South
ORD-104985,CUST-87,2026-03-08 23:53:29.146027,2026-03-09 00:53:29.146027,Toys,4,424.3,0.299,user796@example.com,555-821-2239,South
ORD-100260,CUST-119,2026-03-31 23:53:29.146027,2026-04-02 14:53:29.146027,Toys,1,140.92,0.062,user331@example.com,555-379-4383,East
ORD-101804,CUST-523,2026-07-23 23:53:29.146027,2026-07-24 01:53:29.146027,Sports,5,51.3,0.212,user16@example.com,555-436-9389,East
ORD-101570,CUST-530,2026-03-05 23:53:29.146027,2026-03-07 12:53:29.146027,Groceries,8,292.89,0.222,user937@example.com,555-152-3600,East
ORD-104280,CUST-628,2026-02-21 23:53:29.146027,2026-02-22 15:53:29.146027,Home & Garden,8,445.8,0.273,user338@example.com,555-460-4412,East
ORD-102454,CUST-329,2026-08-08 23:53:29.146027,2026-08-10 00:53:29.146027,Groceries,5,464.23,0.171,user599@example.com,555-127-6175,North
ORD-101743,CUST-479,2026-01-26 23:53:29.146027,2026-01-28 05:53:29.146027,Electronics,9,206.02,0.269,user394@example.com,555-493-9310,West
ORD-101630,CUST-1189,2026-03-06 23:53:29.146027,2026-03-07 18:53:29.146027,Apparel,9,237.66,0.273,user677@example.com,555-927-1144,West
ORD-101716,CUST-250,2026-05-16 23:53:29.146027,2026-05-18 05:53:29.146027,Electronics,9,284.73,0.264,user196@example.com,555-652-7775,West
ORD-100520,CUST-1078,2026-02-20 23:53:29.146027,2026-02-21 08:53:29.146027,Home & Garden,8,267.45,0.254,user91@example.com,555-335-9312,North
ORD-103937,CUST-807,2026-05-13 23:53:29.146027,2026-05-14 20:53:29.146027,Electronics,7,82.33,0.291,user560@example.com,555-975-5247,West
ORD-103482,CUST-566,2026-09-20 23:53:29.146027,2026-09-21 10:53:29.146027,Sports,5,477.7,0.139,,555-778-6258,North
ORD-101658,CUST-514,2026-05-03 23:53:29.146027,2026-05-04 13:53:29.146027,Apparel,8,157.64,0.26,user729@example.com,555-325-4811,East
ORD-103472,CUST-1101,2026-05-20 23:53:29.146027,2026-05-21 18:53:29.146027,Sports,7,224.87,0.115,user104@example.com,555-465-1579,East
ORD-102475,CUST-631,2026-06-17 23:53:29.146027,2026-06-18 03:53:29.146027,Home & Garden,2,355.86,0.033,user646@example.com,555-282-3617,East
ORD-103948,CUST-1126,2026-02-25 23:53:29.146027,2026-02-26 12:53:29.146027,Electronics,3,235.12,0.001,user96@example.com,555-944-2487,West
ORD-103934,CUST-844,2026-07-28 23:53:29.146027,2026-07-29 10:53:29.146027,Home & Garden,4,0.0,0.176,user640@example.com,555-650-4626,West
ORD-103645,CUST-250,2026-07-23 23:53:29.146027,2026-07-24 03:53:29.146027,Electronics,9,34.29,0.041,user1099@example.com,555-496-3896,North
ORD-100763,CUST-652,2026-04-02 23:53:29.146027,2026-04-03 15:53:29.146027,Electronics,6,454.7,0.053,user423@example.com,555-709-2630,West
ORD-104703,CUST-828,2026-09-06 23:53:29.146027,2026-09-08 01:53:29.146027, Home & Garden ,7,166.41,0.286,user41@example.com,555-274-2150,South
ORD-104326,CUST-807,2026-03-17 23:53:29.146027,2026-03-18 05:53:29.146027,Electronics,9,381.43,0.2,user1119@example.com,555-433-5669,South
ORD-104427,CUST-672,2026-08-24 23:53:29.146027,2026-08-26 06:53:29.146027,Apparel,7,288.66,0.09,user1194@example.com,555-463-3198,South
ORD-101091,CUST-1162,2026-04-09 23:53:29.146027,2026-04-10 01:53:29.146027,Home & Garden,7,108.61,0.294,user176@example.com,555-735-9108,South
ORD-103608,CUST-672,2026-06-06 23:53:29.146027,2026-06-08 13:53:29.146027,Apparel,9,116.96,0.232,user932@example.com,555-701-7760,South
ORD-101101,CUST-198,2026-05-06 23:53:29.146027,2026-05-08 22:53:29.146027,Home & Garden,8,137.99,0.235,user225@example.com,555-233-3928,West
ORD-104557,CUST-677,2026-08-03 23:53:29.146027,2026-08-05 20:53:29.146027,Sports,1,217.26,0.246,user287@example.com,555-744-9082,South
ORD-100958,CUST-430,2026-02-06 23:53:29.146027,2026-02-07 11:53:29.146027,Sports,5,116.06,0.203,user519@example.com,555-812-5073,South
ORD-100559,CUST-114,2026-08-17 23:53:29.146027,2026-08-18 17:53:29.146027,Home & Garden,4,186.04,0.157,user604@example.com,555-707-8795,South
ORD-101519,CUST-1060,2026-05-12 23:53:29.146027,2026-05-13 14:53:29.146027,Sports,1,203.4,0.263,user1057@example.com,555-142-9404,West
ORD-104983,CUST-108,2026-05-19 23:53:29.146027,2026-05-20 01:53:29.146027,Sports,N/A,133.45,0.185,user464@example.com,555-586-3567,East
ORD-102484,CUST-405,2026-05-23 23:53:29.146027,2026-05-25 04:53:29.146027,Apparel,2,102.59,0.203,user668@example.com,555-875-6340,East
ORD-100366,CUST-726,2026-09-04 23:53:29.146027,2026-09-05 03:53:29.146027,Apparel,5,73.29,0.135,user955@example.com,555-500-5310,North
ORD-103901,CUST-940,2026-05-21 23:53:29.146027,2026-05-22 09:53:29.146027,Apparel,3,48.64,0.16,user380@example.com,555-147-4351,South
ORD-101948,CUST-1100,2026-07-22 23:53:29.146027,2026-07-23 07:53:29.146027,Sports,7,15.54,0.252,user1129@example.com,555-147-5066,East
ORD-104165,CUST-234,2026-06-12 23:53:29.146027,2026-06-14 02:53:29.146027,Apparel,6,335.28,0.228,user620@example.com,555-905-4540,North
ORD-101572,CUST-19,2026-02-19 23:53:29.146027,2026-02-21 02:53:29.146027,Home & Garden,1,266.4,0.245,user178@example.com,555-363-7352,East
ORD-100808,CUST-853,2026-03-23 23:53:29.146027,2026-03-24 17:53:29.146027,Toys,7,311.0,0.065,user1016@example.com,555-874-1972,North
ORD-103232,CUST-917,2026-02-15 23:53:29.146027,2026-02-17 21:53:29.146027,Toys,8,422.66,0.146,user475@example.com,555-719-8516,East
ORD-103946,CUST-914,2026-05-24 23:53:29.146027,2026-05-25 01:53:29.146027,Sports,1,463.01,0.035,,555-852-7242,East
ORD-100011,CUST-395,2026-08-30 23:53:29.146027,2026-09-01 15:53:29.146027,Electronics,4,454.07,0.013,user1020@example.com,555-315-4089,North
ORD-102025,CUST-1094,2026-01-10 23:53:29.146027,2026-01-11 09:53:29.146027,Home & Garden,2,496.58,0.245,user585@example.com,555-804-8998,South
ORD-100176,CUST-747,2026-09-29 23:53:29.146027,2026-10-01 22:53:29.146027,Electronics,1,59.47,0.249,user945@example.com,555-594-6676,West
ORD-102488,CUST-630,2026-02-21 23:53:29.146027,2026-02-23 08:53:29.146027,Toys,1,277.2,0.07,user944@example.com,555-565-6149,North
ORD-103886,CUST-853,2026-03-01 23:53:29.146027,2026-03-03 20:53:29.146027,Apparel,9,356.37,0.007,user645@example.com,555-819-1346,North
ORD-102569,CUST-1134,2026-08-20 23:53:29.146027,2026-08-21 10:53:29.146027,Groceries,9,441.07,0.254,user1133@example.com,555-749-1116,East
ORD-103520,CUST-568,2026-03-15 23:53:29.146027,2026-03-15 23:53:29.146027,Home & Garden,1,319.57,0.141,user320@example.com,555-630-8141,South
ORD-103760,CUST-528,2026-06-05 23:53:29.146027,2026-06-07 04:53:29.146027,Apparel,9,226.9,0.181,user1025@example.com,555-157-7734,North
ORD-103282,CUST-278,2026-06-04 23:53:29.146027,2026-06-06 08:53:29.146027,Sports,9,5.02,0.245,user553@example.com,555-696-4399,West
ORD-101664,CUST-654,2026-05-21 23:53:29.146027,2026-05-22 12:53:29.146027,Sports,8,401.23,0.014,user538@example.com,555-358-6842,North
ORD-102191,CUST-679,2026-06-09 23:53:29.146027,2026-06-10 13:53:29.146027,Home & Garden,3,449.26,0.299,user644@example.com,555-300-7240,West
ORD-104433,CUST-1112,2026-05-08 23:53:29.146027,2026-05-10 00:53:29.146027,Home & Garden,3,116.6,0.011,user1067@example.com,555-966-6431,South
ORD-103370,CUST-809,2026-01-25 23:53:29.146027,2026-01-27 01:53:29.146027,Groceries,N/A,377.47,0.239,user99@example.com,555-308-1358,North
ORD-102660,CUST-1128,2026-06-16 23:53:29.146027,2026-06-17 10:53:29.146027,Toys,4,306.49,0.114,user1192@example.com,555-771-8938,East
ORD-104252,CUST-790,2026-04-12 23:53:29.146027,2026-04-14 12:53:29.146027,Electronics,2,86.58,0.022,user1171@example.com,555-168-4891,North
ORD-103578,CUST-453,2026-04-06 23:53:29.146027,2026-04-07 04:53:29.146027,Apparel,7,463.27,0.176,user334@example.com,555-383-6397,South
ORD-102046,CUST-35,2026-09-18 23:53:29.146027,2026-09-20 20:53:29.146027,Toys,5,342.66,0.086,user92@example.com,555-341-9262,West
ORD-102624,CUST-253,2026-06-15 23:53:29.146027,2026-06-16 22:53:29.146027,Home & Garden,6,343.03,0.043,user176@example.com,555-521-8577,West
ORD-103410,CUST-433,2026-01-07 23:53:29.146027,2026-01-08 15:53:29.146027,Electronics,6,498.21,0.216,user1189@example.com,555-679-8560,South
ORD-101185,CUST-1160,2026-09-21 23:53:29.146027,2026-09-22 22:53:29.146027,Toys,6,377.88,0.053,user239@example.com,555-499-5910,South
ORD-101006,CUST-628,2026-02-18 23:53:29.146027,2026-02-19 18:53:29.146027,Sports,1,418.11,0.161,user885@example.com,555-127-4158,West
ORD-103569,CUST-897,2026-09-12 23:53:29.146027,2026-09-14 13:53:29.146027,Sports,9,235.19,0.081,user310@example.com,555-196-4743,West
ORD-103737,CUST-1017,2026-06-01 23:53:29.146027,2026-06-03 15:53:29.146027,Toys,4,392.01,0.035,user731@example.com,555-487-5104,North
ORD-104656,CUST-583,2026-07-13 23:53:29.146027,2026-07-14 12:53:29.146027,Home & Garden,8,456.53,0.186,user467@example.com,555-538-9107,South
ORD-102049,CUST-581,2026-09-08 23:53:29.146027,2026-09-10 20:53:29.146027,Toys,6,81.35,0.234,,555-439-9010,North
ORD-104011,CUST-1050,2026-05-27 23:53:29.146027,2026-05-29 09:53:29.146027,Electronics,5,92.66,0.02,user134@example.com,555-905-3542,South
ORD-100269,CUST-198,2026-09-21 23:53:29.146027,2026-09-23 05:53:29.146027,Groceries,9,52.97,0.048,user254@example.com,555-352-1234,East
ORD-101993,CUST-642,2026-08-12 23:53:29.146027,2026-08-13 18:53:29.146027,Sports,3,140.2,0.102,user78@example.com,555-845-8798,South
ORD-100265,CUST-215,2026-04-08 23:53:29.146027,2026-04-09 22:53:29.146027,Sports,6,268.24,0.218,user733@example.com,555-420-8543,East
ORD-100914,CUST-900,2026-03-26 23:53:29.146027,2026-03-27 11:53:29.146027,Home & Garden,7,460.8,0.064,user502@example.com,555-805-1621,South
ORD-102278,CUST-149,2026-03-25 23:53:29.146027,2026-03-26 00:53:29.146027,Toys,2,26.9,0.283,user657@example.com,555-786-2366,South
ORD-102231,CUST-1110,2026-08-26 23:53:29.146027,2026-08-28 07:53:29.146027,Sports,3,18.52,0.247,user474@example.com,555-346-2360,East
ORD-100290,CUST-734,2026-07-18 23:53:29.146027,2026-07-19 10:53:29.146027,Electronics,5,313.11,0.105,user753@example.com,555-450-2098,North
ORD-102912,CUST-71,2026-02-14 23:53:29.146027,2026-02-16 22:53:29.146027,Toys,9,251.89,0.263,user49@example.com,555-927-1399,South
ORD-102093,CUST-788,2026-02-05 23:53:29.146027,2026-02-06 14:53:29.146027,Toys,3,279.24,0.091,user1017@example.com,555-148-5521,West
ORD-104571,CUST-1074,2026-04-08 23:53:29.146027,2026-04-10 03:53:29.146027,Toys,1,287.86,0.172,user1130@example.com,555-223-4442,East
ORD-101652,CUST-667,2026-05-23 23:53:29.146027,2026-05-25 07:53:29.146027,Groceries,3,453.82,0.018,user1093@example.com,555-633-8809,South
ORD-104141,CUST-58,2026-07-14 23:53:29.146027,2026-07-16 09:53:29.146027,Sports,3,21.51,0.226,user480@example.com,555-586-6442,East
ORD-104257,CUST-1102,2026-07-19 23:53:29.146027,2026-07-20 20:53:29.146027,Toys,9,53.43,0.155,user501@example.com,555-499-1211,East
ORD-103039,CUST-41,2026-02-27 23:53:29.146027,2026-02-28 16:53:29.146027,Groceries,N/A,232.93,0.11,user717@example.com,555-828-5311,West
ORD-102677,CUST-271,2026-04-20 23:53:29.146027,2026-04-22 06:53:29.146027,Apparel,8,19.66,0.124,user203@example.com,555-338-5353,East
ORD-100288,CUST-275,2026-04-18 23:53:29.146027,2026-04-19 23:53:29.146027,Groceries,8,190.42,0.134,user1153@example.com,555-866-4747,East
ORD-103107,CUST-804,2026-03-20 23:53:29.146027,2026-03-22 14:53:29.146027,Home & Garden,7,223.74,0.044,user498@example.com,555-897-8375,South
ORD-102288,CUST-1067,2026-07-25 23:53:29.146027,2026-07-27 17:53:29.146027,Apparel,3,228.91,0.06,user1075@example.com,555-865-2416,East
ORD-100575,CUST-1025,2026-05-31 23:53:29.146027,2026-06-02 16:53:29.146027,Toys,7,392.86,0.221,user1109@example.com,555-809-4727,North
ORD-100850,CUST-735,2026-07-02 23:53:29.146027,2026-07-03 07:53:29.146027,Electronics,5,284.32,0.018,user258@example.com,555-764-9818,East
ORD-103883,CUST-618,2026-08-04 23:53:29.146027,2026-08-06 06:53:29.146027,Toys,3,401.1,0.26,user1037@example.com,555-624-7816,East
ORD-101722,CUST-30,2026-09-02 23:53:29.146027,2026-09-04 04:53:29.146027,Toys,7,11.94,0.289,user1187@example.com,555-713-8272,
ORD-103949,CUST-311,2026-09-06 23:53:29.146027,2026-09-07 02:53:29.146027,Apparel,4,405.64,0.113,user424@example.com,555-600-5589,North
ORD-101100,CUST-1028,2026-04-20 23:53:29.146027,2026-04-21 22:53:29.146027,Electronics,6,172.62,0.027,user238@example.com,555-754-8662,East
ORD-101207,CUST-3,2026-01-27 23:53:29.146027,2026-01-29 17:53:29.146027,Apparel,3,221.73,0.145,user733@example.com,555-575-3742,West
ORD-101843,CUST-64,2026-04-01 23:53:29.146027,2026-04-03 00:53:29.146027,Sports,5,427.28,0.171,user801@example.com,555-816-5589,North
ORD-101848,CUST-552,2026-07-19 23:53:29.146027,2026-07-21 02:53:29.146027,Home & Garden,N/A,21.31,0.158,user1127@example.com,555-269-1618,North
ORD-102524,CUST-61,2026-08-26 23:53:29.146027,2026-08-27 17:53:29.146027,Home & Garden,3,454.73,0.291,user5@example.com,555-809-5293,West
ORD-103947,CUST-64,2026-06-27 23:53:29.146027,2026-06-28 01:53:29.146027,Sports,4,86.08,0.207,user531@example.com,555-522-7479,West
ORD-101694,CUST-65,2026-08-01 23:53:29.146027,2026-08-02 09:53:29.146027,Home & Garden,1,471.48,0.129,,555-452-8691,West
ORD-104181,CUST-331,2026-07-01 23:53:29.146027,2026-07-03 16:53:29.146027,Sports,2,422.6,0.227,user506@example.com,555-161-9268,West
ORD-104565,CUST-1174,2026-05-31 23:53:29.146027,2026-06-01 06:53:29.146027,Apparel,4,410.24,0.159,,555-114-7882,East
ORD-103960,CUST-1194,2026-09-05 23:53:29.146027,2026-09-07 03:53:29.146027,Electronics,3,191.1,0.047,user1013@example.com,555-405-1857,West
ORD-100233,CUST-192,2026-08-13 23:53:29.146027,2026-08-14 18:53:29.146027,Toys,4,469.17,0.062,user246@example.com,555-765-3541,North
ORD-103332,CUST-501,2026-03-28 23:53:29.146027,2026-03-29 05:53:29.146027,Electronics,9,436.61,0.009,user846@example.com,555-442-7854,East
ORD-102647,CUST-1070,2026-06-02 23:53:29.146027,2026-06-04 07:53:29.146027,Sports,1,434.13,0.261,user670@example.com,555-613-7769,North
ORD-104041,CUST-612,2026-08-15 23:53:29.146027,2026-08-16 06:53:29.146027,Electronics,2,257.28,0.105,user1143@example.com,555-932-4510,East
ORD-101711,CUST-598,2026-03-25 23:53:29.146027,2026-03-27 13:53:29.146027,Home & Garden,3,449.77,0.297,user265@example.com,555-760-4721,East
ORD-100182,CUST-1035,2026-09-25 23:53:29.146027,2026-09-27 18:53:29.146027,Groceries,2,160.1,0.244,user1152@example.com,555-515-9481,West
ORD-101462,CUST-1100,2026-05-19 23:53:29.146027,2026-05-21 16:53:29.146027,Sports,8,322.62,0.149,user293@example.com,555-233-6343,West
ORD-100049,CUST-1061,2026-01-16 23:53:29.146027,2026-01-18 22:53:29.146027,Apparel,6,186.69,0.027,,555-928-2178,South
ORD-104992,CUST-1145,2026-05-24 23:53:29.146027,2026-05-26 09:53:29.146027,Sports,1,149.62,0.278,user43@example.com,555-663-8245,East
ORD-104582,CUST-73,2026-05-31 23:53:29.146027,2026-06-02 00:53:29.146027,Electronics,2,384.66,0.261,user286@example.com,555-383-9729,
ORD-100106,CUST-300,2026-07-04 23:53:29.146027,2026-07-06 19:53:29.146027,Sports,3,376.83,0.169,user531@example.com,555-680-2391,East
ORD-100443,CUST-1199,2026-03-01 23:53:29.146027,2026-03-03 22:53:29.146027,Apparel,6,459.82,0.107,user251@example.com,555-887-5852,South
ORD-101954,CUST-616,2026-06-12 23:53:29.146027,2026-06-14 19:53:29.146027,Home & Garden,7,20.04,0.068,user587@example.com,555-393-6740,West
ORD-104742,CUST-181,2026-02-28 23:53:29.146027,2026-03-01 04:53:29.146027,Home & Garden,4,297.59,0.185,user1037@example.com,555-595-3055,South
ORD-100726,CUST-245,2026-08-17 23:53:29.146027,2026-08-19 07:53:29.146027,Sports,4,356.65,0.038,user494@example.com,555-591-7523,North
ORD-102238,CUST-601,2026-01-16 23:53:29.146027,2026-01-18 03:53:29.146027,Groceries,7,77.54,0.226,user1173@example.com,555-770-2303,West
ORD-102330,CUST-384,2026-03-24 23:53:29.146027,2026-03-25 16:53:29.146027,Toys,3,161.15,0.202,user1196@example.com,555-182-6205,South
ORD-104125,CUST-367,2026-01-30 23:53:29.146027,2026-01-31 02:53:29.146027,Electronics,2,19.4,0.217,user1109@example.com,555-294-8062,South
ORD-100169,CUST-644,2026-09-02 23:53:29.146027,2026-09-03 18:53:29.146027,Groceries,6,365.43,0.232,user802@example.com,555-305-6669,North
ORD-101001,CUST-702,2026-04-30 23:53:29.146027,2026-05-01 08:53:29.146027,Groceries,1,157.48,0.277,user212@example.com,555-779-6338,West
ORD-103252,CUST-728,2026-07-03 23:53:29.146027,2026-07-04 03:53:29.146027,Home & Garden,1,83.99,0.005,user465@example.com,555-324-1496,North
ORD-102148,CUST-814,2026-09-16 23:53:29.146027,2026-09-17 12:53:29.146027,Sports,4,250.06,0.263,user43@example.com,555-472-9803,East
ORD-100197,CUST-1123,2026-01-15 23:53:29.146027,2026-01-16 03:53:29.146027,Groceries,5,29.34,0.003,user129@example.com,555-506-3519,East
ORD-104591,CUST-339,2026-04-07 23:53:29.146027,2026-04-09 11:53:29.146027,Groceries,9,120.74,0.187,user88@example.com,555-563-7548,
ORD-103793,CUST-218,2026-07-11 23:53:29.146027,2026-07-13 21:53:29.146027, Sports ,6,111.15,0.022,user788@example.com,555-850-8650,South
ORD-100647,CUST-908,2026-08-17 23:53:29.146027,2026-08-19 06:53:29.146027,Groceries,9,193.96,0.103,user952@example.com,555-841-6587,South
ORD-103035,CUST-465,2026-08-28 23:53:29.146027,2026-08-29 10:53:29.146027,Groceries,3,36.71,0.149,user746@example.com,555-806-1574,East
ORD-104140,CUST-1049,2026-02-24 23:53:29.146027,2026-02-26 15:53:29.146027,Sports,5,60.83,0.048,user490@example.com,555-850-1917,South
ORD-103733,CUST-903,2026-07-18 23:53:29.146027,2026-07-20 11:53:29.146027,apparel,6,358.54,0.177,user653@example.com,555-181-3273,South
ORD-102758,CUST-34,2026-08-08 23:53:29.146027,2026-08-10 16:53:29.146027,Apparel,3,457.01,0.174,user395@example.com,555-604-6457,North
ORD-100373,CUST-311,2026-01-15 23:53:29.146027,2026-01-16 15:53:29.146027,Electronics,3,370.28,0.103,user123@example.com,555-579-4260,West
ORD-104774,CUST-141,2026-02-28 23:53:29.146027,2026-03-02 13:53:29.146027,Home & Garden,4,426.14,0.046,user1153@example.com,555-423-8273,West
ORD-100566,CUST-1002,2026-03-10 23:53:29.146027,2026-03-12 09:53:29.146027,Apparel,4,231.86,0.059,user142@example.com,555-555-1101,West
ORD-103720,CUST-1033,2026-01-07 23:53:29.146027,2026-01-08 00:53:29.146027,Electronics,8,368.8,0.151,user604@example.com,555-928-5358,West
ORD-102895,CUST-428,2026-09-24 23:53:29.146027,2026-09-25 23:53:29.146027,Apparel,8,463.5,0.255,user162@example.com,555-363-6626,South
ORD-104556,CUST-26,2026-05-31 23:53:29.146027,2026-06-02 06:53:29.146027,Apparel,6,396.09,0.032,user67@example.com,555-522-5890,North
ORD-103485,CUST-505,2026-03-23 23:53:29.146027,2026-03-24 20:53:29.146027,Electronics,7,374.79,0.033,user104@example.com,555-818-2452,South
ORD-101155,CUST-812,2026-06-18 23:53:29.146027,2026-06-19 04:53:29.146027,Toys,1,9.41,0.276,user1190@example.com,555-945-7854,North
ORD-104135,CUST-471,2026-07-24 23:53:29.146027,2026-07-25 16:53:29.146027,Groceries,5,122.11,0.042,user1079@example.com,555-518-9535,North
ORD-100973,CUST-377,2026-04-17 23:53:29.146027,2026-04-18 14:53:29.146027,Toys,9,191.59,0.164,user317@example.com,555-555-9763,East
ORD-103287,CUST-526,2026-06-01 23:53:29.146027,2026-06-02 02:53:29.146027,Home & Garden,1,259.3,0.092,user575@example.com,555-412-4886,South
ORD-103627,CUST-1169,2026-03-23 23:53:29.146027,2026-03-24 23:53:29.146027,Home & Garden,5,55.38,0.141,user519@example.com,555-643-6527,West
ORD-103638,CUST-406,2026-05-24 23:53:29.146027,2026-05-25 00:53:29.146027,Toys,9,267.4,0.164,user515@example.com,555-349-1781,North
ORD-101835,CUST-848,2026-09-27 23:53:29.146027,2026-09-28 11:53:29.146027,Apparel,5,411.23,0.243,user1059@example.com,555-441-4620,North
ORD-102308,CUST-288,2026-05-26 23:53:29.146027,2026-05-27 10:53:29.146027,Sports,1,330.65,0.036,user508@example.com,555-107-3455,North
ORD-101840,CUST-409,2026-09-29 23:53:29.146027,2026-09-30 04:53:29.146027,Groceries,7,298.32,0.112,user1153@example.com,555-358-9300,East
ORD-104923,CUST-546,2026-02-22 23:53:29.146027,2026-02-23 10:53:29.146027,Groceries,5,99.73,0.218,user223@example.com,555-643-4493,East
ORD-102044,CUST-130,2026-08-04 23:53:29.146027,2026-08-05 16:53:29.146027,Home & Garden,6,158.04,0.191,user91@example.com,555-841-5020,South
ORD-104405,CUST-296,2026-03-13 23:53:29.146027,2026-03-15 18:53:29.146027,Apparel,7,322.63,0.142,user650@example.com,555-299-4851,East
ORD-104372,CUST-142,2026-06-14 23:53:29.146027,2026-06-15 06:53:29.146027,Electronics,5,421.86,0.074,user1104@example.com,555-366-4085,West
ORD-104732,CUST-1069,2026-06-10 23:53:29.146027,2026-06-12 17:53:29.146027,Home & Garden,9,63.19,0.167,user422@example.com,555-522-9230,East
ORD-104750,CUST-881,2026-04-29 23:53:29.146027,2026-04-30 06:53:29.146027,Sports,7,50.98,0.231,user103@example.com,555-501-6757,West
ORD-104718,CUST-182,2026-05-07 23:53:29.146027,2026-05-08 09:53:29.146027,Home & Garden,8,325.96,0.121,user53@example.com,555-566-5013,South
ORD-100844,CUST-843,2026-02-11 23:53:29.146027,2026-02-13 12:53:29.146027,Electronics,7,285.67,0.233,user360@example.com,555-931-6584,West
ORD-104489,CUST-103,2026-07-24 23:53:29.146027,2026-07-26 20:53:29.146027,Apparel,8,133.37,0.021,,555-457-3920,East
ORD-102155,CUST-309,2026-07-13 23:53:29.146027,2026-07-15 08:53:29.146027,Home & Garden,1,179.92,0.298,user777@example.com,555-516-1492,South
ORD-100349,CUST-103,2026-01-23 23:53:29.146027,2026-01-24 21:53:29.146027,Home & Garden,7,3675.5000000000005,0.264,user129@example.com,555-423-4367,North
ORD-100784,CUST-947,2026-07-15 23:53:29.146027,2026-07-16 05:53:29.146027,Apparel,7,292.63,0.131,user410@example.com,555-272-5564,East
ORD-100047,CUST-552,2026-01-18 23:53:29.146027,2026-01-19 19:53:29.146027,Groceries,5,472.37,0.096,user1129@example.com,555-746-4344,East
ORD-103651,CUST-1166,2026-09-27 23:53:29.146027,2026-09-28 18:53:29.146027,Groceries,6,274.72,0.176,user841@example.com,555-365-7870,North
ORD-104498,CUST-656,2026-07-14 23:53:29.146027,2026-07-16 02:53:29.146027,Home & Garden,6,250.69,0.292,user970@example.com,555-120-2626,West
ORD-104018,CUST-897,2026-02-21 23:53:29.146027,2026-02-22 10:53:29.146027,Sports,7,55.3,0.054,user740@example.com,555-761-9387,West
ORD-101439,CUST-571,2026-06-06 23:53:29.146027,2026-06-08 11:53:29.146027,Groceries,7,113.36,0.037,user368@example.com,555-232-2259,West
ORD-101865,CUST-1198,2026-09-17 23:53:29.146027,2026-09-18 19:53:29.146027,Sports,7,151.96,0.052,user56@example.com,555-179-2376,West
ORD-103195,CUST-1124,2026-06-06 23:53:29.146027,2026-06-07 16:53:29.146027,Electronics,1,203.53,0.238,user222@example.com,555-608-5391,North
ORD-100033,CUST-748,2026-10-02 23:53:29.146027,2026-10-03 20:53:29.146027,Electronics,9,231.88,0.054,user506@example.com,555-568-1337,East
ORD-100787,CUST-651,2026-07-24 23:53:29.146027,2026-07-25 20:53:29.146027,Home & Garden,9,368.19,0.189,user203@example.com,555-692-8928,North
ORD-104577,CUST-724,2026-05-20 23:53:29.146027,2026-05-21 10:53:29.146027,Sports,8,192.58,0.203,user417@example.com,555-799-9494,South
ORD-102627,CUST-32,2026-07-04 23:53:29.146027,2026-07-06 01:53:29.146027,Home & Garden,8,481.22,0.294,user416@example.com,555-348-9625,North
ORD-100931,CUST-779,2026-04-19 23:53:29.146027,2026-04-20 02:53:29.146027,Home & Garden,6,196.71,0.124,user1073@example.com,555-377-5883,
ORD-102404,CUST-49,2026-01-16 23:53:29.146027,2026-01-18 13:53:29.146027,Apparel,5,321.42,0.059,user1153@example.com,555-841-4050,South
ORD-101685,CUST-809,2026-06-12 23:53:29.146027,2026-06-13 04:53:29.146027,Electronics,1,337.28,0.033,user785@example.com,555-273-8640,West
ORD-101248,CUST-261,2026-07-19 23:53:29.146027,2026-07-21 16:53:29.146027,HOME & GARDEN,1,343.55,0.011,user429@example.com,555-945-7901,West
ORD-104855,CUST-1170,2026-03-19 23:53:29.146027,2026-03-20 20:53:29.146027,Apparel,8,44.23,0.079,,555-191-1390,South
ORD-100092,CUST-1017,2026-05-14 23:53:29.146027,2026-05-15 10:53:29.146027,Groceries,2,67.25,0.268,user859@example.com,555-938-7163,North
ORD-102851,CUST-297,2026-09-29 23:53:29.146027,2026-09-30 15:53:29.146027,Electronics,4,195.95,0.268,user960@example.com,555-900-2872,South
ORD-102793,CUST-203,2026-04-25 23:53:29.146027,2026-04-26 03:53:29.146027,Groceries,6,12.39,0.188,user910@example.com,555-577-7324,North
ORD-100764,CUST-278,2026-04-08 23:53:29.146027,2026-04-08 23:53:29.146027,Apparel,4,111.49,0.242,user463@example.com,555-208-7002,South
ORD-102988,CUST-1060,2026-02-16 23:53:29.146027,2026-02-18 22:53:29.146027,Groceries,9,155.94,0.119,user279@example.com,555-171-6236,East
ORD-102448,CUST-308,2026-03-02 23:53:29.146027,2026-03-03 23:53:29.146027,Sports,8,228.76,0.236,user352@example.com,555-181-8415,North
ORD-101728,CUST-185,2026-06-14 23:53:29.146027,2026-06-14 23:53:29.146027,Sports,8,438.59,0.245,user936@example.com,555-294-8831,East
ORD-100257,CUST-257,2026-02-24 23:53:29.146027,2026-02-25 01:53:29.146027,Home & Garden,1,127.47,0.204,user1109@example.com,555-378-7284,West
ORD-101219,CUST-548,2026-03-23 23:53:29.146027,2026-03-24 21:53:29.146027,Groceries,5,285.4,0.037,user848@example.com,555-802-1989,East
ORD-101161,CUST-288,2026-09-21 23:53:29.146027,2026-09-22 22:53:29.146027,Home & Garden,8,334.52,0.009,user326@example.com,555-895-8841,North
ORD-100772,CUST-429,2026-08-25 23:53:29.146027,2026-08-27 09:53:29.146027,Groceries,-5,273.62,0.055,user625@example.com,555-470-8392,North
ORD-100312,CUST-209,2026-03-28 23:53:29.146027,2026-03-29 00:53:29.146027,Sports,1,178.36,0.262,user274@example.com,555-250-8115,South
ORD-104386,CUST-644,2026-03-23 23:53:29.146027,2026-03-25 09:53:29.146027,Sports,4,467.22,0.226,user1019@example.com,555-730-5159,North
ORD-104032,CUST-211,2026-05-14 23:53:29.146027,2026-05-15 23:53:29.146027,Toys,5,376.58,0.218,user293@example.com,555-323-7486,East
ORD-104859,CUST-533,2026-05-26 23:53:29.146027,2026-05-28 01:53:29.146027,Electronics,1,337.48,0.256,user683@example.com,555-446-1750,South
ORD-102997,CUST-100,2026-05-16 23:53:29.146027,2026-05-17 16:53:29.146027,Sports,7,6.12,0.267,user885@example.com,555-468-9824,East
ORD-104279,CUST-326,2026-05-17 23:53:29.146027,2026-05-19 13:53:29.146027,Groceries,8,221.62,0.252,user481@example.com,555-889-4414,East
ORD-101176,CUST-741,2026-04-18 23:53:29.146027,2026-04-19 02:53:29.146027,Apparel,7,285.32,0.258,user509@example.com,555-408-3474,North
ORD-103896,CUST-152,2026-09-02 23:53:29.146027,2026-09-04 22:53:29.146027,Apparel,6,422.49,0.197,user548@example.com,555-984-2646,North
ORD-101349,CUST-11,2026-05-15 23:53:29.146027,2026-05-17 14:53:29.146027,Apparel,1,401.76,0.228,user1166@example.com,555-878-5399,North
ORD-103775,CUST-23,2026-04-14 23:53:29.146027,2026-04-15 12:53:29.146027,Electronics,8,102.63,0.021,user207@example.com,555-721-7360,North
ORD-103116,CUST-146,2026-06-30 23:53:29.146027,2026-07-01 15:53:29.146027,Apparel,2,92.69,0.125,,555-837-2354,West
ORD-103516,CUST-984,2026-03-19 23:53:29.146027,2026-03-21 13:53:29.146027,Toys,9,313.71,0.169,user488@example.com,555-417-8829,West
ORD-102298,CUST-635,2026-02-27 23:53:29.146027,2026-03-01 15:53:29.146027,Toys,4,126.54,0.254,user777@example.com,555-630-7009,East
ORD-102871,CUST-218,2026-08-10 23:53:29.146027,2026-08-12 22:53:29.146027,Apparel,2,174.97,0.245,user988@example.com,555-878-2174,East
ORD-100391,CUST-287,2026-07-09 23:53:29.146027,2026-07-11 08:53:29.146027,Apparel,4,91.38,0.237,user245@example.com,555-831-1808,South
ORD-101456,CUST-732,2026-07-16 23:53:29.146027,2026-07-17 15:53:29.146027,Electronics,6,315.45,0.021,user332@example.com,555-847-9005,South
ORD-101092,CUST-630,2026-03-06 23:53:29.146027,2026-03-07 17:53:29.146027,Electronics,9,42.08,0.227,user1058@example.com,555-532-9203,South
ORD-103239,CUST-1095,2026-07-18 23:53:29.146027,2026-07-20 11:53:29.146027,Home & Garden,5,296.82,0.262,user602@example.com,555-237-7288,North
ORD-103406,CUST-340,2026-05-16 23:53:29.146027,2026-05-17 07:53:29.146027,Toys,5,484.64,0.279,user1148@example.com,555-819-4192,West
ORD-102778,CUST-186,2026-04-29 23:53:29.146027,2026-05-01 16:53:29.146027,Sports,6,303.44,0.082,user1099@example.com,555-771-9615,West
ORD-104462,CUST-347,2026-08-23 23:53:29.146027,2026-08-24 13:53:29.146027,Electronics,1,205.52,0.092,user287@example.com,555-158-1323,East
ORD-104441,CUST-278,2026-08-31 23:53:29.146027,2026-09-02 21:53:29.146027,Electronics,4,455.23,0.121,user315@example.com,555-218-2909,East
ORD-103656,CUST-490,2026-04-22 23:53:29.146027,2026-04-24 06:53:29.146027,Toys,9,332.51,0.1,,555-152-5930,East
ORD-102583,CUST-303,2026-05-06 23:53:29.146027,2026-05-07 00:53:29.146027,Groceries,6,377.87,0.233,user203@example.com,555-720-9800,South
ORD-103257,CUST-908,2026-03-17 23:53:29.146027,2026-03-19 01:53:29.146027,Sports,2,42.97,0.189,user1183@example.com,555-852-2673,East
ORD-101372,CUST-997,2026-03-26 23:53:29.146027,2026-03-28 07:53:29.146027,Apparel,8,171.51,0.271,user318@example.com,555-676-1548,East
ORD-100919,CUST-1079,2026-04-19 23:53:29.146027,2026-04-20 21:53:29.146027,Toys,3,469.47,0.154,user537@example.com,555-381-9212,South
ORD-104307,CUST-406,2026-08-21 23:53:29.146027,2026-08-22 03:53:29.146027,Apparel,5,189.16,0.246,user162@example.com,555-717-7421,North
ORD-102550,CUST-520,2026-05-16 23:53:29.146027,2026-05-18 00:53:29.146027,Electronics,2,434.71,0.169,user1161@example.com,555-730-6245,South
ORD-100537,CUST-853,2026-03-30 23:53:29.146027,2026-04-01 00:53:29.146027,Home & Garden,5,26.97,0.089,user1159@example.com,555-112-9798,South
ORD-101220,CUST-199,2026-05-01 23:53:29.146027,2026-05-02 18:53:29.146027,Electronics,2,230.77,0.194,user819@example.com,555-965-4797,West
ORD-104271,CUST-312,2026-06-26 23:53:29.146027,2026-06-27 16:53:29.146027,Home & Garden,1,334.59,0.281,user987@example.com,555-982-4384,East
